customer_id,tenure_months,monthly_charges,total_charges,support_calls_6m,late_payments_12m,extra_services,contract,internet_service,payment_method,paperless_billing,senior_citizen,has_dependents,churned
C000001,19,62.45,1236.81,1,0,1,Month-to-month,Fibre optic,Electronic cheque,False,False,True,0
C000002,26,20.26,524.6,2,0,1,One year,None,Credit card,True,False,True,0
C000003,17,50.84,870.32,3,1,1,Two year,DSL,Electronic cheque,True,True,True,1
C000004,15,60.24,926.49,1,1,5,Two year,DSL,,False,False,False,0
C000005,28,102.32,2849.4,2,0,0,Month-to-month,Fibre optic,Post,False,False,False,0
C000006,16,15.0,239.11,0,1,0,One year,None,Post,True,False,True,0
C000007,21,116.06,2427.59,1,0,1,Month-to-month,Fibre optic,Credit card,True,False,False,0
C000008,20,50.14,1012.19,0,0,2,One year,DSL,Bank transfer,True,True,False,0
C000009,28,51.76,1554.3,2,0,5,Month-to-month,DSL,Electronic cheque,True,False,False,0
C000010,13,76.37,,1,1,5,One year,Fibre optic,Credit card,True,False,False,1
C000011,34,43.38,1519.85,0,2,1,Month-to-month,DSL,,True,False,True,0
C000012,11,100.01,1070.57,1,0,4,One year,Fibre optic,Credit card,False,False,False,1
C000013,22,72.67,1578.37,1,0,4,Month-to-month,DSL,Electronic cheque,True,False,False,1
C000014,20,95.56,1944.28,3,0,2,Month-to-month,Fibre optic,Electronic cheque,False,False,False,1
C000015,10,76.27,719.98,1,1,2,One year,Fibre optic,Electronic cheque,True,False,True,0
C000016,23,26.16,587.34,2,1,2,Month-to-month,None,Electronic cheque,True,False,False,1
C000017,14,58.07,842.23,2,1,4,One year,DSL,Credit card,True,False,True,0
C000018,7,91.56,661.17,1,0,2,One year,Fibre optic,Electronic cheque,True,False,False,0
C000019,25,102.73,2589.9,0,0,5,One year,Fibre optic,Bank transfer,True,False,False,1
C000020,5,62.08,316.99,1,0,4,One year,Fibre optic,Bank transfer,False,False,False,1
C000021,9,45.42,435.74,0,0,2,One year,DSL,Bank transfer,True,True,False,0
C000022,16,71.81,1140.26,0,0,1,Two year,DSL,Electronic cheque,False,False,False,1
C000023,28,102.84,3065.06,1,0,2,Month-to-month,Fibre optic,Post,True,False,False,0
C000024,24,61.64,1500.47,1,0,2,One year,Fibre optic,Electronic cheque,True,False,False,1
C000025,19,24.82,468.89,1,0,5,One year,None,Bank transfer,True,False,False,0
C000026,4,23.99,100.09,1,1,1,Month-to-month,None,Electronic cheque,False,False,True,0
C000027,10,56.66,553.46,2,0,0,Month-to-month,Fibre optic,Credit card,False,False,False,0
C000028,12,15.0,180.31,0,1,4,Month-to-month,None,Post,True,False,False,0
C000029,7,94.76,658.99,1,1,2,One year,Fibre optic,Electronic cheque,False,False,False,0
C000030,3,65.32,205.27,1,0,5,Month-to-month,DSL,Credit card,False,True,True,0
C000031,17,60.58,1018.2,1,0,3,One year,DSL,Credit card,False,False,False,1
C000032,25,35.68,885.38,0,0,0,One year,None,Electronic cheque,True,False,False,0
C000033,11,91.23,1001.64,2,0,2,One year,Fibre optic,Post,False,False,False,1
C000034,27,23.76,605.28,1,0,2,Month-to-month,None,Credit card,False,False,False,0
C000035,5,38.04,197.35,1,0,5,One year,DSL,Electronic cheque,False,False,False,0
C000036,7,69.11,483.32,0,0,3,One year,DSL,Electronic cheque,False,False,True,0
C000037,17,91.51,1536.42,1,0,1,Month-to-month,Fibre optic,Credit card,True,False,False,1
C000038,11,22.61,254.88,1,0,1,Month-to-month,None,Credit card,True,False,True,0
C000039,24,20.07,478.42,0,0,0,Month-to-month,None,Bank transfer,True,True,False,0
C000040,21,53.99,1146.05,1,0,1,Two year,DSL,,True,False,False,0
C000041,11,93.13,997.18,0,1,2,Month-to-month,Fibre optic,Credit card,True,False,True,1
C000042,5,94.47,463.09,0,0,0,Month-to-month,Fibre optic,Bank transfer,False,False,True,1
C000043,10,17.61,177.52,0,0,1,Month-to-month,None,Credit card,False,True,True,0
C000044,21,38.88,,0,0,2,Month-to-month,DSL,Credit card,False,False,True,0
C000045,24,57.61,1316.6,1,1,5,Month-to-month,Fibre optic,Electronic cheque,True,True,True,0
C000046,11,54.26,622.43,0,1,1,One year,DSL,Credit card,False,False,True,0
C000047,3,74.31,,2,0,3,Month-to-month,Fibre optic,Credit card,False,True,False,1
C000048,4,71.89,294.93,3,0,0,Two year,DSL,Bank transfer,False,False,False,1
C000049,20,25.43,505.65,0,0,2,Month-to-month,None,Electronic cheque,False,False,True,0
C000050,11,82.98,943.34,1,1,3,Month-to-month,DSL,Post,True,False,True,0
C000051,11,95.95,1057.02,1,0,1,One year,Fibre optic,Electronic cheque,True,False,False,1
C000052,7,88.7,618.9,1,0,3,One year,Fibre optic,Electronic cheque,False,False,False,1
C000053,6,63.96,389.21,1,2,1,Two year,DSL,Credit card,False,False,False,1
C000054,27,42.73,1155.08,2,0,5,Month-to-month,DSL,Electronic cheque,False,False,False,0
C000055,21,93.47,1976.05,1,0,0,Month-to-month,Fibre optic,Electronic cheque,True,False,False,1
C000056,9,106.19,953.11,4,0,2,One year,Fibre optic,Credit card,False,True,False,1
C000057,16,97.59,1602.89,1,0,3,Month-to-month,Fibre optic,Post,True,False,True,1
C000058,18,107.37,1894.58,1,2,2,Two year,Fibre optic,Bank transfer,True,False,False,0
C000059,42,48.41,2119.42,1,0,2,Month-to-month,DSL,Credit card,True,False,True,1
C000060,6,21.69,131.61,0,0,0,Month-to-month,None,Post,False,False,True,1
C000061,18,75.93,1411.98,2,0,1,One year,DSL,Electronic cheque,False,False,False,0
C000062,27,123.12,3256.82,2,0,4,One year,Fibre optic,Bank transfer,True,False,False,1
C000063,39,16.86,697.05,1,0,4,Two year,None,Credit card,True,False,False,0
C000064,9,15.0,137.52,0,0,0,Two year,None,Electronic cheque,True,True,False,0
C000065,11,64.42,750.07,0,2,1,Month-to-month,DSL,Electronic cheque,False,False,False,1
C000066,24,58.4,1387.64,1,1,5,One year,DSL,Post,True,False,False,1
C000067,4,67.73,262.48,1,2,4,Two year,Fibre optic,Electronic cheque,True,True,False,1
C000068,19,74.33,1407.1,1,1,1,Month-to-month,DSL,Electronic cheque,True,False,False,1
C000069,52,62.07,3307.0,0,0,3,Month-to-month,Fibre optic,Electronic cheque,True,False,True,0
C000070,20,108.27,2248.23,1,1,0,Two year,Fibre optic,Post,True,False,False,1
C000071,1,54.57,53.66,0,1,0,Month-to-month,DSL,Electronic cheque,True,False,False,0
C000072,7,86.26,623.88,2,1,3,Two year,Fibre optic,Bank transfer,True,False,True,1
C000073,9,64.02,582.86,1,0,2,Month-to-month,Fibre optic,Electronic cheque,True,False,False,1
C000074,31,71.16,2270.41,2,2,3,Two year,Fibre optic,Electronic cheque,False,False,True,0
C000075,13,45.03,566.06,1,2,4,One year,Fibre optic,Post,True,False,True,1
C000076,3,65.03,190.71,0,0,3,One year,DSL,Credit card,False,False,True,0
C000077,14,59.48,800.58,2,1,3,One year,Fibre optic,Bank transfer,True,False,False,1
C000078,17,60.85,1034.18,0,0,1,Month-to-month,Fibre optic,Electronic cheque,False,False,False,1
C000079,10,110.44,1137.53,0,0,4,One year,Fibre optic,Post,True,False,True,1
C000080,6,23.68,147.57,0,2,4,Two year,None,Bank transfer,False,False,False,0
C000081,56,15.0,823.34,1,1,2,Two year,None,Bank transfer,False,False,False,0
C000082,27,91.12,2493.24,2,0,0,Two year,Fibre optic,Credit card,True,False,False,0
C000083,29,17.35,509.74,0,1,4,One year,None,Bank transfer,False,False,True,1
C000084,13,62.32,768.08,0,0,5,One year,DSL,Electronic cheque,True,False,True,0
C000085,9,57.22,519.74,2,0,0,One year,Fibre optic,Bank transfer,True,False,True,1
C000086,10,98.2,927.97,0,1,2,One year,Fibre optic,Post,True,False,False,0
C000087,5,92.6,461.58,2,0,1,One year,Fibre optic,Bank transfer,True,True,False,0
C000088,42,106.09,4369.01,1,0,1,Month-to-month,Fibre optic,Bank transfer,False,False,False,0
C000089,14,51.2,729.58,1,0,1,Month-to-month,DSL,Credit card,True,True,True,0
C000090,36,28.32,1041.39,0,0,3,One year,None,Electronic cheque,True,True,False,0
C000091,11,19.91,228.07,0,2,2,Month-to-month,None,Post,True,True,False,1
C000092,21,25.67,540.26,1,0,2,Month-to-month,None,Electronic cheque,False,False,False,0
C000093,17,42.65,732.22,3,2,4,Month-to-month,Fibre optic,Post,False,False,False,0
C000094,4,23.29,90.8,1,1,0,Two year,None,Credit card,True,False,False,1
C000095,45,101.11,4467.26,3,2,1,Two year,Fibre optic,Bank transfer,True,True,False,1
C000096,11,82.68,895.23,2,0,1,One year,Fibre optic,Post,True,False,False,1
C000097,5,94.87,472.52,2,0,1,Two year,Fibre optic,Electronic cheque,False,False,True,0
C000098,24,32.72,833.14,0,0,4,Two year,None,Electronic cheque,False,False,False,0
C000099,15,85.19,1283.09,1,0,1,Month-to-month,Fibre optic,Credit card,True,False,False,0
C000100,19,87.45,1729.03,2,0,4,Month-to-month,Fibre optic,Bank transfer,False,False,True,1
C000101,16,16.1,262.22,2,0,1,Month-to-month,None,Credit card,True,False,True,0
C000102,2,48.61,99.59,0,2,2,Month-to-month,DSL,Credit card,True,False,False,1
C000103,7,98.91,696.33,2,1,5,One year,Fibre optic,Credit card,True,True,True,1
C000104,7,38.65,269.63,1,1,3,Month-to-month,DSL,Credit card,False,True,False,1
C000105,28,70.69,1989.56,2,1,0,Two year,Fibre optic,Electronic cheque,True,False,False,1
C000106,15,62.03,908.55,1,1,2,One year,DSL,Electronic cheque,True,False,False,1
C000107,21,65.53,1351.94,0,2,3,Month-to-month,DSL,Post,False,False,True,1
C000108,12,80.65,967.62,1,2,1,Two year,Fibre optic,Bank transfer,True,False,True,0
C000109,22,61.38,1354.73,3,0,1,Two year,DSL,Post,False,False,False,0
C000110,13,50.1,611.98,1,0,2,One year,DSL,Credit card,False,False,False,1
C000111,13,71.73,904.05,1,2,1,One year,Fibre optic,Electronic cheque,True,False,True,1
C000112,17,49.11,850.04,2,0,2,Two year,DSL,Bank transfer,True,False,True,0
C000113,16,55.93,914.89,1,0,1,One year,DSL,Bank transfer,True,False,False,0
C000114,67,48.71,,1,1,4,Two year,DSL,Electronic cheque,False,False,True,0
C000115,7,46.8,329.34,0,0,1,Month-to-month,DSL,Electronic cheque,True,False,True,0
C000116,4,38.38,169.3,1,1,0,One year,DSL,Credit card,True,False,True,0
C000117,19,16.78,329.73,3,0,5,Month-to-month,None,Post,False,False,False,0
C000118,8,54.74,422.55,1,0,1,Month-to-month,Fibre optic,Post,False,False,True,0
C000119,1,68.6,68.94,1,0,1,Month-to-month,Fibre optic,Credit card,True,False,False,1
C000120,6,83.47,503.93,3,1,3,Month-to-month,Fibre optic,Bank transfer,True,True,False,1
C000121,58,62.26,3589.4,1,0,4,Month-to-month,DSL,Credit card,True,False,True,0
C000122,7,60.44,435.77,1,0,1,Month-to-month,Fibre optic,Electronic cheque,True,False,False,1
C000123,2,16.9,,0,1,4,Month-to-month,None,Credit card,True,True,False,0
C000124,56,47.34,2608.29,0,1,2,Two year,DSL,Electronic cheque,True,False,False,0
C000125,6,64.09,391.88,1,0,0,One year,DSL,Post,True,False,False,0
C000126,72,114.89,8095.13,1,0,2,One year,Fibre optic,Post,True,False,True,0
C000127,11,58.98,646.53,0,1,5,Month-to-month,DSL,Credit card,False,False,False,0
C000128,45,56.04,2643.33,0,3,0,Two year,DSL,Post,True,True,False,0
C000129,12,114.17,1332.05,0,0,2,Month-to-month,Fibre optic,Credit card,True,False,False,1
C000130,21,75.58,1626.71,1,0,1,Month-to-month,Fibre optic,Electronic cheque,True,False,False,1
C000131,13,66.05,825.48,0,0,5,Month-to-month,DSL,Bank transfer,False,False,False,1
C000132,12,30.38,358.01,0,0,3,Two year,None,Credit card,True,False,True,0
C000133,18,62.73,1106.58,1,0,4,Two year,DSL,Electronic cheque,True,False,True,0
C000134,21,86.73,1773.85,0,1,4,One year,DSL,Electronic cheque,True,False,True,0
C000135,17,77.42,1260.55,1,0,3,One year,Fibre optic,Electronic cheque,True,False,False,0
C000136,16,82.12,1263.1,2,0,2,Month-to-month,Fibre optic,Electronic cheque,True,False,False,1
C000137,8,75.96,574.47,0,2,2,One year,Fibre optic,Credit card,True,False,False,1
C000138,14,104.29,1423.81,0,4,0,Month-to-month,Fibre optic,Post,False,False,False,1
C000139,42,62.36,2546.54,0,1,5,Month-to-month,Fibre optic,Electronic cheque,False,False,False,1
C000140,8,16.2,129.41,0,2,4,Two year,None,Post,False,False,False,0
C000141,18,86.61,1621.55,0,0,4,Two year,Fibre optic,Electronic cheque,True,False,False,1
C000142,34,82.76,2854.93,0,0,2,Month-to-month,Fibre optic,Credit card,True,False,False,1
C000143,21,102.43,2171.37,0,0,5,Month-to-month,Fibre optic,Electronic cheque,True,False,True,0
C000144,29,50.78,1441.23,0,2,2,Month-to-month,DSL,Bank transfer,True,False,False,0
C000145,5,95.22,482.62,0,0,0,Month-to-month,Fibre optic,Credit card,True,False,False,1
C000146,18,69.54,,0,0,5,Month-to-month,DSL,Electronic cheque,True,False,True,1
C000147,12,75.84,892.78,2,1,3,One year,Fibre optic,Bank transfer,True,False,False,1
C000148,12,60.74,751.92,2,0,2,Month-to-month,Fibre optic,Post,False,False,True,1
C000149,39,79.02,3048.87,1,1,1,Month-to-month,Fibre optic,Credit card,True,False,True,0
C000150,12,53.92,640.53,1,0,5,Month-to-month,DSL,Post,True,False,True,0
C000151,19,114.49,2198.2,2,0,3,One year,Fibre optic,Post,True,False,False,0
C000152,2,20.82,40.01,0,0,1,Month-to-month,None,Credit card,True,False,False,0
C000153,45,16.67,737.67,0,2,2,Month-to-month,None,Bank transfer,False,False,False,0
C000154,27,65.06,1748.15,2,0,4,One year,Fibre optic,Bank transfer,True,False,False,1
C000155,14,40.86,560.94,0,0,5,One year,DSL,Bank transfer,False,False,False,0
C000156,11,114.49,1277.24,1,0,2,Month-to-month,Fibre optic,Credit card,False,True,False,1
C000157,23,100.66,2258.24,1,1,3,One year,Fibre optic,Bank transfer,False,False,False,1
C000158,33,62.8,2034.33,1,0,5,Month-to-month,DSL,Credit card,False,True,True,0
C000159,46,19.49,920.32,1,0,2,One year,None,Electronic cheque,True,True,True,0
C000160,27,86.95,2344.73,3,0,4,Month-to-month,Fibre optic,Electronic cheque,False,True,False,0
C000161,16,74.61,1218.5,2,0,4,Two year,Fibre optic,Post,True,False,False,0
C000162,30,130.0,3962.66,0,0,1,Two year,Fibre optic,Bank transfer,False,True,False,0
C000163,26,66.19,1810.48,0,2,0,One year,DSL,Post,False,False,False,0
C000164,16,84.22,1327.59,0,0,2,Two year,Fibre optic,Electronic cheque,True,False,True,0
C000165,26,74.2,1854.36,2,1,3,Month-to-month,Fibre optic,Electronic cheque,True,False,True,1
C000166,25,52.17,1239.38,0,0,5,One year,DSL,Credit card,False,True,False,0
C000167,14,109.88,1509.29,0,2,2,Month-to-month,Fibre optic,Electronic cheque,True,False,True,0
C000168,10,87.07,897.74,2,0,3,Month-to-month,Fibre optic,Credit card,False,True,False,1
C000169,24,81.06,1981.7,1,0,2,Month-to-month,Fibre optic,Credit card,False,False,True,0
C000170,6,23.89,142.45,1,0,5,One year,None,Credit card,True,False,False,0
C000171,5,106.76,568.04,1,0,1,One year,Fibre optic,Bank transfer,True,False,False,1
C000172,19,82.41,1504.21,2,0,1,Two year,Fibre optic,Credit card,False,True,True,0
C000173,23,22.01,520.93,2,0,2,One year,None,Electronic cheque,False,False,False,0
C000174,19,42.9,801.23,2,0,4,Two year,Fibre optic,Credit card,False,True,False,0
C000175,20,82.71,1740.69,2,2,1,Two year,Fibre optic,Electronic cheque,True,False,True,0
C000176,23,16.52,375.28,1,1,0,Two year,None,Credit card,True,False,False,0
C000177,40,52.13,2152.14,1,1,3,Month-to-month,Fibre optic,,True,False,True,0
C000178,27,21.15,567.52,2,0,5,Month-to-month,None,Credit card,True,False,False,0
C000179,27,75.37,2188.83,2,1,5,One year,Fibre optic,Post,True,False,False,1
C000180,18,119.12,2158.5,1,0,3,Two year,Fibre optic,Bank transfer,False,False,False,0
C000181,18,41.36,744.51,3,1,3,Month-to-month,DSL,Bank transfer,False,True,True,0
C000182,13,69.16,908.09,1,2,0,Month-to-month,DSL,Credit card,False,False,False,1
C000183,20,109.65,2238.52,3,1,1,Month-to-month,Fibre optic,Post,True,False,False,1
C000184,6,61.65,387.7,0,0,1,Month-to-month,DSL,Electronic cheque,True,False,False,0
C000185,40,74.94,3129.98,1,0,5,Two year,Fibre optic,Credit card,True,False,True,0
C000186,7,58.72,386.55,0,0,2,Month-to-month,DSL,Bank transfer,True,True,False,1
C000187,27,47.7,1277.44,2,0,2,Month-to-month,DSL,Post,True,False,False,0
C000188,36,91.85,3244.29,1,0,3,One year,Fibre optic,Post,False,False,False,1
C000189,27,67.48,1863.54,0,2,4,Month-to-month,Fibre optic,Credit card,True,False,False,0
C000190,62,70.38,4287.5,1,0,4,Month-to-month,DSL,Bank transfer,True,False,False,0
C000191,2,74.78,158.54,0,1,3,One year,Fibre optic,Post,False,False,True,1
C000192,10,37.05,361.09,0,1,3,Month-to-month,DSL,Credit card,True,False,False,0
C000193,36,34.18,1175.83,1,0,3,Two year,DSL,Credit card,True,True,False,0
C000194,5,15.0,75.41,0,0,4,One year,None,Post,False,False,False,0
C000195,8,27.6,225.81,2,0,1,Two year,None,Electronic cheque,False,False,True,0
C000196,22,71.74,1531.22,3,1,4,Month-to-month,Fibre optic,Bank transfer,True,False,False,0
C000197,16,84.75,1407.56,0,1,4,One year,Fibre optic,Credit card,False,True,True,0
C000198,21,28.98,597.07,0,2,3,One year,None,Credit card,True,False,True,0
C000199,17,65.72,1105.5,1,3,3,One year,Fibre optic,Credit card,False,True,False,0
C000200,18,79.11,1428.92,0,1,1,Month-to-month,DSL,Electronic cheque,False,False,False,0
C000201,8,55.24,434.31,0,2,3,Month-to-month,DSL,Bank transfer,True,False,False,0
C000202,17,62.13,1118.29,0,1,3,Month-to-month,DSL,Credit card,False,False,True,0
C000203,11,89.34,944.25,1,0,0,Two year,Fibre optic,Electronic cheque,True,False,True,0
C000204,12,86.24,988.63,3,0,2,Two year,Fibre optic,Electronic cheque,False,False,True,1
C000205,27,87.08,2299.56,0,0,1,Month-to-month,DSL,Bank transfer,True,False,False,1
C000206,4,44.15,170.48,0,1,0,One year,DSL,Post,True,False,True,0
C000207,1,42.38,40.35,1,0,5,One year,DSL,Electronic cheque,True,False,False,0
C000208,26,100.45,2631.59,2,0,2,One year,Fibre optic,Post,False,False,True,1
C000209,17,15.88,260.39,0,0,1,Month-to-month,None,Credit card,True,True,False,0
C000210,36,71.92,,2,1,4,Two year,Fibre optic,Post,True,False,False,0
C000211,8,96.04,756.85,0,0,0,One year,Fibre optic,Bank transfer,False,False,False,1
C000212,14,57.3,835.09,0,0,2,One year,DSL,,False,False,False,0
C000213,16,93.25,1435.37,2,0,3,One year,Fibre optic,Electronic cheque,False,False,True,0
C000214,9,77.2,703.82,1,0,2,One year,Fibre optic,Credit card,False,True,False,0
C000215,7,56.65,,0,0,3,Month-to-month,DSL,Bank transfer,True,False,False,0
C000216,26,74.49,1896.95,2,0,1,Two year,Fibre optic,Electronic cheque,True,False,False,0
C000217,4,17.35,69.18,0,1,1,Month-to-month,None,Credit card,True,False,False,1
C000218,6,77.23,468.94,1,0,3,Two year,DSL,Electronic cheque,True,False,False,0
C000219,14,83.12,1110.46,2,0,0,Two year,Fibre optic,Credit card,True,False,False,1
C000220,29,30.07,876.42,1,2,1,One year,None,Credit card,True,False,False,0
C000221,10,92.84,928.93,2,0,2,One year,Fibre optic,Bank transfer,False,False,True,0
C000222,9,86.03,793.1,1,1,3,Month-to-month,Fibre optic,Post,False,False,False,0
C000223,13,46.18,608.09,0,0,4,Month-to-month,DSL,Credit card,True,False,False,1
C000224,20,34.63,726.74,0,0,0,One year,None,Credit card,False,False,True,0
C000225,11,60.7,689.91,0,0,0,Month-to-month,DSL,Electronic cheque,False,False,False,0
C000226,31,79.58,2450.37,1,1,2,Month-to-month,DSL,Electronic cheque,False,False,False,1
C000227,32,68.17,2273.13,0,1,5,Two year,DSL,Credit card,True,False,False,0
C000228,14,77.04,1085.09,0,0,4,Month-to-month,Fibre optic,Electronic cheque,False,False,False,0
C000229,51,91.76,4829.61,3,1,4,Month-to-month,Fibre optic,Bank transfer,True,False,False,1
C000230,16,22.45,358.47,1,1,0,Month-to-month,None,Electronic cheque,False,False,False,1
C000231,31,97.82,3067.25,0,0,2,One year,Fibre optic,Post,True,False,True,0
C000232,19,15.0,269.92,1,1,0,Month-to-month,None,Post,False,False,False,0
C000233,19,68.58,1311.17,0,1,4,One year,Fibre optic,Bank transfer,True,False,False,0
C000234,3,64.5,196.96,2,0,5,Month-to-month,Fibre optic,Electronic cheque,True,False,False,1
C000235,5,47.46,241.61,1,1,2,Month-to-month,DSL,Post,False,False,False,0
C000236,12,48.8,555.51,0,0,0,Month-to-month,DSL,Electronic cheque,False,False,False,1
C000237,32,111.98,3543.14,1,0,3,Month-to-month,Fibre optic,Post,True,False,True,0
C000238,19,73.42,1361.66,0,1,4,Two year,Fibre optic,Electronic cheque,True,True,False,1
C000239,12,40.66,487.26,1,2,0,Month-to-month,DSL,Post,False,False,True,0
C000240,23,91.58,1970.35,1,0,2,Month-to-month,Fibre optic,Bank transfer,False,False,False,0
C000241,31,64.94,1968.83,3,0,4,Month-to-month,Fibre optic,Bank transfer,True,False,False,1
C000242,15,99.67,1498.44,0,0,1,Month-to-month,Fibre optic,Electronic cheque,True,False,False,0
C000243,18,70.44,1250.17,4,3,2,Month-to-month,DSL,,True,False,False,1
C000244,16,62.33,1047.72,0,0,4,Month-to-month,DSL,Bank transfer,True,False,False,0
C000245,14,53.47,740.24,1,0,0,Two year,DSL,Electronic cheque,True,True,False,1
C000246,8,16.13,128.75,0,1,5,Month-to-month,None,Credit card,True,False,False,0
C000247,7,27.69,183.88,2,1,3,One year,None,Electronic cheque,True,True,True,0
C000248,23,84.12,1876.34,0,0,2,One year,DSL,Electronic cheque,False,False,False,0
C000249,31,58.2,1849.53,0,1,2,Month-to-month,DSL,Electronic cheque,False,False,False,0
C000250,12,130.0,1531.82,0,2,0,One year,Fibre optic,Credit card,False,True,False,1
C000251,12,55.04,658.11,2,0,3,Two year,DSL,Bank transfer,False,False,False,0
C000252,2,25.77,50.69,1,0,5,One year,None,Post,True,False,False,0
C000253,2,75.42,153.92,3,1,2,Two year,Fibre optic,Post,True,True,True,0
C000254,37,22.84,814.54,1,2,5,One year,None,Electronic cheque,True,False,False,0
C000255,8,47.9,376.36,3,0,3,Month-to-month,DSL,Post,False,False,False,1
C000256,64,18.17,1177.59,0,0,3,Two year,None,Bank transfer,True,False,False,0
C000257,9,99.43,885.9,1,0,3,Month-to-month,Fibre optic,Electronic cheque,False,False,True,1
C000258,3,99.66,281.53,2,0,1,One year,Fibre optic,Credit card,False,False,True,1
C000259,16,15.0,239.34,1,0,4,One year,None,Electronic cheque,False,False,False,0
C000260,26,59.08,1457.52,0,0,5,Two year,Fibre optic,Credit card,False,False,False,0
C000261,24,79.85,1912.26,2,1,4,Two year,DSL,Bank transfer,False,False,True,1
C000262,28,43.92,1260.4,2,0,2,Month-to-month,Fibre optic,Electronic cheque,False,True,False,0
C000263,6,19.26,113.42,1,0,4,One year,None,Electronic cheque,True,False,False,0
C000264,36,23.91,886.41,2,1,5,Month-to-month,None,Electronic cheque,False,False,False,0
C000265,38,64.43,2495.94,0,0,4,One year,Fibre optic,Post,False,False,False,0
C000266,39,62.25,2486.46,0,1,1,One year,Fibre optic,Post,False,False,True,0
C000267,18,59.89,1022.85,3,0,0,Month-to-month,DSL,Electronic cheque,False,False,True,0
C000268,11,47.05,512.84,1,0,5,Two year,DSL,Credit card,False,True,False,0
C000269,10,81.17,826.54,1,1,1,Month-to-month,Fibre optic,Post,False,True,False,1
C000270,3,78.39,231.1,1,0,4,Month-to-month,Fibre optic,Electronic cheque,True,False,False,1
C000271,10,69.13,653.7,0,1,0,Two year,DSL,Post,True,False,False,1
C000272,1,74.82,77.0,1,1,2,One year,Fibre optic,Credit card,True,False,False,0
C000273,3,76.2,234.6,0,2,1,One year,Fibre optic,Bank transfer,True,False,False,1
C000274,18,51.13,956.64,0,1,0,Month-to-month,Fibre optic,Electronic cheque,True,True,False,1
C000275,12,52.38,592.04,1,0,4,Month-to-month,DSL,Bank transfer,True,False,True,0
C000276,17,63.11,1064.89,0,0,2,Month-to-month,DSL,Post,True,False,False,0
C000277,25,81.8,2015.64,2,0,4,Month-to-month,Fibre optic,Electronic cheque,True,False,False,1
C000278,20,31.41,608.61,0,0,5,Month-to-month,None,Credit card,False,False,False,0
C000279,19,60.23,1148.6,0,1,1,Month-to-month,DSL,Bank transfer,False,False,False,0
C000280,14,17.06,240.76,0,1,4,One year,None,Credit card,False,False,False,0
C000281,8,93.98,744.47,3,1,3,Month-to-month,Fibre optic,Credit card,True,False,False,1
C000282,5,17.59,92.17,0,0,1,One year,None,Bank transfer,False,False,False,0
C000283,10,89.55,840.72,2,0,2,Two year,Fibre optic,Bank transfer,True,False,False,0
C000284,14,44.98,637.1,1,1,3,Month-to-month,Fibre optic,Electronic cheque,False,False,False,0
C000285,16,92.78,1424.27,1,1,5,One year,Fibre optic,Bank transfer,False,False,False,1
C000286,28,69.17,1940.95,2,0,5,Month-to-month,Fibre optic,Electronic cheque,False,False,True,1
C000287,13,68.46,900.69,1,1,2,Month-to-month,DSL,Electronic cheque,False,False,True,1
C000288,22,115.56,2640.26,1,0,2,One year,Fibre optic,Credit card,True,False,False,0
C000289,4,111.67,442.31,3,1,5,Month-to-month,Fibre optic,Post,False,True,False,1
C000290,18,68.71,1241.51,2,1,1,Month-to-month,Fibre optic,Credit card,True,False,False,1
C000291,17,15.0,,0,2,4,Two year,None,Electronic cheque,True,True,True,0
C000292,36,87.88,3269.6,0,2,5,Month-to-month,Fibre optic,Credit card,True,False,True,0
C000293,12,56.69,691.72,0,1,0,One year,DSL,Bank transfer,True,False,False,0
C000294,12,22.08,265.99,1,0,3,One year,None,Bank transfer,True,True,False,0
C000295,25,67.03,1682.48,3,0,0,Month-to-month,DSL,Credit card,False,False,False,0
C000296,5,27.52,134.77,0,0,3,One year,DSL,Credit card,True,False,False,1
C000297,18,17.02,301.9,0,0,2,Month-to-month,None,Bank transfer,False,False,False,0
C000298,5,15.51,75.79,1,0,5,Month-to-month,None,Credit card,True,False,True,0
C000299,48,106.67,4980.14,2,0,0,Two year,Fibre optic,Bank transfer,True,False,False,0
C000300,11,83.2,919.61,0,0,2,Month-to-month,Fibre optic,Post,True,False,True,0
C000301,4,84.35,351.55,4,0,3,One year,Fibre optic,Credit card,False,False,True,1
C000302,10,29.64,292.09,2,0,4,Month-to-month,None,Electronic cheque,False,True,False,0
C000303,18,32.83,,1,0,3,Month-to-month,None,Post,False,True,True,0
C000304,22,76.1,1664.46,2,0,5,One year,DSL,Post,False,False,False,0
C000305,35,22.16,770.8,0,1,1,One year,None,Electronic cheque,False,False,False,0
C000306,9,100.5,896.33,0,3,3,Month-to-month,Fibre optic,Credit card,False,False,False,0
C000307,26,52.62,1432.3,0,0,2,One year,DSL,,False,False,False,1
C000308,3,26.05,77.9,0,0,3,Month-to-month,DSL,Post,True,False,True,0
C000309,6,67.25,414.32,1,0,3,Month-to-month,DSL,Electronic cheque,False,False,False,1
C000310,4,17.57,70.16,1,0,2,One year,None,Electronic cheque,False,True,False,0
C000311,7,81.26,598.14,1,0,0,One year,Fibre optic,Bank transfer,True,False,False,1
C000312,25,93.01,2415.11,1,0,0,Month-to-month,Fibre optic,Electronic cheque,True,True,False,1
C000313,9,39.4,363.1,1,0,5,One year,DSL,Credit card,True,False,False,0
C000314,10,79.41,811.16,1,1,1,Month-to-month,Fibre optic,Bank transfer,False,False,False,0
C000315,18,64.62,1185.12,0,0,2,Two year,Fibre optic,Credit card,True,False,False,1
C000316,21,15.0,310.42,1,0,2,Two year,None,Credit card,True,False,False,1
C000317,11,118.19,,0,0,1,Month-to-month,Fibre optic,Electronic cheque,False,True,True,1
C000318,6,84.3,541.33,0,0,1,Month-to-month,Fibre optic,Credit card,True,False,True,1
C000319,43,85.91,3742.2,1,0,3,Two year,Fibre optic,Bank transfer,False,False,False,0
C000320,11,70.41,760.59,2,0,1,Two year,Fibre optic,Electronic cheque,False,False,False,1
C000321,12,19.88,228.09,1,1,5,Month-to-month,None,Credit card,True,False,False,0
C000322,13,57.93,742.19,2,1,5,Month-to-month,Fibre optic,Electronic cheque,True,False,False,1
C000323,23,18.1,401.86,2,1,1,Month-to-month,None,Credit card,False,False,False,1
C000324,3,75.38,228.63,0,1,3,Two year,DSL,Credit card,True,False,False,0
C000325,54,108.27,5606.75,2,2,5,Two year,Fibre optic,Post,False,False,False,0
C000326,11,19.3,,0,0,5,Two year,None,Electronic cheque,True,False,True,0
C000327,23,30.17,697.92,0,1,2,Month-to-month,None,,False,True,False,0
C000328,5,48.14,229.69,0,0,2,Two year,Fibre optic,Electronic cheque,False,True,True,0
C000329,17,68.98,1179.59,1,0,4,Month-to-month,Fibre optic,Post,True,False,False,1
C000330,48,23.76,1194.98,0,2,3,Month-to-month,None,Electronic cheque,False,False,True,0
C000331,44,44.33,1973.87,0,1,2,Month-to-month,DSL,Bank transfer,True,False,False,0
C000332,23,21.15,496.69,0,0,3,Month-to-month,None,Electronic cheque,True,False,False,1
C000333,7,56.53,402.76,0,0,0,One year,DSL,,True,False,False,0
C000334,34,59.76,1914.52,1,0,5,Month-to-month,DSL,Post,False,False,False,0
C000335,3,77.03,215.77,1,0,4,Month-to-month,Fibre optic,Electronic cheque,True,False,True,0
C000336,7,128.38,910.47,1,1,0,Two year,Fibre optic,Credit card,False,False,True,1
C000337,14,74.36,1062.19,0,0,0,Month-to-month,Fibre optic,Credit card,True,False,True,1
C000338,3,46.63,141.83,1,1,1,Month-to-month,DSL,Credit card,True,False,True,1
C000339,10,15.0,151.33,0,0,5,Month-to-month,None,Electronic cheque,True,False,False,0
C000340,26,73.85,1880.42,0,0,4,Month-to-month,Fibre optic,Credit card,True,True,True,1
C000341,8,25.78,208.67,1,1,5,Month-to-month,None,Credit card,True,False,False,0
C000342,27,59.85,1658.71,1,0,4,One year,DSL,Post,True,False,False,0
C000343,63,89.93,5582.73,1,0,4,Month-to-month,Fibre optic,Electronic cheque,True,False,True,0
C000344,20,61.73,1204.5,2,1,0,Month-to-month,DSL,Post,False,False,True,1
C000345,27,82.47,2135.4,3,1,0,Two year,Fibre optic,Post,False,False,False,1
C000346,35,55.51,1865.91,0,0,3,Month-to-month,DSL,Electronic cheque,True,False,False,0
C000347,10,42.16,416.12,1,2,2,One year,DSL,,False,True,False,0
C000348,26,95.56,2497.45,2,1,1,Month-to-month,Fibre optic,Bank transfer,True,False,False,1
C000349,10,56.4,587.63,0,1,2,Two year,Fibre optic,Electronic cheque,False,False,True,0
C000350,19,77.43,1444.72,0,0,5,Month-to-month,Fibre optic,Electronic cheque,True,False,False,0
C000351,29,56.75,1585.87,0,0,0,One year,Fibre optic,Credit card,False,False,True,0
C000352,7,98.72,696.42,2,1,4,One year,Fibre optic,Electronic cheque,True,False,False,1
C000353,1,84.61,83.23,0,0,3,One year,Fibre optic,Electronic cheque,True,False,False,1
C000354,7,85.07,617.45,1,0,3,Two year,Fibre optic,Electronic cheque,True,False,False,0
C000355,32,20.22,661.01,1,1,1,Month-to-month,None,Electronic cheque,True,False,True,0
C000356,6,25.36,154.76,2,1,3,Month-to-month,None,Electronic cheque,True,False,False,1
C000357,31,58.24,1729.69,0,0,3,Two year,DSL,Credit card,False,False,False,0
C000358,7,104.0,714.63,1,1,5,Two year,Fibre optic,Credit card,False,False,True,0
C000359,13,20.31,272.01,0,0,3,Month-to-month,None,Electronic cheque,True,False,False,0
C000360,15,25.97,386.79,1,1,0,One year,None,Credit card,True,False,True,0
C000361,6,81.65,457.24,0,0,4,One year,Fibre optic,Credit card,True,False,False,1
C000362,13,89.56,1222.41,1,0,3,One year,Fibre optic,Credit card,True,True,True,1
C000363,3,71.77,213.27,0,0,0,Two year,Fibre optic,Electronic cheque,True,True,True,0
C000364,11,20.6,228.7,0,0,0,Two year,None,Post,True,False,True,0
C000365,14,61.84,876.47,1,0,2,Month-to-month,Fibre optic,Bank transfer,False,True,True,0
C000366,1,64.24,63.99,0,0,5,One year,DSL,Electronic cheque,True,False,False,0
C000367,7,17.07,123.73,0,1,0,Month-to-month,None,Credit card,False,False,False,1
C000368,19,85.86,1623.09,3,0,2,Month-to-month,Fibre optic,Credit card,False,False,False,1
C000369,5,48.52,240.24,1,2,4,Two year,DSL,Bank transfer,False,False,True,0
C000370,21,25.41,572.86,0,0,1,One year,DSL,Credit card,False,False,True,0
C000371,22,79.24,1658.07,0,0,2,Month-to-month,Fibre optic,Credit card,False,False,True,1
C000372,18,99.2,1794.19,1,1,0,One year,Fibre optic,Credit card,True,False,False,0
C000373,26,85.64,2251.98,2,1,4,Month-to-month,Fibre optic,Bank transfer,False,False,False,1
C000374,3,78.34,239.32,1,0,0,Month-to-month,DSL,Electronic cheque,False,False,False,0
C000375,30,71.76,2278.75,0,0,4,One year,DSL,Electronic cheque,False,False,False,1
C000376,6,62.0,373.54,0,1,5,One year,Fibre optic,Credit card,True,False,False,1
C000377,16,60.15,930.5,0,0,1,Month-to-month,DSL,Bank transfer,True,False,False,1
C000378,47,72.74,3444.04,0,0,4,Month-to-month,Fibre optic,Electronic cheque,False,True,True,0
C000379,11,73.78,810.31,0,1,5,One year,Fibre optic,Post,True,False,False,0
C000380,15,46.8,726.73,0,0,5,Month-to-month,DSL,Electronic cheque,False,False,False,0
C000381,6,77.67,475.85,3,0,1,Two year,Fibre optic,Post,False,False,True,1
C000382,47,71.48,3338.85,0,1,2,Month-to-month,DSL,Bank transfer,True,False,False,0
C000383,7,106.02,731.77,2,0,5,Two year,Fibre optic,Credit card,False,False,False,0
C000384,24,67.48,1639.2,2,1,1,Month-to-month,Fibre optic,Electronic cheque,False,False,False,1
C000385,35,93.97,3316.29,1,0,3,Month-to-month,Fibre optic,Credit card,True,False,False,1
C000386,25,22.7,540.42,0,0,4,Month-to-month,None,Bank transfer,False,False,True,0
C000387,19,70.9,1290.22,0,0,3,One year,DSL,Post,False,False,True,0
C000388,16,23.48,380.99,1,2,4,Two year,None,,True,False,True,0
C000389,5,66.8,324.18,1,0,2,Month-to-month,DSL,Post,True,False,False,0
C000390,45,28.73,1239.02,0,1,5,Month-to-month,None,Post,False,False,False,0
C000391,18,43.01,781.55,1,0,0,Month-to-month,DSL,Bank transfer,False,False,False,0
C000392,15,101.92,1473.34,4,0,1,One year,Fibre optic,Post,False,False,False,1
C000393,6,45.59,271.27,0,0,2,Month-to-month,DSL,Electronic cheque,False,False,False,0
C000394,16,93.73,,2,0,3,Two year,Fibre optic,Electronic cheque,False,False,False,1
C000395,14,98.69,1333.49,1,2,4,Month-to-month,DSL,Bank transfer,True,False,True,0
C000396,47,87.81,4191.37,1,1,3,One year,DSL,Bank transfer,False,True,False,0
C000397,15,69.1,1061.27,0,2,2,Two year,DSL,Electronic cheque,True,False,False,0
C000398,16,48.73,755.64,0,2,4,Month-to-month,DSL,Bank transfer,False,False,False,0
C000399,6,130.0,815.21,0,0,2,Month-to-month,Fibre optic,Electronic cheque,True,False,False,0
C000400,8,89.42,698.43,2,0,5,Two year,Fibre optic,Post,True,False,False,1
C000401,22,78.96,1752.87,1,1,4,Month-to-month,DSL,Post,True,False,False,1
C000402,2,19.76,38.26,0,0,5,One year,None,Credit card,False,False,True,0
C000403,30,85.45,2499.89,0,0,5,Two year,Fibre optic,Electronic cheque,True,False,True,0
C000404,30,59.23,1853.39,0,0,4,Month-to-month,DSL,Bank transfer,False,False,True,0
C000405,7,51.06,375.69,3,0,2,Two year,Fibre optic,Credit card,False,False,True,0
C000406,19,56.15,1096.56,0,0,2,Month-to-month,Fibre optic,Credit card,True,False,False,0
C000407,35,92.74,3197.34,1,1,3,One year,Fibre optic,Electronic cheque,False,True,True,0
C000408,14,22.56,305.88,0,1,2,Month-to-month,None,Credit card,False,False,True,0
C000409,12,66.25,751.23,3,0,3,Month-to-month,Fibre optic,Bank transfer,True,False,False,1
C000410,13,28.2,368.58,0,1,4,Month-to-month,None,Credit card,True,False,True,1
C000411,18,65.02,1107.76,1,0,2,Month-to-month,Fibre optic,Bank transfer,False,False,False,1
C000412,9,17.02,151.44,1,0,2,Month-to-month,None,Bank transfer,True,False,False,0
C000413,11,77.53,864.92,2,0,3,Month-to-month,Fibre optic,Electronic cheque,True,False,True,1
C000414,18,86.93,1519.43,4,0,4,One year,Fibre optic,Electronic cheque,True,False,True,1
C000415,10,101.17,1008.26,1,1,0,Month-to-month,Fibre optic,Post,False,False,True,1
C000416,5,98.63,485.81,4,1,5,Month-to-month,Fibre optic,Bank transfer,False,False,True,1
C000417,2,50.26,101.9,2,0,5,Month-to-month,DSL,Bank transfer,True,False,True,0
C000418,15,51.9,777.71,2,1,3,Month-to-month,DSL,,False,False,True,1
C000419,34,54.5,1813.45,0,0,4,Month-to-month,DSL,Electronic cheque,True,False,True,1
C000420,20,55.35,1060.56,0,0,3,Month-to-month,DSL,Post,False,False,False,0
C000421,5,15.0,79.32,0,0,5,One year,None,Credit card,False,False,True,0
C000422,8,83.09,651.31,1,2,4,One year,Fibre optic,Post,True,False,True,0
C000423,12,55.37,646.02,1,0,4,One year,DSL,Bank transfer,False,False,False,0
C000424,48,91.3,4535.34,2,0,3,Month-to-month,Fibre optic,Post,True,False,False,0
C000425,50,87.86,4370.93,2,1,2,Two year,DSL,Credit card,True,False,False,0
C000426,46,28.25,1335.75,3,1,3,One year,None,Post,True,True,False,0
C000427,17,16.98,288.48,0,0,0,One year,None,,True,False,True,0
C000428,72,55.34,4011.97,0,3,4,Month-to-month,DSL,,True,False,False,0
C000429,8,84.96,689.16,1,0,1,Month-to-month,Fibre optic,Electronic cheque,False,False,True,1
C000430,11,15.0,164.69,0,0,0,Month-to-month,None,Bank transfer,True,False,False,0
C000431,28,97.14,2636.3,2,0,4,Month-to-month,Fibre optic,Electronic cheque,False,False,True,0
C000432,18,24.67,437.82,1,0,4,One year,None,Credit card,True,False,False,0
C000433,19,85.69,1521.61,0,1,4,Month-to-month,Fibre optic,Electronic cheque,True,False,False,1
C000434,6,39.5,241.61,1,0,1,Month-to-month,DSL,Electronic cheque,True,False,False,0
C000435,14,108.25,1480.82,0,0,4,Month-to-month,Fibre optic,Electronic cheque,False,False,False,0
C000436,8,86.77,668.03,1,2,4,Month-to-month,DSL,Electronic cheque,False,False,False,0
C000437,4,15.0,61.12,0,2,3,Month-to-month,None,Credit card,True,False,True,0
C000438,9,99.92,898.4,2,0,3,Month-to-month,Fibre optic,Electronic cheque,True,True,False,1
C000439,18,60.64,1128.2,0,0,0,Month-to-month,DSL,Electronic cheque,True,False,True,0
C000440,25,73.93,1729.83,2,1,2,Month-to-month,Fibre optic,Electronic cheque,False,False,False,1
C000441,2,88.06,174.17,2,0,4,One year,Fibre optic,Electronic cheque,True,False,False,1
C000442,15,33.08,487.16,1,0,2,Two year,None,Electronic cheque,False,False,False,0
C000443,14,55.22,790.94,3,0,5,Two year,Fibre optic,Credit card,False,False,True,0
C000444,18,70.22,1270.6,1,0,1,One year,Fibre optic,Credit card,True,False,True,1
C000445,5,71.16,372.97,1,0,1,Month-to-month,DSL,Electronic cheque,True,False,False,1
C000446,6,15.0,94.58,0,0,2,One year,None,Credit card,True,False,False,0
C000447,35,94.4,3371.89,1,1,3,Two year,Fibre optic,,False,False,False,0
C000448,7,66.07,466.37,1,0,0,Month-to-month,DSL,,True,False,False,1
C000449,11,117.57,1238.95,2,1,0,Month-to-month,Fibre optic,Post,True,False,True,1
C000450,12,84.59,1032.72,0,1,2,One year,Fibre optic,Post,False,False,False,1
C000451,8,87.78,746.89,2,1,1,Month-to-month,Fibre optic,Post,True,False,False,1
C000452,21,66.24,1445.39,0,0,2,One year,DSL,Credit card,False,False,False,0
C000453,20,90.76,1785.24,2,1,0,Month-to-month,Fibre optic,Credit card,True,False,False,1
C000454,13,30.61,394.51,1,0,1,Month-to-month,None,Post,False,False,False,0
C000455,9,46.34,439.41,0,0,1,One year,DSL,Electronic cheque,True,True,False,0
C000456,13,40.46,508.16,0,2,0,One year,DSL,Post,False,True,True,0
C000457,16,25.7,414.44,1,0,2,One year,None,Credit card,True,False,False,0
C000458,8,112.18,879.64,0,2,4,Two year,Fibre optic,Electronic cheque,True,False,False,1
C000459,22,85.48,1854.06,1,0,5,Two year,Fibre optic,Electronic cheque,True,False,False,0
C000460,30,19.61,595.41,0,0,4,Month-to-month,None,Electronic cheque,False,True,True,0
C000461,39,28.94,1148.59,0,0,4,Two year,DSL,Credit card,False,False,False,0
C000462,37,26.64,971.41,2,0,5,Month-to-month,None,Post,True,False,True,0
C000463,12,65.49,806.41,0,0,2,Month-to-month,Fibre optic,Credit card,False,False,False,0
C000464,16,71.05,1161.76,0,1,0,Two year,DSL,Electronic cheque,True,False,False,1
C000465,13,15.0,199.53,1,1,5,Month-to-month,None,Electronic cheque,True,False,True,0
C000466,13,91.19,1193.15,3,2,0,Two year,Fibre optic,Bank transfer,True,False,False,1
C000467,12,56.11,703.58,0,0,3,Month-to-month,DSL,Credit card,True,True,False,1
C000468,15,18.31,266.42,1,0,1,Month-to-month,None,Credit card,True,False,False,1
C000469,33,23.56,781.6,2,2,3,Month-to-month,None,Post,True,False,False,0
C000470,19,18.95,356.2,0,0,0,One year,None,Post,True,True,False,1
C000471,5,70.35,355.44,1,0,3,Two year,DSL,Credit card,True,False,False,0
C000472,29,40.66,1218.55,1,1,3,Month-to-month,DSL,Electronic cheque,True,False,False,0
C000473,18,73.04,1263.46,1,0,5,Month-to-month,Fibre optic,Credit card,True,False,False,1
C000474,21,31.41,659.73,0,1,4,Month-to-month,None,Electronic cheque,False,False,True,0
C000475,19,69.26,1294.38,0,2,3,Month-to-month,DSL,Credit card,True,False,False,1
C000476,19,70.66,1390.74,1,1,1,One year,Fibre optic,Credit card,True,False,True,0
C000477,20,50.56,1059.06,0,1,5,One year,DSL,Electronic cheque,True,False,True,0
C000478,3,76.52,221.64,1,1,4,Month-to-month,Fibre optic,Post,False,False,False,1
C000479,21,58.2,1244.24,1,0,2,Month-to-month,Fibre optic,Bank transfer,False,False,False,0
C000480,8,60.55,532.88,2,0,1,One year,DSL,Bank transfer,False,False,False,0
C000481,10,81.41,819.34,1,1,1,Month-to-month,Fibre optic,Electronic cheque,False,False,False,1
C000482,15,69.74,1045.25,1,1,4,Month-to-month,Fibre optic,Electronic cheque,True,True,False,1
C000483,43,79.58,3464.72,1,1,5,One year,Fibre optic,Post,True,False,False,0
C000484,6,15.0,92.48,1,0,1,Month-to-month,None,Credit card,False,False,False,0
C000485,15,72.14,1127.61,0,0,1,Month-to-month,DSL,Electronic cheque,True,False,False,1
C000486,12,61.33,770.67,0,0,2,Month-to-month,DSL,Post,False,False,True,1
C000487,29,103.49,2912.31,0,2,4,One year,Fibre optic,Credit card,False,False,True,0
C000488,12,105.35,1309.09,0,1,5,Month-to-month,Fibre optic,Bank transfer,True,False,False,0
C000489,18,77.72,1396.86,0,1,5,Two year,DSL,Post,True,False,False,0
C000490,6,22.18,132.39,2,1,4,Month-to-month,None,Credit card,False,False,False,0
C000491,32,69.53,2207.56,1,0,3,Month-to-month,DSL,Post,False,False,False,0
C000492,4,60.34,246.78,0,0,0,One year,DSL,Credit card,True,False,False,0
C000493,21,15.29,316.15,1,0,5,Month-to-month,None,Electronic cheque,True,False,False,0
C000494,18,15.0,281.04,1,0,2,Month-to-month,None,Post,False,False,False,0
C000495,20,76.67,1526.55,1,0,1,Month-to-month,Fibre optic,Credit card,True,False,False,1
C000496,4,67.49,276.56,0,0,1,One year,DSL,Credit card,True,True,False,1
C000497,12,72.51,884.89,5,0,2,Month-to-month,Fibre optic,Credit card,True,False,True,1
C000498,28,51.56,1400.28,2,0,2,Two year,DSL,Electronic cheque,False,False,False,0
C000499,47,98.95,4525.28,2,2,5,Month-to-month,Fibre optic,Credit card,True,False,False,1
C000500,14,92.75,1324.54,2,1,1,Month-to-month,Fibre optic,Electronic cheque,True,True,False,1
C000501,26,80.83,2015.51,0,0,2,Month-to-month,Fibre optic,Electronic cheque,True,False,False,0
C000502,17,78.74,1344.38,2,1,0,Month-to-month,Fibre optic,Credit card,True,False,False,0
C000503,14,88.15,1216.76,0,0,1,Two year,Fibre optic,,True,True,False,1
C000504,11,57.5,624.68,2,2,5,Month-to-month,DSL,Bank transfer,True,False,False,0
C000505,15,54.85,832.13,0,0,5,Two year,DSL,Credit card,True,False,False,0
C000506,24,21.58,538.44,0,2,5,Month-to-month,None,Bank transfer,True,True,False,0
C000507,26,40.34,1065.84,3,0,0,Month-to-month,DSL,Post,True,False,True,0
C000508,5,60.5,290.13,0,0,2,Month-to-month,DSL,Credit card,False,False,False,1
C000509,10,58.76,588.47,0,0,5,One year,DSL,Credit card,True,False,False,0
C000510,6,75.79,466.27,2,1,3,Month-to-month,Fibre optic,Electronic cheque,False,False,False,1
C000511,16,72.28,1145.13,1,1,2,One year,Fibre optic,Credit card,True,False,False,0
C000512,11,71.43,783.32,1,0,3,Two year,Fibre optic,Electronic cheque,False,False,False,0
C000513,19,120.99,2261.01,1,0,4,One year,Fibre optic,Credit card,True,False,False,0
C000514,20,86.23,1782.17,1,1,1,Month-to-month,Fibre optic,Credit card,False,False,False,1
C000515,1,61.41,59.55,0,1,4,One year,DSL,Post,False,True,False,1
C000516,15,27.59,408.7,1,1,4,Month-to-month,None,Bank transfer,True,False,True,1
C000517,33,17.56,561.16,0,1,2,Month-to-month,None,Credit card,True,True,False,0
C000518,10,84.2,861.95,1,1,1,Month-to-month,Fibre optic,Electronic cheque,False,False,False,0
C000519,10,76.03,736.78,0,0,4,Two year,Fibre optic,Credit card,False,True,False,0
C000520,30,87.4,2563.4,2,0,1,Month-to-month,Fibre optic,Electronic cheque,True,False,False,1
C000521,26,72.91,1877.59,1,0,3,One year,DSL,Electronic cheque,True,False,False,1
C000522,6,78.15,470.6,2,0,0,One year,DSL,Electronic cheque,False,False,False,1
C000523,25,21.06,520.36,0,1,5,Month-to-month,None,Bank transfer,False,False,True,0
C000524,8,63.61,508.94,0,0,0,Month-to-month,DSL,Bank transfer,True,False,False,1
C000525,10,56.49,532.34,0,0,5,One year,DSL,Credit card,True,False,True,1
C000526,6,73.35,449.06,2,1,3,Month-to-month,Fibre optic,Credit card,False,False,True,1
C000527,5,79.42,400.9,0,0,2,Month-to-month,Fibre optic,Electronic cheque,False,False,False,1
C000528,16,86.96,1394.16,1,0,5,Month-to-month,Fibre optic,Bank transfer,True,False,True,0
C000529,4,68.63,253.96,2,0,1,Two year,DSL,Electronic cheque,True,False,False,0
C000530,17,88.46,1505.23,2,0,0,Month-to-month,Fibre optic,Credit card,True,False,False,0
C000531,16,75.15,1177.61,1,0,4,Month-to-month,DSL,Credit card,False,False,True,1
C000532,13,26.23,334.39,0,1,0,Month-to-month,None,Electronic cheque,False,True,True,1
C000533,10,57.57,575.3,1,1,0,Month-to-month,DSL,Bank transfer,False,False,False,0
C000534,9,50.46,470.44,1,1,2,Two year,DSL,Bank transfer,True,True,True,0
C000535,6,74.45,471.35,1,1,4,Month-to-month,Fibre optic,Electronic cheque,True,False,False,1
C000536,39,49.31,1992.49,0,0,3,One year,DSL,Post,False,True,False,0
C000537,13,69.44,899.14,0,0,5,One year,Fibre optic,Credit card,False,False,False,1
C000538,12,62.68,788.7,0,0,2,Month-to-month,DSL,Electronic cheque,False,True,True,1
C000539,7,82.73,604.83,0,3,1,One year,Fibre optic,Electronic cheque,False,True,False,1
C000540,36,44.29,1597.93,0,3,0,Two year,DSL,Electronic cheque,False,False,True,0
C000541,9,75.38,640.71,0,0,0,One year,Fibre optic,Post,True,False,False,1
C000542,18,68.78,1206.41,1,0,5,One year,DSL,Electronic cheque,False,False,False,0
C000543,21,96.89,1901.86,1,0,1,Month-to-month,DSL,Post,False,False,False,1
C000544,16,62.24,981.81,2,0,3,Two year,DSL,Electronic cheque,True,False,False,0
C000545,4,18.15,72.76,2,0,3,Month-to-month,None,Bank transfer,True,False,False,0
C000546,24,92.3,2101.59,2,0,5,One year,Fibre optic,Bank transfer,True,False,False,0
C000547,9,67.21,621.07,0,1,2,Month-to-month,DSL,Electronic cheque,False,False,False,0
C000548,26,39.16,1023.78,0,1,3,One year,DSL,Credit card,True,False,False,0
C000549,14,73.35,970.46,0,0,1,Two year,DSL,Electronic cheque,False,False,True,0
C000550,22,61.83,1369.15,0,4,2,One year,DSL,Electronic cheque,False,False,True,0
C000551,35,89.48,2964.28,2,1,1,Month-to-month,Fibre optic,Electronic cheque,True,False,True,0
C000552,23,105.19,2570.56,4,0,2,One year,Fibre optic,Electronic cheque,True,False,False,1
C000553,22,15.0,317.31,0,0,1,Two year,None,Bank transfer,True,False,True,0
C000554,25,63.34,1538.69,0,1,3,One year,Fibre optic,Post,True,False,False,1
C000555,8,60.15,474.72,1,0,5,Two year,DSL,Credit card,False,False,False,0
C000556,27,55.8,1511.67,0,1,0,Two year,DSL,Electronic cheque,False,False,False,0
C000557,12,35.83,424.6,1,1,5,Two year,DSL,Credit card,True,False,False,0
C000558,12,54.77,626.08,2,0,1,Month-to-month,DSL,Bank transfer,True,False,False,0
C000559,16,88.02,1411.56,0,0,1,Month-to-month,Fibre optic,Electronic cheque,True,False,False,1
C000560,11,48.87,528.05,0,0,5,Two year,DSL,Bank transfer,False,False,False,1
C000561,6,64.06,377.34,0,1,0,Two year,DSL,Bank transfer,True,False,False,1
C000562,15,67.83,1065.9,3,0,5,Month-to-month,DSL,Credit card,True,False,False,0
C000563,12,51.67,612.38,1,1,3,Month-to-month,Fibre optic,Credit card,False,True,True,0
C000564,12,45.62,541.77,0,0,3,Month-to-month,DSL,Credit card,False,True,False,0
C000565,14,18.27,256.87,2,1,0,One year,None,Post,True,True,False,1
C000566,1,75.13,76.23,1,0,3,Two year,Fibre optic,Bank transfer,True,False,True,1
C000567,12,28.08,339.62,0,1,3,One year,DSL,Post,True,False,False,0
C000568,37,95.53,3282.84,2,0,4,Month-to-month,Fibre optic,Credit card,False,False,False,1
C000569,36,100.58,3586.63,0,0,5,Month-to-month,Fibre optic,Electronic cheque,True,False,False,1
C000570,15,70.7,1047.78,2,0,5,Two year,Fibre optic,Post,True,False,True,1
C000571,15,81.65,,1,0,4,Month-to-month,Fibre optic,Electronic cheque,True,False,False,1
C000572,1,41.11,39.52,0,1,0,Month-to-month,DSL,Electronic cheque,False,False,False,1
C000573,10,67.36,695.78,0,1,4,Month-to-month,DSL,Electronic cheque,True,False,False,1
C000574,25,58.34,1463.64,0,0,4,Two year,DSL,Post,True,False,False,0
C000575,11,94.31,1020.25,1,0,5,Month-to-month,Fibre optic,Bank transfer,True,False,True,1
C000576,30,104.35,3160.78,2,1,3,Month-to-month,Fibre optic,Electronic cheque,False,False,False,0
C000577,29,103.97,3124.3,1,0,2,Month-to-month,Fibre optic,Electronic cheque,False,False,False,1
C000578,9,26.26,239.96,0,0,0,Two year,None,Electronic cheque,True,True,False,0
C000579,16,130.0,2164.2,0,2,3,Month-to-month,Fibre optic,Bank transfer,True,False,False,1
C000580,39,19.47,765.18,1,0,5,Month-to-month,None,Electronic cheque,False,False,False,1
C000581,4,73.15,298.56,0,1,0,Month-to-month,Fibre optic,Credit card,False,False,False,0
C000582,11,87.28,953.37,2,0,4,Month-to-month,Fibre optic,Electronic cheque,False,True,True,1
C000583,3,49.26,153.09,2,0,3,Two year,Fibre optic,Bank transfer,True,False,True,1
C000584,7,53.98,,0,1,2,One year,DSL,Post,True,False,False,0
C000585,47,82.14,3882.37,0,1,2,Month-to-month,DSL,Bank transfer,True,False,False,0
C000586,11,130.0,1374.83,1,0,0,Two year,Fibre optic,Post,True,True,True,0
C000587,2,59.89,120.22,1,0,1,Month-to-month,DSL,Electronic cheque,False,False,True,1
C000588,6,61.64,368.82,1,1,3,Two year,DSL,Post,False,False,False,0
C000589,3,95.9,293.51,2,1,3,Month-to-month,Fibre optic,Bank transfer,True,False,False,1
C000590,17,120.63,2028.95,1,0,5,Month-to-month,Fibre optic,Post,True,False,True,1
C000591,20,64.44,1292.79,0,1,5,Two year,DSL,Electronic cheque,True,False,False,0
C000592,27,64.55,1774.15,2,1,5,Two year,DSL,Bank transfer,False,False,True,0
C000593,24,17.38,408.92,0,0,1,One year,None,Post,True,True,True,0
C000594,4,21.19,85.57,1,0,5,One year,None,Credit card,True,False,False,0
C000595,20,79.33,1597.8,0,1,2,Two year,Fibre optic,Bank transfer,False,False,True,0
C000596,13,68.05,825.83,1,1,1,One year,DSL,,True,False,False,0
C000597,30,92.55,2764.83,1,0,0,Month-to-month,Fibre optic,Electronic cheque,True,False,False,1
C000598,26,40.39,1003.71,1,0,4,Month-to-month,DSL,Electronic cheque,False,False,False,0
C000599,51,87.55,4650.51,1,0,3,One year,Fibre optic,Credit card,False,True,True,0
C000600,7,96.95,666.39,0,0,4,One year,Fibre optic,Electronic cheque,False,False,False,0
C000601,6,111.69,660.9,0,0,0,Two year,Fibre optic,Post,False,False,False,0
C000602,10,97.25,995.75,2,0,4,Month-to-month,Fibre optic,Credit card,False,False,False,1
C000603,14,15.13,196.59,0,0,3,Month-to-month,None,Post,False,False,False,0
C000604,8,74.1,571.83,0,0,2,Month-to-month,Fibre optic,Bank transfer,False,False,False,0
C000605,7,92.1,669.36,1,0,3,Two year,Fibre optic,Electronic cheque,False,True,True,1
C000606,19,44.87,850.89,0,0,3,Month-to-month,Fibre optic,Electronic cheque,True,False,False,1
C000607,10,82.95,792.64,5,2,4,Two year,Fibre optic,Electronic cheque,True,True,True,1
C000608,8,29.23,228.37,0,0,4,Month-to-month,None,Bank transfer,True,False,True,1
C000609,4,93.59,359.17,0,1,0,Month-to-month,Fibre optic,Electronic cheque,True,False,False,1
C000610,1,28.45,27.87,0,0,0,Two year,None,Bank transfer,True,False,True,0
C000611,36,77.98,2774.29,2,2,2,Month-to-month,Fibre optic,Bank transfer,True,False,True,1
C000612,36,68.8,2606.32,0,0,3,Two year,DSL,Electronic cheque,False,False,True,0
C000613,26,16.5,414.86,1,0,5,Month-to-month,DSL,Electronic cheque,False,False,False,0
C000614,22,71.68,1510.72,3,0,4,Month-to-month,DSL,Electronic cheque,True,False,False,1
C000615,9,15.24,135.92,1,3,3,One year,None,Bank transfer,True,True,False,0
C000616,23,68.15,1568.46,1,0,2,Two year,DSL,Post,False,False,False,0
C000617,5,30.05,148.68,1,0,0,Month-to-month,DSL,Electronic cheque,True,False,False,1
C000618,16,37.35,596.32,0,0,5,Month-to-month,DSL,Electronic cheque,True,False,True,0
C000619,8,105.51,884.83,1,0,1,One year,Fibre optic,Bank transfer,False,True,True,0
C000620,23,15.0,333.43,1,2,4,Two year,None,Electronic cheque,True,False,False,0
C000621,41,18.4,749.67,0,1,2,Two year,None,Electronic cheque,False,True,False,0
C000622,6,91.53,572.33,0,0,5,Two year,DSL,Bank transfer,True,False,False,1
C000623,10,103.13,1084.57,1,0,0,Month-to-month,Fibre optic,Electronic cheque,True,False,False,1
C000624,16,43.5,703.06,0,0,4,One year,DSL,Credit card,False,False,False,0
C000625,2,21.05,39.81,1,1,1,Two year,None,Post,False,False,False,0
C000626,3,53.1,163.06,0,1,4,Two year,DSL,Post,True,False,True,0
C000627,40,23.95,982.31,2,1,2,Two year,None,Electronic cheque,True,False,True,0
C000628,19,19.17,368.13,0,0,5,Two year,None,Credit card,True,False,False,0
C000629,9,118.62,1054.1,0,0,5,Two year,Fibre optic,Electronic cheque,True,False,False,0
C000630,15,70.34,1032.44,0,1,1,Month-to-month,Fibre optic,Credit card,True,True,False,0
C000631,10,80.59,828.45,0,2,2,Month-to-month,DSL,Electronic cheque,True,False,False,1
C000632,16,51.13,828.47,1,1,5,Two year,DSL,Electronic cheque,False,False,True,0
C000633,10,84.24,870.47,0,0,1,Month-to-month,Fibre optic,Electronic cheque,False,False,False,0
C000634,14,66.48,923.52,2,0,1,Month-to-month,DSL,Bank transfer,False,False,False,1
C000635,24,99.92,2432.7,3,1,5,Month-to-month,Fibre optic,Bank transfer,True,False,False,1
C000636,23,85.21,1898.54,3,0,1,One year,Fibre optic,Bank transfer,False,True,False,1
C000637,39,22.55,920.62,0,1,2,Two year,None,Credit card,True,False,False,0
C000638,20,15.0,316.19,1,0,5,Two year,None,Credit card,False,False,False,0
C000639,15,66.34,994.63,0,0,1,Month-to-month,DSL,Post,False,False,False,0
C000640,43,57.19,2327.23,0,0,5,Month-to-month,DSL,Electronic cheque,True,False,True,0
C000641,13,67.22,906.04,3,0,5,Month-to-month,Fibre optic,Electronic cheque,False,False,True,1
C000642,1,34.49,36.64,0,3,1,Two year,DSL,Bank transfer,True,True,False,0
C000643,26,78.24,2014.01,1,2,4,Month-to-month,Fibre optic,Electronic cheque,False,False,False,1
C000644,18,78.47,1397.91,1,0,2,One year,Fibre optic,Post,False,False,False,0
C000645,15,108.26,1607.35,2,0,3,One year,Fibre optic,Electronic cheque,True,False,False,1
C000646,27,89.45,2394.88,2,1,0,One year,Fibre optic,Electronic cheque,True,False,False,0
C000647,10,15.0,155.0,0,1,3,One year,None,Bank transfer,True,True,False,0
C000648,1,92.45,93.87,1,0,1,One year,Fibre optic,Credit card,True,False,True,1
C000649,27,32.33,844.91,1,0,4,One year,None,Electronic cheque,False,False,True,0
C000650,9,36.91,329.46,2,0,2,Month-to-month,None,Post,True,True,False,0
C000651,6,101.6,615.12,4,2,5,Month-to-month,Fibre optic,Electronic cheque,True,False,True,1
C000652,1,65.3,64.06,1,0,0,Month-to-month,DSL,Post,True,False,False,1
C000653,26,24.75,651.98,2,3,2,Month-to-month,None,Electronic cheque,True,False,False,0
C000654,1,64.11,64.35,0,1,0,One year,DSL,Electronic cheque,True,False,False,1
C000655,34,96.19,3380.04,0,0,0,Month-to-month,Fibre optic,Electronic cheque,True,False,False,0
C000656,11,44.66,502.36,0,1,2,Two year,Fibre optic,Credit card,False,False,False,1
C000657,26,66.66,1709.74,0,0,5,Month-to-month,DSL,Electronic cheque,True,False,False,0
C000658,20,87.96,1761.46,0,2,4,One year,DSL,Credit card,True,False,True,0
C000659,48,61.06,2863.52,0,0,4,Month-to-month,DSL,Electronic cheque,False,True,False,0
C000660,20,22.31,473.83,2,1,5,Month-to-month,None,Post,False,False,False,0
C000661,34,106.14,3682.33,4,0,1,Month-to-month,Fibre optic,Credit card,True,False,False,1
C000662,9,19.53,168.42,0,0,1,One year,None,Credit card,False,True,False,0
C000663,3,29.42,87.64,2,0,1,Month-to-month,None,Bank transfer,False,False,False,0
C000664,29,85.14,2348.63,0,0,5,One year,Fibre optic,Credit card,True,False,False,1
C000665,3,130.0,385.02,3,0,5,One year,Fibre optic,,True,False,False,1
C000666,25,106.2,2661.1,1,0,0,Two year,Fibre optic,Credit card,True,False,False,0
C000667,6,88.32,543.62,1,1,3,One year,DSL,Post,False,False,False,1
C000668,18,20.95,388.46,0,0,1,One year,None,Electronic cheque,False,True,True,0
C000669,49,24.78,1164.32,1,2,1,Two year,None,Electronic cheque,True,False,False,0
C000670,24,61.46,1482.81,1,1,3,Month-to-month,DSL,Post,True,True,True,0
C000671,13,15.0,196.88,0,2,0,One year,None,Credit card,True,False,True,0
C000672,21,73.82,1554.2,0,1,5,Month-to-month,DSL,Credit card,False,False,False,0
C000673,10,18.92,180.66,1,0,1,One year,None,Electronic cheque,True,False,True,0
C000674,61,85.04,5060.69,2,0,5,Month-to-month,Fibre optic,Electronic cheque,True,False,False,1
C000675,8,85.94,683.69,0,0,0,Month-to-month,DSL,Electronic cheque,False,True,True,1
C000676,14,16.91,242.24,2,2,4,One year,None,Post,False,False,False,1
C000677,23,57.44,1284.28,1,0,0,Month-to-month,Fibre optic,Electronic cheque,True,False,False,0
C000678,19,69.79,1303.87,0,1,2,Month-to-month,DSL,Credit card,False,True,False,0
C000679,21,57.39,1195.64,2,1,1,Month-to-month,Fibre optic,Bank transfer,True,False,False,0
C000680,10,116.93,1111.95,2,0,5,Two year,Fibre optic,Bank transfer,False,False,True,1
C000681,12,80.37,953.0,0,0,1,Month-to-month,Fibre optic,Credit card,True,False,False,1
C000682,28,47.87,1355.61,1,2,0,Month-to-month,Fibre optic,Post,True,True,False,1
C000683,27,71.25,1867.33,1,0,4,Two year,DSL,Bank transfer,False,False,False,0
C000684,20,78.56,1548.32,0,0,0,Two year,DSL,Post,False,False,True,0
C000685,36,88.17,3117.72,0,1,4,Month-to-month,Fibre optic,Electronic cheque,True,False,False,0
C000686,29,69.27,2047.18,0,0,4,Month-to-month,DSL,Electronic cheque,True,False,False,0
C000687,27,72.79,1867.18,1,0,4,Month-to-month,Fibre optic,Post,False,False,True,0
C000688,3,25.97,76.59,1,1,1,Two year,None,Credit card,False,False,True,0
C000689,20,20.4,426.59,1,0,4,Month-to-month,None,Bank transfer,False,False,False,0
C000690,17,62.33,1095.07,3,1,5,Month-to-month,Fibre optic,Bank transfer,False,False,True,1
C000691,39,83.78,3369.66,2,0,1,Month-to-month,Fibre optic,Electronic cheque,True,False,True,0
C000692,13,18.24,,2,0,3,One year,None,Electronic cheque,True,False,False,0
C000693,16,19.35,300.58,2,0,1,Month-to-month,None,Credit card,True,False,False,1
C000694,6,47.98,298.84,2,0,0,One year,DSL,Electronic cheque,True,False,False,0
C000695,7,66.94,439.07,0,0,0,Month-to-month,Fibre optic,Electronic cheque,False,False,False,1
C000696,40,47.56,1870.48,0,0,5,One year,DSL,Electronic cheque,True,False,True,0
C000697,21,37.72,806.93,3,0,4,Two year,DSL,Post,True,True,False,0
C000698,49,41.83,2061.35,1,1,1,Month-to-month,DSL,Electronic cheque,True,False,False,1
C000699,13,89.62,1172.75,3,1,1,Month-to-month,Fibre optic,Electronic cheque,True,True,False,1
C000700,4,93.33,362.44,4,2,1,Month-to-month,Fibre optic,Electronic cheque,True,True,False,1
C000701,12,18.14,199.19,0,0,1,One year,None,Credit card,True,False,False,0
C000702,10,112.97,1142.55,2,0,0,Month-to-month,Fibre optic,Post,True,True,False,1
C000703,25,86.09,2217.12,2,1,3,One year,Fibre optic,Bank transfer,False,False,True,0
C000704,24,52.38,1260.99,1,0,5,Month-to-month,DSL,Credit card,True,False,True,1
C000705,22,42.41,939.71,1,0,4,One year,DSL,Credit card,True,False,True,0
C000706,59,78.43,4677.67,1,0,4,One year,DSL,Post,False,False,False,0
C000707,35,15.8,538.85,2,0,5,Month-to-month,None,Electronic cheque,False,False,False,0
C000708,7,37.41,260.59,0,1,4,Month-to-month,DSL,Credit card,False,False,False,0
C000709,30,93.08,2692.06,0,0,1,One year,Fibre optic,Credit card,True,False,False,1
C000710,15,59.19,914.9,1,4,2,Month-to-month,DSL,Bank transfer,True,False,True,0
C000711,13,92.8,1122.06,2,0,1,One year,Fibre optic,Bank transfer,True,False,False,0
C000712,38,18.0,678.24,2,1,3,Two year,None,Bank transfer,True,False,False,0
C000713,7,27.69,203.86,1,0,5,Month-to-month,None,Credit card,False,False,False,0
C000714,28,72.49,2057.86,0,1,4,Month-to-month,DSL,Credit card,True,False,False,1
C000715,25,20.47,494.11,0,0,1,Month-to-month,None,Post,True,False,False,0
C000716,7,57.74,409.25,1,1,5,Month-to-month,DSL,Credit card,True,False,False,1
C000717,3,19.74,60.63,1,0,3,Two year,None,Post,True,False,True,0
C000718,14,48.39,680.64,1,1,3,Two year,DSL,Post,True,False,False,0
C000719,32,76.77,2498.12,2,1,1,Month-to-month,Fibre optic,Bank transfer,False,False,False,0
C000720,20,60.19,1159.07,1,0,1,Two year,Fibre optic,Credit card,True,True,False,0
C000721,39,21.89,835.75,0,1,4,Month-to-month,None,Electronic cheque,True,False,False,0
C000722,19,29.61,568.13,0,2,0,Two year,None,Post,False,False,False,0
C000723,40,37.03,1466.49,3,0,1,Two year,DSL,Electronic cheque,False,False,False,0
C000724,9,20.31,180.34,0,0,1,Month-to-month,None,Credit card,True,False,True,0
C000725,22,78.4,1671.85,0,2,5,One year,DSL,Bank transfer,True,False,False,0
C000726,11,48.7,558.05,2,1,0,One year,DSL,Electronic cheque,True,False,True,0
C000727,14,47.01,659.97,1,0,0,Month-to-month,DSL,Credit card,True,False,False,1
C000728,16,73.59,1211.73,2,0,0,Month-to-month,DSL,Bank transfer,True,False,False,1
C000729,20,63.65,1189.33,1,0,0,One year,DSL,Bank transfer,False,False,True,0
C000730,8,99.73,820.16,1,0,3,Month-to-month,Fibre optic,Electronic cheque,True,False,False,0
C000731,21,69.4,1407.58,2,0,5,Month-to-month,DSL,Credit card,True,False,False,1
C000732,15,75.71,1126.19,1,0,0,Month-to-month,Fibre optic,Electronic cheque,False,False,True,1
C000733,4,78.0,313.75,0,0,5,One year,DSL,Bank transfer,False,False,True,0
C000734,2,73.02,154.69,0,2,0,Month-to-month,Fibre optic,Electronic cheque,True,False,False,0
C000735,32,63.97,2158.36,1,0,1,Month-to-month,DSL,Post,True,False,True,0
C000736,13,73.37,951.76,1,1,0,Month-to-month,DSL,Post,True,False,False,1
C000737,4,108.09,437.81,2,0,5,Month-to-month,Fibre optic,Bank transfer,False,True,False,1
C000738,45,25.69,1135.16,2,0,3,One year,None,Electronic cheque,False,False,False,0
C000739,23,30.24,696.36,1,1,4,Month-to-month,None,Post,False,False,False,0
C000740,19,77.82,1477.62,0,0,0,One year,Fibre optic,Electronic cheque,True,True,False,0
C000741,7,17.43,123.19,1,2,3,Month-to-month,None,Post,True,False,False,0
C000742,4,92.93,365.47,1,0,3,One year,Fibre optic,Post,True,False,False,0
C000743,17,25.47,439.38,1,2,2,Month-to-month,None,Bank transfer,True,False,True,1
C000744,15,57.23,867.88,0,1,3,Two year,DSL,Bank transfer,True,False,False,0
C000745,6,37.67,,3,0,1,Month-to-month,DSL,Electronic cheque,True,False,False,1
C000746,5,88.79,442.51,1,0,1,Two year,DSL,Electronic cheque,False,False,False,0
C000747,5,21.63,106.43,1,1,4,Month-to-month,None,Bank transfer,False,True,False,0
C000748,5,81.04,429.97,0,1,5,Month-to-month,DSL,Post,True,False,False,1
C000749,9,53.34,498.49,0,0,4,One year,DSL,Credit card,True,False,False,0
C000750,19,104.92,2052.32,1,0,5,Month-to-month,Fibre optic,Post,False,True,False,1
C000751,22,30.32,657.09,0,1,2,Month-to-month,None,Bank transfer,False,False,False,0
C000752,15,60.3,954.53,1,2,5,Two year,Fibre optic,Electronic cheque,True,False,False,0
C000753,17,98.73,1661.12,1,0,5,One year,Fibre optic,Post,False,False,False,0
C000754,22,70.7,1522.28,0,0,5,One year,DSL,Electronic cheque,True,False,False,1
C000755,2,15.0,32.04,1,1,0,Two year,None,Bank transfer,False,False,True,0
C000756,18,51.24,940.8,0,0,0,Month-to-month,DSL,Bank transfer,True,False,True,1
C000757,36,73.61,2587.54,0,1,3,Month-to-month,DSL,Electronic cheque,False,False,False,0
C000758,13,96.5,1239.97,1,1,1,Two year,Fibre optic,Electronic cheque,True,False,False,0
C000759,31,79.84,2532.99,0,2,2,Month-to-month,DSL,Electronic cheque,True,False,False,0
C000760,13,102.6,1321.76,2,0,1,Month-to-month,Fibre optic,Electronic cheque,True,False,False,1
C000761,23,84.92,1947.97,0,0,1,Month-to-month,Fibre optic,Credit card,True,False,False,1
C000762,19,51.4,1025.88,1,1,1,Month-to-month,DSL,Bank transfer,True,False,True,1
C000763,5,68.06,333.56,0,0,5,Month-to-month,DSL,Electronic cheque,False,False,False,1
C000764,6,41.24,243.99,1,4,3,Month-to-month,DSL,Electronic cheque,True,False,False,1
C000765,40,42.04,1822.72,2,2,3,One year,DSL,Credit card,True,False,False,0
C000766,27,20.63,565.01,0,0,5,One year,None,Post,True,False,False,0
C000767,14,104.99,1492.16,1,0,5,Two year,Fibre optic,Electronic cheque,False,False,False,0
C000768,12,70.38,883.68,0,0,5,Month-to-month,DSL,Electronic cheque,True,False,False,0
C000769,7,69.44,494.53,1,2,5,Month-to-month,DSL,Electronic cheque,True,False,False,1
C000770,20,15.0,311.95,1,1,1,One year,None,Bank transfer,True,True,True,0
C000771,8,15.83,121.31,1,1,0,Month-to-month,None,Post,True,True,False,1
C000772,11,27.63,308.46,1,0,2,Month-to-month,None,Electronic cheque,False,False,True,0
C000773,9,51.6,462.19,0,0,2,One year,DSL,Electronic cheque,True,False,False,1
C000774,26,85.62,2260.82,2,0,4,One year,Fibre optic,Electronic cheque,False,False,False,1
C000775,13,50.83,617.28,0,0,0,Month-to-month,DSL,Electronic cheque,False,False,False,1
C000776,17,73.46,1195.36,1,1,4,One year,Fibre optic,Post,True,False,False,0
C000777,5,90.49,451.9,1,0,4,One year,Fibre optic,Credit card,False,False,False,0
C000778,9,64.74,595.84,0,0,5,Two year,Fibre optic,Post,True,False,False,0
C000779,17,79.64,1301.09,0,0,3,Month-to-month,DSL,Bank transfer,False,False,True,0
C000780,3,60.66,179.01,0,0,0,One year,Fibre optic,Credit card,True,False,True,0
C000781,13,56.47,742.11,1,0,4,One year,DSL,Post,True,False,True,0
C000782,15,16.94,253.4,1,2,0,Month-to-month,None,Electronic cheque,True,True,False,1
C000783,5,34.63,178.55,1,1,1,One year,DSL,Bank transfer,False,False,True,0
C000784,30,103.26,3204.3,2,0,4,One year,Fibre optic,Credit card,True,False,True,1
C000785,19,46.85,862.15,1,0,2,Month-to-month,DSL,Electronic cheque,False,False,False,1
C000786,13,111.5,1446.03,1,0,4,Month-to-month,Fibre optic,Credit card,False,False,False,1
C000787,8,70.11,552.15,2,1,4,Month-to-month,Fibre optic,Credit card,False,True,False,1
C000788,3,96.86,301.67,4,0,4,One year,Fibre optic,Electronic cheque,True,False,True,1
C000789,29,39.93,,1,0,2,Month-to-month,DSL,Credit card,False,False,True,0
C000790,10,56.22,546.53,1,0,5,Month-to-month,DSL,Bank transfer,True,True,True,0
C000791,4,48.99,204.09,0,1,1,Month-to-month,DSL,Electronic cheque,True,True,True,1
C000792,8,54.54,419.08,0,0,5,One year,Fibre optic,Electronic cheque,True,False,True,0
C000793,21,43.9,909.31,2,0,4,One year,DSL,Bank transfer,False,False,False,0
C000794,18,60.69,,3,0,3,Month-to-month,DSL,,True,False,False,1
C000795,6,47.92,283.67,0,1,5,Month-to-month,DSL,Bank transfer,False,False,True,0
C000796,32,57.91,1729.07,1,1,4,Month-to-month,DSL,Post,True,False,False,1
C000797,4,33.23,132.91,0,1,3,Month-to-month,DSL,Electronic cheque,False,False,False,0
C000798,37,72.52,2545.27,0,0,2,One year,Fibre optic,Electronic cheque,False,False,False,0
C000799,17,61.37,1028.23,1,1,5,Month-to-month,DSL,,True,False,False,1
C000800,11,24.89,283.29,3,2,5,One year,None,Bank transfer,True,False,False,0
C000801,12,72.01,868.32,3,2,5,One year,Fibre optic,Bank transfer,True,False,False,1
C000802,16,96.72,1651.2,1,0,4,Two year,Fibre optic,Credit card,True,False,False,1
C000803,22,25.58,581.01,1,1,4,Month-to-month,None,Electronic cheque,False,False,False,1
C000804,2,125.71,259.37,1,0,3,Month-to-month,Fibre optic,Post,False,False,False,1
C000805,8,94.25,741.59,1,0,5,Month-to-month,Fibre optic,Credit card,False,False,True,0
C000806,16,59.23,939.86,1,0,2,Two year,DSL,Post,False,False,False,0
C000807,33,96.22,3225.8,0,0,1,One year,Fibre optic,Bank transfer,False,False,False,0
C000808,32,57.65,1817.13,0,1,5,One year,DSL,Credit card,True,True,True,0
C000809,42,76.05,3195.52,0,0,2,One year,Fibre optic,Credit card,False,False,False,0
C000810,31,69.46,2226.38,1,0,4,Month-to-month,DSL,,False,False,True,1
C000811,7,79.24,557.06,1,1,2,One year,Fibre optic,Post,True,False,True,0
C000812,15,83.87,1203.4,0,1,3,Two year,Fibre optic,Credit card,False,False,True,0
C000813,31,67.84,2146.78,1,0,1,Month-to-month,DSL,Electronic cheque,False,True,False,1
C000814,29,65.09,1863.73,0,2,3,Two year,DSL,Post,False,False,True,0
C000815,13,26.34,337.02,1,0,3,Two year,None,Electronic cheque,False,False,False,0
C000816,22,59.64,1407.64,0,0,0,Two year,DSL,Credit card,True,False,False,0
C000817,10,56.15,564.04,0,0,1,Two year,DSL,Bank transfer,True,False,False,0
C000818,3,77.53,247.24,0,1,3,Month-to-month,DSL,Electronic cheque,True,True,True,0
C000819,14,29.83,408.26,2,3,5,One year,None,Post,True,False,False,1
C000820,13,69.85,889.88,0,0,1,Month-to-month,Fibre optic,Credit card,False,False,False,0
C000821,10,72.37,713.44,2,0,2,One year,Fibre optic,Post,True,True,False,0
C000822,22,28.51,625.38,0,0,1,Month-to-month,None,Post,True,False,False,0
C000823,12,75.28,895.26,4,2,3,Two year,Fibre optic,Electronic cheque,True,False,False,1
C000824,20,18.46,358.24,0,2,2,Month-to-month,None,Electronic cheque,True,False,False,0
C000825,26,50.76,1357.12,1,0,4,Month-to-month,Fibre optic,Post,False,False,False,0
C000826,63,29.87,1887.54,0,3,5,Month-to-month,None,Post,False,True,False,0
C000827,14,104.59,1501.44,4,0,3,One year,Fibre optic,Electronic cheque,True,False,False,1
C000828,34,59.17,2031.4,0,1,3,Month-to-month,DSL,Bank transfer,True,False,True,0
C000829,18,64.81,1256.18,0,1,4,Month-to-month,DSL,Electronic cheque,True,False,False,0
C000830,19,51.99,992.34,1,0,3,Month-to-month,DSL,Credit card,False,False,False,0
C000831,14,110.62,1594.47,2,1,5,Month-to-month,Fibre optic,Electronic cheque,True,False,False,1
C000832,17,15.61,275.73,0,0,3,Two year,None,Electronic cheque,True,False,False,0
C000833,13,98.09,1230.8,0,0,0,Month-to-month,Fibre optic,Credit card,True,False,False,1
C000834,30,71.57,2079.78,2,0,1,Month-to-month,Fibre optic,Bank transfer,False,False,False,0
C000835,8,99.86,775.17,2,0,2,Month-to-month,Fibre optic,Electronic cheque,True,False,False,1
C000836,3,15.0,44.51,0,0,1,Month-to-month,None,Electronic cheque,False,False,False,0
C000837,10,97.72,968.52,3,1,3,Month-to-month,Fibre optic,Post,True,False,False,1
C000838,9,58.0,525.84,1,0,5,Month-to-month,DSL,Bank transfer,False,False,True,1
C000839,10,54.53,571.54,1,0,3,Month-to-month,Fibre optic,Post,False,False,True,0
C000840,13,82.96,1027.07,0,1,2,Month-to-month,Fibre optic,Electronic cheque,True,False,False,1
C000841,10,58.35,556.63,0,0,2,Month-to-month,DSL,Bank transfer,False,False,False,1
C000842,13,61.34,783.76,1,2,3,One year,DSL,Credit card,True,False,False,0
C000843,10,70.54,684.93,0,0,4,Month-to-month,DSL,Bank transfer,True,False,False,0
C000844,20,25.47,486.48,0,0,1,One year,DSL,Electronic cheque,False,False,False,0
C000845,63,56.24,3507.95,1,1,2,One year,DSL,Post,False,True,False,0
C000846,17,28.48,487.62,1,1,3,Two year,None,Electronic cheque,False,True,False,0
C000847,10,57.1,569.81,0,0,5,Month-to-month,DSL,Credit card,True,False,False,0
C000848,1,25.09,24.67,0,1,5,One year,None,Credit card,False,False,True,1
C000849,50,46.38,2320.14,0,0,0,Two year,DSL,Credit card,True,True,True,0
C000850,18,15.0,256.06,1,1,4,Two year,None,Bank transfer,True,False,True,0
C000851,13,83.81,1112.7,0,0,0,Two year,Fibre optic,Bank transfer,True,False,True,0
C000852,1,24.34,24.34,0,0,4,Month-to-month,None,Electronic cheque,False,False,False,0
C000853,14,72.26,1022.77,2,2,3,Two year,Fibre optic,Electronic cheque,True,False,True,1
C000854,17,82.47,1405.26,3,1,5,Two year,Fibre optic,Credit card,True,False,True,0
C000855,10,87.79,835.78,1,1,1,Month-to-month,Fibre optic,Credit card,True,False,False,0
C000856,4,65.2,257.41,0,0,5,Month-to-month,Fibre optic,Electronic cheque,True,False,False,1
C000857,4,92.51,385.4,2,1,5,Two year,Fibre optic,Bank transfer,True,True,True,1
C000858,50,54.55,2777.31,0,2,4,Month-to-month,DSL,Bank transfer,False,False,True,0
C000859,16,52.31,832.03,0,0,2,One year,DSL,Credit card,True,False,False,0
C000860,10,26.24,268.93,0,2,4,Month-to-month,None,Post,False,False,False,0
C000861,15,74.54,1152.68,0,0,4,One year,DSL,Electronic cheque,True,False,True,0
C000862,15,102.21,1597.63,0,1,5,Month-to-month,Fibre optic,Bank transfer,True,False,True,1
C000863,4,48.93,200.47,1,0,1,One year,DSL,Electronic cheque,True,False,True,0
C000864,28,94.45,,1,0,1,Month-to-month,Fibre optic,Post,True,False,False,1
C000865,13,69.48,905.22,0,0,2,Two year,DSL,,False,True,False,0
C000866,16,67.93,1117.77,1,1,3,Month-to-month,Fibre optic,Credit card,True,False,False,1
C000867,40,28.81,1118.02,0,1,5,Month-to-month,None,Post,False,False,False,0
C000868,4,20.47,83.85,0,0,1,Month-to-month,None,Electronic cheque,True,False,False,0
C000869,8,42.49,342.1,0,0,1,Month-to-month,DSL,Electronic cheque,True,False,False,1
C000870,19,53.82,1041.67,2,0,1,Two year,DSL,Bank transfer,True,False,False,0
C000871,28,15.0,435.96,0,0,2,Month-to-month,None,Bank transfer,True,False,False,1
C000872,9,54.43,476.73,0,0,0,Month-to-month,DSL,Credit card,False,True,False,1
C000873,9,53.36,501.33,1,2,4,Two year,DSL,Electronic cheque,True,False,False,1
C000874,24,79.88,1956.85,0,0,3,Month-to-month,Fibre optic,Electronic cheque,False,False,False,0
C000875,60,71.53,4331.19,2,0,4,Month-to-month,Fibre optic,Electronic cheque,True,False,False,0
C000876,16,51.83,799.71,1,2,4,One year,DSL,Bank transfer,True,False,True,0
C000877,8,43.98,345.6,0,0,4,Month-to-month,DSL,Electronic cheque,False,False,False,1
C000878,6,15.0,92.57,1,0,2,Two year,None,Electronic cheque,True,False,True,0
C000879,13,21.8,283.52,0,2,2,One year,None,Post,True,True,False,0
C000880,27,97.49,2726.01,1,1,1,Month-to-month,Fibre optic,Credit card,True,False,False,0
C000881,72,98.79,7292.07,1,0,0,One year,Fibre optic,Credit card,False,True,False,0
C000882,12,28.53,334.84,2,1,3,Two year,None,Post,True,False,False,0
C000883,16,62.3,996.25,1,0,4,Month-to-month,Fibre optic,Bank transfer,True,False,False,0
C000884,45,80.84,3628.29,0,0,2,One year,Fibre optic,Electronic cheque,False,False,False,0
C000885,19,128.69,2511.97,3,0,2,Month-to-month,Fibre optic,Post,True,True,False,1
C000886,18,40.97,739.57,0,0,1,Month-to-month,DSL,Electronic cheque,True,False,False,0
C000887,39,15.0,584.35,0,2,0,One year,None,Electronic cheque,False,False,False,0
C000888,16,84.62,1372.93,2,1,0,Month-to-month,Fibre optic,Credit card,False,False,False,1
C000889,6,65.34,389.19,1,0,4,Month-to-month,DSL,Electronic cheque,True,True,False,1
C000890,34,94.24,3284.45,1,0,2,Month-to-month,Fibre optic,Post,True,False,True,1
C000891,3,15.0,45.26,1,0,0,One year,None,Credit card,True,False,False,0
C000892,30,85.26,2655.07,1,0,2,One year,DSL,Post,True,False,False,0
C000893,15,79.66,1223.98,0,1,1,Month-to-month,Fibre optic,Bank transfer,True,False,False,0
C000894,12,55.7,672.96,2,0,1,Month-to-month,DSL,Post,False,True,False,0
C000895,12,62.77,786.96,0,0,3,Two year,Fibre optic,Post,False,False,False,0
C000896,13,23.86,305.09,0,3,1,Month-to-month,None,Post,True,False,False,0
C000897,10,15.0,150.89,0,0,0,Month-to-month,None,Bank transfer,False,False,False,0
C000898,21,25.42,536.42,1,0,2,Month-to-month,None,Electronic cheque,True,False,True,0
C000899,11,79.26,883.36,1,0,0,One year,Fibre optic,Bank transfer,True,True,True,0
C000900,15,83.55,1233.8,1,2,1,Month-to-month,Fibre optic,Bank transfer,False,False,False,1
C000901,2,92.83,186.58,2,1,5,Two year,Fibre optic,Bank transfer,True,False,False,1
C000902,15,52.95,781.16,3,1,2,One year,DSL,Bank transfer,True,False,False,0
C000903,10,105.51,1011.18,1,0,0,Month-to-month,Fibre optic,Electronic cheque,True,False,True,1
C000904,29,95.76,2767.09,0,0,1,One year,Fibre optic,,True,False,False,0
C000905,12,81.56,987.45,1,0,1,Month-to-month,Fibre optic,Bank transfer,False,False,True,1
C000906,26,73.01,1841.3,3,0,3,Month-to-month,Fibre optic,Bank transfer,True,False,True,1
C000907,24,104.53,2484.18,2,0,1,One year,Fibre optic,Credit card,True,False,False,1
C000908,24,69.21,1689.18,2,1,5,Month-to-month,DSL,Credit card,False,False,False,0
C000909,13,67.83,900.17,0,1,2,Two year,DSL,Credit card,True,False,False,0
C000910,16,103.38,1692.98,1,0,3,One year,Fibre optic,Electronic cheque,False,True,True,0
C000911,20,49.94,969.17,2,0,4,Month-to-month,DSL,Post,True,True,False,0
C000912,16,20.01,341.99,0,0,5,Two year,None,Credit card,True,False,False,0
C000913,12,52.54,601.95,1,0,4,Month-to-month,DSL,Electronic cheque,False,False,False,1
C000914,7,15.0,104.46,2,0,5,Month-to-month,None,Post,False,False,True,1
C000915,15,65.47,914.46,0,2,2,Month-to-month,DSL,Credit card,True,False,False,1
C000916,3,21.86,63.65,3,0,2,Two year,None,Bank transfer,False,True,True,0
C000917,2,95.77,186.53,0,4,2,Month-to-month,Fibre optic,Credit card,True,False,False,1
C000918,5,21.8,113.16,1,1,0,Month-to-month,None,Electronic cheque,True,False,False,1
C000919,24,15.0,378.3,1,2,3,Month-to-month,None,Bank transfer,True,False,True,1
C000920,18,85.07,1542.27,2,0,2,Month-to-month,Fibre optic,Electronic cheque,True,False,False,1
C000921,24,72.57,1717.13,1,0,2,Month-to-month,DSL,Bank transfer,True,False,True,0
C000922,8,121.71,898.61,0,1,1,One year,Fibre optic,Electronic cheque,False,False,True,0
C000923,31,48.12,1455.86,0,0,5,Two year,DSL,Electronic cheque,True,False,False,0
C000924,4,25.94,98.08,1,0,0,One year,None,Electronic cheque,True,True,False,0
C000925,6,21.42,125.95,1,2,2,Month-to-month,None,Bank transfer,False,False,False,1
C000926,30,68.9,2047.17,0,1,0,Month-to-month,DSL,Post,True,False,False,0
C000927,17,76.52,1309.18,0,0,3,Month-to-month,Fibre optic,Electronic cheque,True,False,False,1
C000928,24,43.92,1048.06,1,0,4,Month-to-month,DSL,Electronic cheque,False,False,True,0
C000929,18,62.15,1103.37,1,2,1,One year,Fibre optic,Electronic cheque,True,True,False,1
C000930,9,69.04,612.02,0,0,4,Month-to-month,Fibre optic,Bank transfer,True,False,True,0
C000931,5,84.48,420.63,0,0,5,Two year,Fibre optic,Bank transfer,False,False,True,0
C000932,2,19.06,39.37,0,3,3,Month-to-month,None,Bank transfer,False,True,True,0
C000933,47,63.23,3032.53,1,1,0,One year,DSL,,True,False,False,0
C000934,3,82.23,241.78,0,0,2,Two year,Fibre optic,Bank transfer,False,False,False,0
C000935,38,64.58,2429.6,3,1,4,One year,Fibre optic,Post,False,True,True,0
C000936,16,72.48,1227.89,0,0,1,Two year,DSL,,True,False,True,0
C000937,18,61.16,1081.08,0,0,5,Two year,Fibre optic,Bank transfer,False,False,False,0
C000938,17,64.77,1122.62,0,0,2,One year,DSL,Electronic cheque,True,False,True,1
C000939,22,44.42,1006.16,2,0,3,Month-to-month,Fibre optic,Credit card,False,False,True,1
C000940,8,20.53,164.36,1,0,1,Month-to-month,None,Bank transfer,True,False,True,0
C000941,1,70.68,69.31,1,3,4,Two year,DSL,Post,True,False,False,0
C000942,9,48.03,407.96,1,1,5,Month-to-month,DSL,Post,True,True,True,1
C000943,21,117.58,2514.08,0,0,3,Two year,Fibre optic,Electronic cheque,True,False,False,1
C000944,6,53.71,324.47,0,0,4,Month-to-month,DSL,Electronic cheque,True,False,True,0
C000945,31,62.4,1892.38,2,0,1,One year,DSL,Bank transfer,False,False,False,0
C000946,14,93.78,1334.33,0,0,0,Month-to-month,Fibre optic,Electronic cheque,True,False,False,1
C000947,5,78.6,394.66,5,0,5,Two year,Fibre optic,Credit card,True,False,False,1
C000948,17,22.59,375.14,0,0,3,Month-to-month,None,Electronic cheque,False,False,False,0
C000949,21,68.54,1377.77,1,0,5,Month-to-month,Fibre optic,Credit card,False,False,False,1
C000950,22,69.43,1507.8,1,1,2,Two year,Fibre optic,Electronic cheque,True,False,False,1
C000951,30,70.82,2215.85,0,1,5,Month-to-month,Fibre optic,Electronic cheque,True,False,False,1
C000952,4,55.38,226.02,1,0,3,Month-to-month,DSL,Bank transfer,False,False,False,1
C000953,30,80.92,2455.67,1,0,2,Two year,Fibre optic,Bank transfer,True,False,False,0
C000954,32,66.13,2143.46,1,3,2,Two year,Fibre optic,Credit card,True,False,True,0
C000955,5,15.0,73.09,0,0,1,Month-to-month,None,Post,False,False,False,0
C000956,6,24.52,145.0,0,1,1,One year,DSL,Post,True,False,False,0
C000957,25,95.32,2387.7,2,0,1,Month-to-month,Fibre optic,Electronic cheque,False,False,False,1
C000958,11,76.33,838.11,1,0,2,Month-to-month,Fibre optic,Electronic cheque,True,False,False,1
C000959,36,63.2,2202.89,1,1,4,One year,DSL,Electronic cheque,False,False,False,0
C000960,42,18.72,759.96,0,0,5,Month-to-month,None,,True,False,True,0
C000961,5,34.51,172.13,0,0,5,Month-to-month,DSL,Credit card,False,False,False,0
C000962,7,25.69,177.17,0,0,4,Month-to-month,None,Electronic cheque,False,False,False,0
C000963,16,85.3,1353.44,1,0,0,Two year,Fibre optic,Post,True,False,False,0
C000964,1,61.08,60.72,1,0,0,One year,DSL,Credit card,True,True,False,0
C000965,2,65.05,135.56,2,1,5,Month-to-month,Fibre optic,Bank transfer,True,False,False,1
C000966,7,51.59,356.21,2,1,3,Two year,DSL,Bank transfer,False,False,False,1
C000967,52,75.1,3962.27,3,0,2,Two year,Fibre optic,Credit card,True,False,True,0
C000968,18,21.72,378.55,0,1,1,Month-to-month,None,Electronic cheque,False,False,False,0
C000969,9,79.84,748.4,0,1,5,Two year,Fibre optic,Post,True,False,False,1
C000970,6,74.6,471.2,1,1,4,Month-to-month,DSL,Bank transfer,True,True,True,1
C000971,5,69.72,344.51,2,0,3,Month-to-month,Fibre optic,Bank transfer,True,False,False,1
C000972,9,84.59,732.69,4,0,1,Month-to-month,Fibre optic,Credit card,True,True,True,1
C000973,9,108.68,927.4,1,0,4,Month-to-month,Fibre optic,Electronic cheque,True,False,False,1
C000974,12,82.33,993.4,3,1,5,One year,Fibre optic,Post,True,True,False,1
C000975,21,75.05,1561.87,2,0,5,One year,Fibre optic,Electronic cheque,True,True,False,0
C000976,14,69.45,1013.23,4,1,1,Two year,Fibre optic,Electronic cheque,True,False,True,0
C000977,26,84.66,2220.69,2,0,2,Month-to-month,Fibre optic,Electronic cheque,True,False,False,1
C000978,12,110.37,1297.42,2,1,4,Month-to-month,Fibre optic,Post,False,False,False,1
C000979,45,67.31,3111.78,1,0,1,Month-to-month,DSL,Electronic cheque,False,False,True,1
C000980,26,84.1,2049.5,5,0,0,Month-to-month,Fibre optic,Electronic cheque,True,False,True,1
C000981,18,54.15,973.91,0,0,1,Two year,Fibre optic,Post,False,True,False,0
C000982,21,21.12,444.62,2,0,2,One year,None,Electronic cheque,True,True,True,1
C000983,9,16.16,147.6,0,0,1,One year,None,Credit card,False,False,False,0
C000984,12,30.39,358.78,0,1,3,One year,None,Post,False,False,True,0
C000985,12,82.75,988.53,0,1,2,Month-to-month,DSL,Electronic cheque,True,True,False,1
C000986,8,90.23,710.6,2,1,2,Month-to-month,Fibre optic,Electronic cheque,True,True,True,1
C000987,4,15.0,60.91,0,0,5,Month-to-month,None,Credit card,False,False,False,0
C000988,22,53.9,1212.31,0,3,1,Two year,DSL,Post,False,False,True,0
C000989,29,93.23,2635.2,0,1,2,Month-to-month,DSL,Electronic cheque,True,False,False,1
C000990,20,53.49,1093.05,0,0,1,Month-to-month,DSL,Electronic cheque,False,True,False,0
C000991,14,74.2,1001.41,3,1,1,One year,Fibre optic,Electronic cheque,True,False,False,1
C000992,58,97.85,5632.59,0,0,5,Month-to-month,Fibre optic,Electronic cheque,False,True,False,0
C000993,9,46.39,428.68,1,2,3,Month-to-month,DSL,Post,False,False,False,1
C000994,18,79.79,1416.08,1,0,2,Month-to-month,Fibre optic,Electronic cheque,False,False,False,1
C000995,32,86.78,2736.65,2,0,1,Month-to-month,Fibre optic,Electronic cheque,False,True,False,1
C000996,5,33.65,169.23,1,1,3,Month-to-month,None,Post,False,False,False,0
C000997,24,86.56,1887.55,0,1,1,Two year,Fibre optic,Electronic cheque,True,False,False,0
C000998,47,15.0,690.08,1,0,5,One year,None,Bank transfer,True,False,False,0
C000999,15,91.76,1360.29,0,0,4,Month-to-month,Fibre optic,Bank transfer,True,True,False,1
C001000,17,21.72,366.76,1,0,1,One year,None,Electronic cheque,True,False,False,0
C001001,9,78.13,707.6,2,1,3,One year,Fibre optic,Bank transfer,True,False,False,0
C001002,21,20.91,438.56,0,0,3,One year,None,,False,False,True,0
C001003,8,20.71,171.75,0,1,3,Two year,None,Post,True,False,True,0
C001004,14,96.96,1428.64,0,1,4,Two year,Fibre optic,Electronic cheque,False,False,False,0
C001005,4,89.02,354.95,2,0,1,Month-to-month,Fibre optic,Credit card,False,False,False,1
C001006,1,76.85,75.33,2,0,3,Month-to-month,DSL,Post,False,False,True,1
C001007,10,35.94,372.86,0,0,1,Month-to-month,DSL,Electronic cheque,True,False,True,1
C001008,10,83.58,829.28,1,2,1,Month-to-month,DSL,Bank transfer,False,False,True,1
C001009,11,47.7,514.66,2,0,3,Two year,DSL,Credit card,True,False,False,0
C001010,25,93.64,2397.78,2,0,5,One year,Fibre optic,Electronic cheque,True,False,True,0
C001011,30,51.05,1532.28,0,0,2,Month-to-month,DSL,Electronic cheque,False,True,False,0
C001012,19,26.21,510.68,3,0,4,Two year,None,Electronic cheque,True,False,True,1
C001013,24,68.56,1610.44,2,0,5,One year,Fibre optic,Bank transfer,False,False,True,0
C001014,8,24.39,193.47,0,2,1,Month-to-month,None,Credit card,False,False,False,0
C001015,6,59.75,367.58,0,0,0,Two year,Fibre optic,Electronic cheque,True,False,False,1
C001016,22,55.86,1147.43,1,0,0,Month-to-month,DSL,Bank transfer,True,False,False,1
C001017,5,79.36,391.23,0,0,2,Month-to-month,DSL,Post,False,False,True,1
C001018,5,23.46,120.86,1,1,3,Month-to-month,None,Bank transfer,False,True,True,0
C001019,72,75.54,5398.03,0,0,4,Two year,DSL,Credit card,True,False,False,0
C001020,16,102.77,1697.2,1,1,5,Month-to-month,Fibre optic,Bank transfer,True,False,False,1
C001021,10,35.08,343.02,3,0,2,Month-to-month,DSL,Credit card,True,True,False,1
C001022,9,108.76,986.05,1,2,5,One year,Fibre optic,Credit card,False,False,False,1
C001023,4,67.4,267.21,0,1,3,Two year,DSL,Electronic cheque,False,False,False,0
C001024,18,79.56,1361.78,1,0,5,Month-to-month,Fibre optic,Post,True,False,False,0
C001025,12,42.03,499.33,1,1,5,Month-to-month,DSL,Credit card,True,False,False,1
C001026,29,31.74,907.67,2,0,2,Two year,None,Bank transfer,False,False,True,0
C001027,22,79.86,1723.01,0,1,5,One year,DSL,Bank transfer,True,False,True,0
C001028,11,44.24,473.8,0,0,3,Month-to-month,DSL,Bank transfer,True,False,True,1
C001029,2,67.59,140.87,0,0,4,Month-to-month,DSL,Bank transfer,False,True,True,0
C001030,16,19.13,299.83,0,2,3,Month-to-month,None,Credit card,False,False,True,0
C001031,15,50.83,769.94,2,0,0,One year,Fibre optic,Credit card,True,False,False,1
C001032,1,110.86,110.44,1,0,0,One year,Fibre optic,Bank transfer,False,False,True,0
C001033,20,94.61,1939.39,4,1,0,One year,Fibre optic,Post,True,False,False,1
C001034,5,20.34,106.99,2,1,2,Month-to-month,None,Bank transfer,True,False,False,1
C001035,30,63.77,2001.84,1,0,0,Two year,DSL,Electronic cheque,False,False,True,0
C001036,14,66.28,913.16,5,0,0,Month-to-month,Fibre optic,,True,False,False,1
C001037,9,20.84,190.72,0,0,3,Two year,None,Electronic cheque,False,False,False,1
C001038,17,48.87,860.23,1,1,5,Month-to-month,DSL,Bank transfer,True,False,False,0
C001039,17,63.04,1062.36,1,0,5,Month-to-month,DSL,Bank transfer,True,False,False,1
C001040,16,88.99,1467.05,1,2,4,Month-to-month,Fibre optic,Credit card,False,False,False,1
C001041,28,56.45,1582.08,1,0,3,Month-to-month,DSL,Electronic cheque,True,False,True,0
C001042,18,58.6,1014.24,1,1,0,Month-to-month,DSL,Post,True,False,False,0
C001043,8,82.29,697.56,1,0,3,One year,Fibre optic,Credit card,True,True,False,0
C001044,12,65.83,749.01,0,0,0,Two year,DSL,Electronic cheque,True,False,False,1
C001045,38,72.36,2636.26,0,0,5,Month-to-month,Fibre optic,Electronic cheque,True,False,False,0
C001046,8,94.72,747.06,0,1,4,Month-to-month,Fibre optic,Post,True,False,True,1
C001047,20,87.43,1796.76,3,2,1,Month-to-month,Fibre optic,Electronic cheque,True,False,False,1
C001048,28,82.6,2353.51,0,0,5,Two year,Fibre optic,Credit card,True,True,True,0
C001049,21,78.18,1735.08,2,0,3,Month-to-month,Fibre optic,Electronic cheque,True,False,False,1
C001050,16,78.82,1299.29,1,1,3,Month-to-month,Fibre optic,Post,True,False,False,1
C001051,18,18.16,328.56,0,0,0,Month-to-month,None,Post,True,False,False,0
C001052,22,79.73,1817.9,1,0,5,Month-to-month,Fibre optic,Electronic cheque,False,False,False,0
C001053,7,98.2,681.61,1,0,0,One year,Fibre optic,Bank transfer,False,False,False,1
C001054,15,17.68,266.16,1,2,2,Month-to-month,None,Credit card,True,False,False,1
C001055,58,113.23,6471.03,0,1,1,Month-to-month,Fibre optic,Credit card,False,False,False,0
C001056,20,67.6,1395.53,0,1,1,Two year,DSL,Post,False,False,True,0
C001057,16,68.47,1083.76,1,1,3,Month-to-month,DSL,Bank transfer,False,False,False,0
C001058,11,102.34,1080.98,2,0,5,One year,Fibre optic,Credit card,False,False,True,0
C001059,8,87.99,675.76,2,1,3,Month-to-month,Fibre optic,Electronic cheque,True,False,False,1
C001060,18,86.38,1502.66,2,1,0,Two year,Fibre optic,Bank transfer,False,False,False,0
C001061,19,71.88,1385.24,4,1,0,One year,Fibre optic,Post,False,False,False,1
C001062,14,66.54,926.86,1,1,1,Month-to-month,DSL,Electronic cheque,True,False,False,1
C001063,72,88.96,6408.85,3,0,1,Two year,Fibre optic,Bank transfer,True,False,True,0
C001064,8,84.19,681.33,1,0,2,Month-to-month,Fibre optic,Electronic cheque,True,False,False,1
C001065,6,22.47,136.86,1,0,1,Month-to-month,None,Electronic cheque,True,True,False,0
C001066,11,76.82,836.63,1,1,3,One year,Fibre optic,Bank transfer,True,False,True,0
C001067,14,77.91,1087.24,3,0,4,One year,Fibre optic,Post,True,False,False,1
C001068,7,55.03,379.83,2,1,1,Month-to-month,Fibre optic,Electronic cheque,True,False,False,1
C001069,18,96.58,1757.03,1,0,5,Month-to-month,Fibre optic,Electronic cheque,True,False,True,1
C001070,19,55.59,1052.68,0,1,1,Month-to-month,DSL,Electronic cheque,False,False,False,0
C001071,24,102.59,2396.43,1,0,0,One year,Fibre optic,Bank transfer,True,False,True,1
C001072,10,47.02,471.38,0,0,1,Two year,DSL,Electronic cheque,True,True,False,1
C001073,36,63.23,2321.77,1,1,2,Month-to-month,DSL,,True,False,True,0
C001074,23,99.96,2420.19,2,0,2,Two year,Fibre optic,Post,True,False,False,0
C001075,8,95.98,740.58,0,1,2,Month-to-month,Fibre optic,Post,True,False,True,0
C001076,7,98.75,664.38,2,0,5,One year,Fibre optic,Electronic cheque,False,False,True,1
C001077,12,51.84,595.23,3,2,2,Two year,Fibre optic,Bank transfer,False,False,False,1
C001078,19,21.52,401.01,0,1,5,One year,None,Electronic cheque,True,True,True,0
C001079,21,62.26,1299.74,1,0,4,Month-to-month,Fibre optic,Post,False,False,True,1
C001080,23,107.86,2446.64,2,0,3,Month-to-month,Fibre optic,Credit card,True,False,False,1
C001081,56,70.91,3798.6,4,1,3,Month-to-month,Fibre optic,Credit card,True,False,False,0
C001082,3,33.23,103.96,0,1,0,One year,None,Bank transfer,True,False,False,1
C001083,14,85.12,1124.85,2,0,1,Two year,Fibre optic,Bank transfer,True,False,False,0
C001084,53,62.61,3494.34,2,1,4,Month-to-month,Fibre optic,Bank transfer,True,True,False,1
C001085,25,91.85,2334.99,2,0,3,Month-to-month,Fibre optic,Bank transfer,True,False,False,0
C001086,6,63.79,399.12,0,0,1,Month-to-month,DSL,Credit card,True,False,True,1
C001087,17,63.81,1052.41,0,0,2,One year,Fibre optic,Electronic cheque,False,False,False,1
C001088,13,88.58,1139.11,1,1,0,One year,Fibre optic,Electronic cheque,True,False,False,1
C001089,13,79.73,1029.97,1,2,3,Month-to-month,DSL,Credit card,False,False,False,0
C001090,10,108.38,1069.07,0,1,5,One year,Fibre optic,Post,False,True,False,0
C001091,16,62.54,1007.86,0,0,5,Month-to-month,DSL,Post,True,False,False,0
C001092,31,19.52,609.71,1,0,0,One year,None,Credit card,True,True,True,0
C001093,10,91.44,889.97,1,0,3,Month-to-month,Fibre optic,Electronic cheque,True,False,False,1
C001094,23,68.61,1667.69,0,1,0,Month-to-month,DSL,Post,True,False,True,1
C001095,26,67.06,1685.26,1,0,3,One year,Fibre optic,Bank transfer,False,True,False,0
C001096,36,101.72,3715.89,1,0,2,One year,Fibre optic,Credit card,True,False,False,0
C001097,7,92.94,655.46,1,2,3,Month-to-month,Fibre optic,Electronic cheque,True,False,True,1
C001098,15,122.52,1853.08,0,2,1,One year,Fibre optic,Credit card,False,True,True,0
C001099,9,66.26,551.89,1,0,1,Month-to-month,DSL,Electronic cheque,False,False,False,0
C001100,16,45.53,724.4,2,0,4,Month-to-month,DSL,Bank transfer,True,False,False,0
C001101,16,90.21,1435.6,2,0,2,Two year,Fibre optic,Electronic cheque,True,True,False,1
C001102,6,92.6,561.88,0,0,5,Two year,Fibre optic,Post,True,False,False,0
C001103,17,105.93,1728.91,0,0,4,Month-to-month,Fibre optic,Post,True,False,False,1
C001104,57,17.91,1030.76,1,0,2,Two year,DSL,Electronic cheque,True,False,False,0
C001105,21,36.63,788.16,2,0,3,One year,None,Post,True,False,False,0
C001106,4,63.12,257.54,1,0,5,Month-to-month,Fibre optic,Electronic cheque,True,True,False,1
C001107,7,51.63,361.86,1,1,0,Month-to-month,Fibre optic,Bank transfer,False,False,True,1
C001108,15,54.65,849.07,1,1,4,Month-to-month,DSL,Electronic cheque,True,False,True,0
C001109,7,74.35,534.47,2,0,4,One year,Fibre optic,Post,False,False,True,1
C001110,34,17.21,572.94,1,0,0,Two year,None,Electronic cheque,True,False,False,0
C001111,4,32.56,131.02,1,0,4,Month-to-month,DSL,Electronic cheque,True,True,True,1
C001112,21,102.28,2212.06,1,1,5,Month-to-month,Fibre optic,Electronic cheque,False,False,False,0
C001113,3,107.15,337.28,1,0,2,Month-to-month,Fibre optic,Bank transfer,True,False,False,1
C001114,14,66.36,911.96,1,0,4,Month-to-month,DSL,Bank transfer,True,False,False,1
C001115,6,63.31,370.08,0,0,0,Two year,DSL,Electronic cheque,False,False,False,0
C001116,24,66.88,1555.81,0,0,1,Month-to-month,Fibre optic,Credit card,True,False,True,0
C001117,31,68.03,2028.0,2,0,4,One year,DSL,Electronic cheque,False,False,False,0
C001118,19,47.01,,0,2,3,Month-to-month,DSL,Credit card,True,False,True,1
C001119,31,30.13,916.03,0,0,4,One year,None,Bank transfer,True,False,True,0
C001120,1,88.0,89.57,5,0,1,One year,Fibre optic,Credit card,False,False,False,1
C001121,17,87.44,1460.3,2,0,2,One year,Fibre optic,Credit card,True,False,False,1
C001122,21,72.59,1473.48,0,0,0,Month-to-month,Fibre optic,Credit card,True,False,False,0
C001123,23,95.24,2254.31,2,1,3,One year,Fibre optic,Post,False,True,False,0
C001124,20,72.93,1457.06,1,0,1,One year,Fibre optic,Post,True,True,True,1
C001125,24,54.43,1339.9,0,0,0,One year,DSL,Bank transfer,False,False,True,0
C001126,17,53.7,899.39,0,0,4,One year,DSL,Credit card,True,False,False,0
C001127,5,104.6,550.4,1,0,3,Two year,Fibre optic,Bank transfer,False,False,False,0
C001128,10,17.15,173.41,1,0,0,Month-to-month,None,Electronic cheque,True,False,True,0
C001129,34,97.22,3196.55,0,1,4,Month-to-month,Fibre optic,Electronic cheque,True,False,False,0
C001130,32,18.82,572.79,0,1,2,Two year,None,Bank transfer,False,False,False,0
C001131,21,88.14,1868.23,2,0,1,Month-to-month,Fibre optic,Electronic cheque,False,False,False,1
C001132,25,95.3,2413.99,1,1,3,Two year,Fibre optic,Credit card,True,False,True,0
C001133,29,48.21,1428.3,0,2,0,One year,Fibre optic,Credit card,False,False,True,0
C001134,21,79.42,1578.76,0,0,3,Two year,DSL,Electronic cheque,True,False,False,0
C001135,34,62.51,2013.66,0,0,1,One year,Fibre optic,Bank transfer,True,False,False,1
C001136,33,59.41,1854.66,3,0,4,Two year,DSL,Post,False,False,False,0
C001137,69,117.18,7861.52,1,0,3,One year,Fibre optic,Bank transfer,False,False,True,0
C001138,10,38.01,387.1,0,2,1,Month-to-month,DSL,Electronic cheque,True,False,False,0
C001139,10,15.0,150.1,0,0,2,Month-to-month,None,Post,False,False,False,0
C001140,20,81.8,1552.75,0,0,5,Month-to-month,Fibre optic,Post,False,False,False,1
C001141,51,107.2,5218.93,0,0,3,Month-to-month,Fibre optic,Electronic cheque,False,False,False,1
C001142,36,70.3,2556.78,0,1,2,Two year,Fibre optic,Electronic cheque,True,False,True,0
C001143,27,60.91,1701.34,1,0,0,Month-to-month,DSL,Electronic cheque,True,False,False,1
C001144,37,78.02,2931.56,1,2,4,One year,Fibre optic,Bank transfer,False,False,False,0
C001145,22,95.26,2193.84,1,1,0,Month-to-month,Fibre optic,Electronic cheque,False,False,False,1
C001146,12,57.33,696.34,4,1,5,Month-to-month,Fibre optic,Credit card,True,True,False,0
C001147,59,96.27,5942.49,3,0,4,Two year,Fibre optic,Post,True,False,False,1
C001148,20,20.14,432.15,1,1,1,Month-to-month,None,Bank transfer,False,True,True,1
C001149,33,52.75,1730.47,0,1,1,One year,DSL,Electronic cheque,False,False,False,1
C001150,1,19.93,20.36,0,0,5,Month-to-month,None,Post,True,False,False,0
C001151,1,64.27,60.12,0,0,0,Month-to-month,DSL,Bank transfer,True,False,False,0
C001152,17,15.0,,3,1,3,Month-to-month,None,Electronic cheque,False,False,False,0
C001153,7,21.44,145.31,0,1,1,One year,None,Electronic cheque,True,False,True,0
C001154,18,15.0,275.03,0,0,1,Month-to-month,None,Bank transfer,False,True,False,0
C001155,10,51.47,507.87,1,0,0,Two year,DSL,Electronic cheque,False,True,False,1
C001156,72,109.58,7997.98,2,0,3,One year,Fibre optic,Credit card,True,True,False,0
C001157,31,29.92,894.73,0,0,2,Month-to-month,None,Credit card,False,True,False,0
C001158,40,88.06,,0,1,1,Month-to-month,Fibre optic,Bank transfer,True,False,False,0
C001159,2,100.27,205.11,3,0,0,Month-to-month,Fibre optic,Credit card,True,True,False,1
C001160,27,66.26,1808.51,1,0,4,One year,Fibre optic,Bank transfer,False,False,False,0
C001161,13,74.54,912.84,0,2,5,Month-to-month,DSL,Electronic cheque,True,False,False,1
C001162,40,85.45,3403.65,1,0,4,Month-to-month,Fibre optic,Electronic cheque,True,False,False,1
C001163,24,26.04,613.2,2,0,3,Month-to-month,DSL,Bank transfer,True,False,False,0
C001164,15,122.33,1780.31,1,0,2,Month-to-month,Fibre optic,Bank transfer,False,False,True,1
C001165,5,71.24,348.62,1,1,0,One year,Fibre optic,Post,True,False,True,0
C001166,17,37.22,647.43,2,1,4,Month-to-month,DSL,Credit card,True,False,False,0
C001167,34,70.3,2502.5,0,0,0,Month-to-month,DSL,Electronic cheque,True,False,False,0
C001168,42,25.84,1105.39,0,2,1,Month-to-month,None,Credit card,True,False,True,0
C001169,11,67.1,724.1,2,2,0,One year,Fibre optic,Bank transfer,True,False,False,1
C001170,68,55.98,3812.32,1,1,1,One year,Fibre optic,Credit card,False,False,False,0
C001171,32,110.1,3527.97,1,2,4,Month-to-month,Fibre optic,Electronic cheque,True,False,False,1
C001172,7,86.45,621.8,2,0,3,Month-to-month,Fibre optic,Electronic cheque,True,False,False,1
C001173,6,99.58,597.96,1,1,3,One year,Fibre optic,Post,True,False,True,1
C001174,14,100.42,1431.85,4,0,1,Month-to-month,Fibre optic,Bank transfer,False,False,False,1
C001175,11,49.46,545.14,0,0,0,One year,DSL,Electronic cheque,True,True,True,0
C001176,22,78.2,1748.06,2,0,4,Month-to-month,Fibre optic,Credit card,False,False,False,1
C001177,16,67.78,1113.77,2,0,3,Month-to-month,DSL,Bank transfer,True,False,False,1
C001178,12,30.7,356.42,0,0,0,Month-to-month,None,Credit card,False,False,True,1
C001179,3,67.09,200.32,0,0,2,Month-to-month,Fibre optic,Electronic cheque,True,False,False,0
C001180,24,63.21,1505.73,0,0,4,One year,DSL,Credit card,False,False,False,0
C001181,3,72.37,222.13,2,1,1,Month-to-month,Fibre optic,Post,True,False,True,1
C001182,32,65.7,,1,3,1,Month-to-month,DSL,Credit card,False,False,False,0
C001183,2,85.91,168.01,2,2,1,Month-to-month,Fibre optic,Post,False,False,False,1
C001184,3,19.27,57.07,0,1,2,Month-to-month,None,Electronic cheque,True,False,False,1
C001185,7,83.99,590.45,2,0,1,One year,Fibre optic,Electronic cheque,True,False,False,1
C001186,10,64.61,657.77,0,0,3,One year,Fibre optic,Electronic cheque,False,False,False,1
C001187,9,107.9,950.76,1,0,5,Two year,Fibre optic,,True,False,False,0
C001188,10,71.07,698.76,3,1,0,Month-to-month,Fibre optic,Bank transfer,True,False,False,1
C001189,19,52.12,972.47,0,1,1,Month-to-month,DSL,Bank transfer,True,False,False,1
C001190,7,80.26,552.42,2,1,3,Month-to-month,Fibre optic,Electronic cheque,True,False,False,1
C001191,19,86.86,1629.51,1,0,3,Two year,Fibre optic,Credit card,False,False,False,0
C001192,1,50.2,50.78,0,0,5,Month-to-month,DSL,Credit card,False,False,False,1
C001193,7,40.9,294.31,3,0,5,Month-to-month,DSL,Credit card,True,False,False,0
C001194,3,58.34,171.97,1,1,5,One year,DSL,Electronic cheque,False,False,False,1
C001195,32,66.22,2009.08,0,0,1,Month-to-month,DSL,Electronic cheque,True,False,False,1
C001196,8,58.23,469.86,1,0,4,Month-to-month,DSL,Electronic cheque,False,False,False,1
C001197,23,130.0,2847.87,2,0,4,Month-to-month,Fibre optic,Credit card,True,False,False,0
C001198,2,69.01,143.54,0,0,4,One year,Fibre optic,Electronic cheque,False,True,False,1
C001199,41,61.52,2515.7,1,3,3,One year,Fibre optic,Post,False,True,False,0
C001200,16,79.69,1282.51,2,1,5,Month-to-month,DSL,Credit card,True,True,True,0
C001201,15,89.18,1378.87,2,0,4,One year,Fibre optic,Bank transfer,True,False,False,0
C001202,3,31.76,94.51,0,2,5,Month-to-month,None,Electronic cheque,True,True,True,1
C001203,6,32.69,198.35,0,0,1,Month-to-month,DSL,Credit card,True,False,True,1
C001204,12,55.24,670.54,2,0,3,Two year,DSL,Electronic cheque,False,True,False,0
C001205,6,120.01,756.59,2,0,3,One year,Fibre optic,Credit card,False,False,True,0
C001206,30,49.4,1573.06,0,1,0,Two year,DSL,Electronic cheque,False,False,False,0
C001207,16,71.2,1137.27,1,0,1,One year,DSL,Post,False,False,False,0
C001208,6,119.0,746.0,2,0,3,Month-to-month,Fibre optic,Bank transfer,True,False,False,1
C001209,27,72.44,1832.54,3,1,1,Month-to-month,Fibre optic,Credit card,False,False,False,0
C001210,11,33.08,361.06,0,0,2,Month-to-month,None,Post,True,True,True,0
C001211,26,24.84,658.09,1,0,1,Month-to-month,None,Post,False,False,True,0
C001212,10,75.5,722.82,0,0,5,Month-to-month,Fibre optic,Credit card,False,False,False,1
C001213,22,52.22,1222.96,2,1,0,Month-to-month,Fibre optic,Electronic cheque,False,False,False,1
C001214,11,31.58,362.78,0,0,4,Month-to-month,None,Electronic cheque,True,False,True,0
C001215,30,88.9,2637.84,1,0,0,Two year,Fibre optic,Electronic cheque,True,False,False,0
C001216,2,17.24,36.71,0,2,3,Month-to-month,None,Electronic cheque,True,False,False,1
C001217,5,89.45,457.81,0,0,1,Month-to-month,Fibre optic,Electronic cheque,True,False,False,0
C001218,13,59.15,774.47,0,0,1,One year,DSL,Electronic cheque,False,False,False,0
C001219,8,84.18,682.44,1,0,0,One year,DSL,Electronic cheque,True,False,False,1
C001220,10,61.14,597.43,0,0,1,Month-to-month,DSL,Credit card,True,False,False,1
C001221,24,22.3,537.88,0,0,5,One year,None,Electronic cheque,False,False,True,0
C001222,10,48.07,468.97,0,1,1,One year,DSL,Electronic cheque,True,True,False,0
C001223,19,111.34,2115.55,1,0,2,Two year,Fibre optic,Post,True,True,False,0
C001224,7,62.76,440.7,1,1,2,Month-to-month,Fibre optic,Electronic cheque,True,False,True,0
C001225,2,19.13,38.51,0,0,5,Month-to-month,None,Electronic cheque,True,False,True,0
C001226,26,88.64,2303.76,0,0,2,One year,Fibre optic,Bank transfer,True,False,False,1
C001227,48,46.19,2373.58,1,0,0,Month-to-month,DSL,Electronic cheque,True,False,False,0
C001228,18,35.19,602.78,0,0,3,One year,DSL,Bank transfer,True,False,False,1
C001229,14,95.1,1259.4,1,0,4,One year,Fibre optic,Electronic cheque,True,False,True,1
C001230,16,18.74,291.95,0,0,0,One year,None,,True,False,True,0
C001231,37,86.95,3215.45,1,1,1,Two year,Fibre optic,Electronic cheque,False,True,False,0
C001232,18,79.3,1410.39,0,0,2,One year,Fibre optic,Credit card,True,False,True,0
C001233,27,25.43,657.47,0,1,4,Two year,None,Electronic cheque,True,False,True,0
C001234,26,86.23,,3,1,5,One year,Fibre optic,Bank transfer,True,False,False,0
C001235,32,60.97,1982.61,1,1,3,Month-to-month,DSL,Credit card,True,False,True,1
C001236,14,22.46,311.3,0,1,0,One year,None,Credit card,True,False,False,0
C001237,9,51.66,452.06,2,0,0,One year,Fibre optic,Credit card,True,False,False,1
C001238,22,22.52,491.43,0,2,0,Two year,None,Bank transfer,False,False,True,0
C001239,30,90.36,2669.49,0,2,4,Month-to-month,Fibre optic,Credit card,True,False,False,0
C001240,34,43.48,1495.36,2,0,3,Month-to-month,Fibre optic,Electronic cheque,True,False,False,0
C001241,41,52.84,2081.93,0,1,3,Two year,DSL,Electronic cheque,True,False,True,0
C001242,28,84.05,2298.07,2,0,1,Month-to-month,Fibre optic,Bank transfer,True,False,False,1
C001243,9,79.71,735.74,1,1,1,One year,DSL,Credit card,True,False,False,1
C001244,18,66.54,,3,1,3,Month-to-month,Fibre optic,Credit card,False,False,False,1
C001245,16,49.6,808.61,2,1,5,Month-to-month,DSL,Post,False,False,False,0
C001246,15,53.46,800.17,2,3,0,Month-to-month,DSL,Credit card,True,True,False,1
C001247,22,70.65,1541.88,2,0,3,Two year,Fibre optic,Electronic cheque,True,False,False,0
C001248,13,115.61,1471.06,1,0,5,Month-to-month,Fibre optic,Post,True,False,False,0
C001249,13,91.68,1194.27,2,0,5,One year,Fibre optic,Bank transfer,True,False,True,1
C001250,49,121.65,5923.68,3,0,3,One year,Fibre optic,Electronic cheque,False,False,True,0
C001251,14,89.06,1156.83,1,0,4,One year,Fibre optic,Bank transfer,True,False,False,1
C001252,31,95.43,3057.45,0,2,2,Month-to-month,Fibre optic,Electronic cheque,False,False,False,1
C001253,33,69.15,2304.24,1,1,5,Month-to-month,Fibre optic,Credit card,False,False,False,0
C001254,18,72.17,1243.17,2,1,5,Two year,DSL,Electronic cheque,True,False,False,0
C001255,13,83.53,1079.77,1,0,4,Month-to-month,Fibre optic,Post,False,False,True,0
C001256,7,20.76,143.82,0,1,4,Month-to-month,None,Credit card,False,False,True,1
C001257,3,84.11,245.08,0,1,1,Two year,Fibre optic,Electronic cheque,False,False,True,1
C001258,24,27.5,672.79,0,0,0,Month-to-month,None,Electronic cheque,False,False,False,0
C001259,20,61.43,1280.59,1,0,1,Month-to-month,DSL,Electronic cheque,True,True,False,1
C001260,26,79.55,2040.04,0,1,5,Two year,Fibre optic,Bank transfer,False,False,False,0
C001261,10,77.7,767.14,0,1,3,Month-to-month,Fibre optic,Bank transfer,True,False,False,1
C001262,53,72.96,3757.16,3,1,0,Month-to-month,Fibre optic,Post,False,False,True,0
C001263,22,104.48,2145.07,1,0,4,Month-to-month,Fibre optic,Credit card,True,False,False,1
C001264,14,72.86,1032.93,2,1,5,One year,DSL,Electronic cheque,True,False,False,0
C001265,1,90.92,96.1,1,2,4,Two year,Fibre optic,Electronic cheque,False,False,False,1
C001266,11,82.18,899.7,2,1,1,One year,Fibre optic,Bank transfer,False,False,False,1
C001267,27,104.13,2796.22,1,1,1,Two year,Fibre optic,Credit card,False,True,False,0
C001268,40,61.96,2473.33,1,0,0,Month-to-month,DSL,Bank transfer,True,False,True,1
C001269,16,72.19,1137.35,0,2,5,One year,DSL,Bank transfer,False,False,False,1
C001270,44,17.33,736.29,1,0,3,Month-to-month,None,Post,True,False,False,0
C001271,7,77.27,582.41,1,0,0,Two year,DSL,Electronic cheque,False,False,True,1
C001272,21,82.36,1753.74,2,0,2,Two year,Fibre optic,Credit card,True,True,True,0
C001273,21,63.19,1350.5,2,0,2,Month-to-month,DSL,Electronic cheque,True,False,False,1
C001274,24,91.08,2334.01,2,1,2,Two year,Fibre optic,Electronic cheque,True,True,False,0
C001275,17,89.04,1522.8,0,0,0,One year,Fibre optic,Bank transfer,True,False,True,0
C001276,20,34.83,678.91,0,0,5,Month-to-month,None,Credit card,False,False,False,0
C001277,6,83.12,,0,1,1,One year,Fibre optic,Electronic cheque,True,False,True,0
C001278,37,59.61,2332.64,2,0,0,Two year,DSL,Credit card,False,True,False,0
C001279,29,54.27,1611.46,1,0,5,Month-to-month,DSL,Credit card,True,True,True,0
C001280,19,62.4,1182.03,0,0,1,Month-to-month,DSL,Credit card,True,True,False,1
C001281,30,103.23,3046.0,0,0,4,Two year,Fibre optic,Electronic cheque,False,False,False,0
C001282,38,31.34,1180.64,0,0,1,Month-to-month,None,Electronic cheque,True,False,False,0
C001283,23,60.58,1409.87,1,1,4,Month-to-month,DSL,Electronic cheque,True,False,False,1
C001284,57,80.77,4856.8,2,0,1,One year,Fibre optic,Electronic cheque,True,False,True,1
C001285,25,73.01,1821.61,2,1,1,One year,Fibre optic,Bank transfer,True,False,False,1
C001286,7,65.24,444.93,1,1,0,Month-to-month,Fibre optic,Bank transfer,True,False,True,1
C001287,19,84.39,1541.71,1,0,0,Month-to-month,Fibre optic,Electronic cheque,False,False,False,0
C001288,31,70.72,2233.77,2,0,1,Two year,Fibre optic,Credit card,True,False,False,0
C001289,38,44.57,1748.62,1,1,1,Month-to-month,DSL,Bank transfer,True,False,False,0
C001290,18,69.32,1316.58,0,1,0,One year,Fibre optic,Bank transfer,True,False,True,0
C001291,7,72.58,549.07,1,1,5,Two year,Fibre optic,Credit card,False,False,True,0
C001292,13,95.46,1184.96,1,1,1,Month-to-month,Fibre optic,Electronic cheque,False,False,False,1
C001293,4,43.09,172.52,1,0,2,Two year,DSL,Credit card,True,False,True,0
C001294,27,98.16,2619.26,3,1,3,One year,Fibre optic,Credit card,False,False,True,0
C001295,11,20.74,226.84,2,1,5,Two year,None,Post,True,False,False,0
C001296,8,83.56,651.83,2,2,1,Month-to-month,Fibre optic,Credit card,True,False,False,1
C001297,29,61.86,1812.34,1,0,2,Month-to-month,DSL,Credit card,True,False,True,0
C001298,44,21.38,905.14,0,1,5,One year,None,Credit card,False,False,False,0
C001299,8,29.09,236.12,0,2,2,Two year,DSL,Electronic cheque,True,False,False,0
C001300,18,97.86,1823.18,4,0,1,Two year,Fibre optic,Post,False,False,False,0
C001301,13,43.24,553.49,0,1,4,Month-to-month,DSL,Post,True,False,True,0
C001302,39,15.0,604.94,0,1,3,Month-to-month,None,Credit card,True,False,False,0
C001303,15,47.78,719.61,2,1,2,Month-to-month,DSL,Credit card,False,False,False,1
C001304,6,84.29,520.1,1,0,4,One year,Fibre optic,Electronic cheque,True,False,False,1
C001305,15,20.67,312.98,1,0,5,Two year,None,Post,False,False,True,0
C001306,34,97.97,3238.39,2,2,4,One year,Fibre optic,Bank transfer,True,False,False,0
C001307,13,66.33,861.68,0,1,4,Month-to-month,DSL,Post,True,False,True,0
C001308,9,40.19,356.93,2,0,0,Two year,DSL,Electronic cheque,True,False,False,0
C001309,14,52.21,749.43,0,3,2,Month-to-month,DSL,Credit card,False,False,True,1
C001310,6,67.66,403.08,0,0,2,Month-to-month,DSL,Electronic cheque,True,False,False,1
C001311,13,91.74,1230.39,1,0,0,One year,Fibre optic,Post,False,True,False,0
C001312,10,94.74,962.09,1,0,4,Month-to-month,Fibre optic,Bank transfer,True,False,True,0
C001313,64,29.86,1922.59,0,0,1,One year,None,Post,True,False,False,0
C001314,2,108.39,218.39,2,2,5,One year,Fibre optic,Bank transfer,False,False,False,1
C001315,7,24.56,,0,0,0,Month-to-month,None,Post,True,False,True,0
C001316,9,76.88,705.76,2,0,4,Month-to-month,Fibre optic,Bank transfer,False,False,False,1
C001317,6,91.4,564.12,1,1,1,Month-to-month,Fibre optic,Electronic cheque,False,True,False,1
C001318,21,107.88,2195.31,0,0,2,One year,Fibre optic,Bank transfer,True,False,True,0
C001319,8,82.63,650.26,3,2,2,Month-to-month,Fibre optic,Credit card,True,False,False,1
C001320,4,58.72,234.92,1,0,3,Month-to-month,DSL,Bank transfer,False,False,False,0
C001321,16,15.0,238.09,1,0,2,Month-to-month,None,Bank transfer,True,True,False,0
C001322,12,69.89,815.07,2,1,4,One year,Fibre optic,Electronic cheque,True,True,False,1
C001323,9,21.95,204.98,0,0,0,Month-to-month,DSL,Post,True,False,True,1
C001324,39,71.57,2695.69,0,0,2,Month-to-month,Fibre optic,Electronic cheque,False,False,False,0
C001325,21,49.09,1061.16,4,1,2,Month-to-month,DSL,Post,True,False,False,1
C001326,20,80.02,1685.91,0,1,5,Month-to-month,Fibre optic,Bank transfer,False,False,False,0
C001327,22,107.7,2333.56,2,0,5,Month-to-month,Fibre optic,Electronic cheque,True,False,True,1
C001328,21,18.33,359.35,1,1,1,Month-to-month,None,Electronic cheque,False,False,True,0
C001329,13,78.64,1007.68,3,1,5,One year,Fibre optic,Post,True,False,False,0
C001330,8,86.88,679.01,1,1,5,Month-to-month,Fibre optic,Electronic cheque,False,False,True,1
C001331,17,99.59,1621.56,0,0,4,Month-to-month,Fibre optic,Post,True,False,False,0
C001332,12,21.76,264.4,0,0,4,Two year,None,Post,True,False,False,0
C001333,2,18.2,36.88,1,0,4,Month-to-month,None,Credit card,True,False,True,0
C001334,6,102.88,625.86,1,0,5,Month-to-month,Fibre optic,Electronic cheque,False,False,False,1
C001335,11,54.73,585.26,4,0,3,Month-to-month,Fibre optic,Post,False,False,True,1
C001336,29,100.68,3014.43,1,0,5,Month-to-month,Fibre optic,Credit card,True,False,True,1
C001337,17,24.56,409.29,1,0,0,Month-to-month,None,Electronic cheque,False,False,True,1
C001338,7,23.04,,1,0,0,Two year,None,Bank transfer,False,False,True,0
C001339,5,105.33,509.45,0,0,2,Month-to-month,Fibre optic,Credit card,True,True,True,0
C001340,33,100.97,3257.76,1,0,4,One year,Fibre optic,Electronic cheque,True,False,False,0
C001341,13,61.19,798.11,0,2,0,Two year,DSL,Credit card,True,False,False,0
C001342,0,68.84,66.67,1,0,2,Month-to-month,DSL,Post,True,False,True,1
C001343,14,74.08,1011.79,2,0,3,One year,DSL,Electronic cheque,True,False,True,0
C001344,25,53.89,1411.4,0,2,1,Month-to-month,DSL,Electronic cheque,False,False,False,0
C001345,5,89.97,441.17,3,0,3,Month-to-month,Fibre optic,Post,False,False,False,1
C001346,16,45.37,745.1,0,0,2,Two year,Fibre optic,Electronic cheque,False,False,False,0
C001347,17,106.56,1816.03,2,1,5,Month-to-month,Fibre optic,Credit card,False,True,True,0
C001348,6,109.77,677.47,5,0,3,Two year,Fibre optic,Electronic cheque,True,False,False,1
C001349,36,54.85,1987.1,0,0,3,One year,DSL,Electronic cheque,False,False,True,0
C001350,17,89.11,1515.39,2,1,0,Month-to-month,Fibre optic,Bank transfer,False,True,False,1
C001351,11,46.78,509.51,1,0,4,Month-to-month,DSL,Post,True,False,False,1
C001352,13,73.34,930.72,0,0,5,One year,DSL,Credit card,True,True,False,0
C001353,5,35.59,179.31,0,0,3,Month-to-month,None,Bank transfer,True,False,True,0
C001354,4,51.57,202.9,1,1,5,Month-to-month,DSL,Post,False,False,False,1
C001355,10,48.7,458.55,1,1,2,Month-to-month,DSL,Bank transfer,False,False,False,1
C001356,11,84.8,942.49,1,1,5,Month-to-month,Fibre optic,Credit card,True,False,False,1
C001357,12,85.0,1016.74,1,0,2,Two year,Fibre optic,Electronic cheque,True,False,True,0
C001358,38,53.21,2044.93,3,0,1,Month-to-month,Fibre optic,Electronic cheque,False,False,False,0
C001359,24,94.41,2265.85,1,0,0,Month-to-month,Fibre optic,Bank transfer,True,False,False,1
C001360,2,106.09,217.17,0,2,2,One year,Fibre optic,Electronic cheque,False,False,False,0
C001361,33,103.37,3457.37,1,0,0,One year,Fibre optic,Electronic cheque,False,False,False,0
C001362,10,29.47,293.57,3,0,5,Two year,None,Credit card,False,False,True,0
C001363,26,81.14,2134.91,1,0,4,Two year,DSL,Electronic cheque,True,False,False,0
C001364,11,87.62,1002.03,2,0,3,Month-to-month,Fibre optic,Bank transfer,False,False,False,1
C001365,16,88.7,1382.96,0,0,5,Month-to-month,DSL,Post,False,False,False,1
C001366,5,36.13,169.86,0,2,5,One year,DSL,Post,True,True,False,0
C001367,19,16.99,332.02,0,0,4,Month-to-month,None,Electronic cheque,False,False,False,0
C001368,28,72.89,2078.57,0,1,0,One year,Fibre optic,Credit card,True,False,False,1
C001369,3,50.74,164.93,0,0,4,Month-to-month,DSL,Credit card,False,False,True,1
C001370,28,79.01,2219.59,1,0,3,Two year,Fibre optic,Electronic cheque,False,False,True,0
C001371,8,64.55,512.41,0,0,0,One year,DSL,Bank transfer,False,False,False,0
C001372,46,61.21,2853.83,3,0,5,One year,Fibre optic,Credit card,False,False,False,0
C001373,26,93.44,2492.57,0,0,1,Month-to-month,Fibre optic,Credit card,False,False,True,0
C001374,23,20.14,471.75,2,0,4,Two year,None,Electronic cheque,False,False,False,0
C001375,13,50.69,654.46,0,1,1,One year,DSL,Bank transfer,True,False,False,0
C001376,71,48.08,3545.16,1,1,0,Two year,DSL,Bank transfer,False,False,False,0
C001377,10,22.63,219.68,1,0,5,Two year,None,Post,False,False,False,0
C001378,6,26.84,157.82,0,0,4,Month-to-month,None,,False,True,False,1
C001379,9,56.85,535.96,1,1,5,Month-to-month,DSL,Electronic cheque,True,False,True,1
C001380,31,85.87,2717.81,0,0,1,Month-to-month,Fibre optic,Electronic cheque,False,False,False,1
C001381,16,22.59,356.89,0,1,0,One year,None,Bank transfer,True,False,False,0
C001382,14,68.3,960.19,1,0,3,One year,Fibre optic,Post,True,False,False,1
C001383,10,77.14,819.33,1,0,3,Month-to-month,Fibre optic,Post,False,True,False,1
C001384,14,104.05,1447.36,2,0,2,Two year,Fibre optic,Bank transfer,True,False,False,1
C001385,10,15.0,146.88,2,0,3,Month-to-month,None,Electronic cheque,True,False,True,0
C001386,24,103.39,2486.93,3,0,5,One year,Fibre optic,Bank transfer,True,False,True,0
C001387,12,68.54,844.64,1,0,1,Month-to-month,DSL,Credit card,True,False,False,0
C001388,9,85.02,774.02,2,1,5,Month-to-month,Fibre optic,Credit card,True,False,True,1
C001389,29,93.98,2812.28,1,0,5,Month-to-month,Fibre optic,Post,True,False,False,0
C001390,6,81.81,478.6,1,1,5,One year,Fibre optic,Credit card,False,False,False,1
C001391,16,91.81,1417.14,0,1,1,One year,DSL,Post,True,False,False,1
C001392,2,58.18,120.23,2,0,3,Month-to-month,Fibre optic,Electronic cheque,False,False,False,1
C001393,4,74.24,286.83,1,1,2,Month-to-month,Fibre optic,Electronic cheque,True,False,False,0
C001394,11,28.57,303.45,2,0,3,One year,None,Electronic cheque,True,False,False,0
C001395,10,107.69,1053.36,3,1,2,Month-to-month,Fibre optic,Bank transfer,True,False,True,1
C001396,10,71.08,691.26,1,0,0,One year,Fibre optic,Electronic cheque,True,True,False,0
C001397,26,53.79,1372.05,0,1,2,Month-to-month,Fibre optic,Bank transfer,False,False,True,1
C001398,27,71.86,1840.3,1,0,3,Two year,DSL,Electronic cheque,False,False,True,0
C001399,19,86.25,1707.71,0,0,5,One year,Fibre optic,Post,False,False,False,0
C001400,6,42.95,,0,0,5,Month-to-month,DSL,Electronic cheque,False,False,False,0
C001401,14,29.01,433.96,2,2,3,One year,Fibre optic,Post,True,False,False,0
C001402,50,67.66,3467.53,0,0,5,Month-to-month,Fibre optic,Bank transfer,True,False,True,0
C001403,67,87.16,6320.79,0,1,3,Two year,DSL,Bank transfer,False,False,True,0
C001404,30,64.27,1887.14,3,1,2,One year,Fibre optic,Electronic cheque,True,False,False,1
C001405,6,30.01,177.92,0,0,3,Month-to-month,None,,False,False,False,0
C001406,14,54.28,791.64,0,0,1,One year,DSL,Electronic cheque,True,False,False,0
C001407,18,24.34,425.36,2,1,1,Month-to-month,None,Electronic cheque,True,False,False,0
C001408,16,55.71,914.08,0,0,2,Two year,DSL,Bank transfer,True,False,False,0
C001409,32,53.73,1716.02,0,0,5,Two year,DSL,Credit card,True,False,False,0
C001410,25,82.92,2134.33,2,2,4,One year,Fibre optic,Electronic cheque,True,False,False,1
C001411,6,52.47,328.16,2,0,2,Month-to-month,DSL,Credit card,True,False,False,1
C001412,9,21.7,192.41,0,0,3,One year,None,Electronic cheque,False,False,False,0
C001413,29,94.81,2687.95,0,1,1,Month-to-month,Fibre optic,Post,True,False,True,0
C001414,39,66.94,2511.58,1,1,1,Month-to-month,Fibre optic,Electronic cheque,True,False,False,0
C001415,18,77.6,1336.51,4,1,5,Two year,Fibre optic,Electronic cheque,False,False,False,0
C001416,42,72.99,3018.39,2,0,3,Month-to-month,Fibre optic,Credit card,False,False,True,0
C001417,17,79.91,,1,0,2,Month-to-month,Fibre optic,Bank transfer,True,True,False,1
C001418,7,117.88,811.99,1,0,2,Month-to-month,Fibre optic,Electronic cheque,True,False,False,1
C001419,24,15.0,363.28,2,0,4,Two year,None,Credit card,True,False,False,0
C001420,72,83.56,6154.85,0,0,3,Two year,Fibre optic,Electronic cheque,False,False,False,0
C001421,5,107.4,528.64,1,1,2,Month-to-month,Fibre optic,Credit card,True,False,False,1
C001422,41,88.39,3579.27,2,0,2,Month-to-month,Fibre optic,Bank transfer,False,True,False,1
C001423,23,55.52,1324.5,0,0,2,Two year,Fibre optic,Electronic cheque,True,False,False,0
C001424,8,56.98,461.43,0,0,4,Month-to-month,DSL,Bank transfer,False,False,False,0
C001425,2,82.18,163.65,1,0,2,Two year,Fibre optic,Electronic cheque,True,False,True,0
C001426,1,44.39,43.55,3,1,2,Two year,Fibre optic,,False,False,False,0
C001427,10,54.42,559.17,0,0,5,One year,DSL,Bank transfer,True,True,False,0
C001428,20,28.46,565.16,0,1,3,Month-to-month,None,Electronic cheque,False,False,False,0
C001429,28,56.5,1492.03,1,1,5,One year,Fibre optic,Electronic cheque,True,False,False,0
C001430,33,60.79,1885.17,2,1,0,Two year,DSL,Electronic cheque,True,False,False,0
C001431,19,19.75,366.55,0,0,0,Month-to-month,None,Credit card,True,False,True,0
C001432,17,15.83,261.14,0,0,5,Two year,None,Electronic cheque,True,True,False,0
C001433,11,35.06,386.5,1,0,1,Month-to-month,None,Electronic cheque,True,False,False,0
C001434,20,58.38,1103.05,0,1,0,Two year,DSL,Bank transfer,True,False,False,0
C001435,9,90.7,817.88,1,2,0,One year,Fibre optic,Bank transfer,True,True,False,0
C001436,5,84.31,409.38,1,1,0,Month-to-month,Fibre optic,Electronic cheque,False,False,False,1
C001437,16,65.82,1086.22,1,0,4,Month-to-month,Fibre optic,Electronic cheque,True,False,True,1
C001438,26,91.45,2324.38,1,1,0,Month-to-month,Fibre optic,Post,False,False,False,1
C001439,4,52.29,214.77,1,0,2,Month-to-month,Fibre optic,Electronic cheque,True,False,True,1
C001440,10,101.77,1015.6,1,0,1,Two year,Fibre optic,Bank transfer,False,False,False,0
C001441,15,15.0,221.75,0,1,3,Month-to-month,None,Electronic cheque,True,True,True,1
C001442,15,93.36,1346.8,3,2,2,Two year,Fibre optic,Bank transfer,False,False,True,0
C001443,22,24.21,519.75,0,1,4,Month-to-month,None,Electronic cheque,False,False,False,0
C001444,49,18.71,954.51,1,0,0,One year,None,Electronic cheque,True,True,False,1
C001445,1,57.83,57.66,0,1,1,Two year,DSL,Bank transfer,True,True,False,0
C001446,51,25.69,1276.23,0,3,1,One year,None,Credit card,True,False,True,0
C001447,48,62.67,3035.93,0,0,2,Two year,DSL,Bank transfer,False,False,False,0
C001448,28,46.9,1294.13,1,1,4,Two year,DSL,Bank transfer,False,True,False,0
C001449,18,15.0,264.21,2,1,1,One year,None,Credit card,True,True,True,0
C001450,9,66.71,592.67,2,0,4,One year,Fibre optic,Credit card,True,False,False,1
C001451,28,81.64,2351.34,2,1,2,Month-to-month,Fibre optic,Credit card,True,False,False,1
C001452,18,24.69,443.87,0,0,0,Month-to-month,None,Post,True,True,False,1
C001453,12,63.68,780.04,1,0,5,Month-to-month,Fibre optic,Bank transfer,True,True,False,0
C001454,28,72.29,1997.31,1,0,4,Two year,DSL,Credit card,False,False,False,0
C001455,31,56.94,1732.0,2,0,4,One year,DSL,Bank transfer,False,False,True,0
C001456,38,94.29,3739.74,1,1,2,One year,Fibre optic,Electronic cheque,True,False,False,1
C001457,8,54.33,420.64,0,1,4,Two year,DSL,Post,True,False,True,0
C001458,35,75.58,2619.64,1,0,4,Month-to-month,DSL,Credit card,True,False,False,0
C001459,12,15.0,186.0,2,1,3,Two year,None,Post,False,False,False,0
C001460,18,79.87,1417.52,1,1,2,Month-to-month,DSL,Post,True,True,True,0
C001461,20,64.72,1366.26,0,1,0,Month-to-month,Fibre optic,Credit card,True,False,True,0
C001462,33,88.35,2837.21,0,1,5,One year,DSL,Bank transfer,True,True,False,0
C001463,26,84.18,2230.19,3,0,1,Month-to-month,Fibre optic,Post,True,True,False,1
C001464,12,82.35,1038.77,2,0,5,One year,Fibre optic,Electronic cheque,False,False,False,1
C001465,1,52.76,53.06,2,0,1,One year,Fibre optic,Electronic cheque,True,False,True,1
C001466,22,39.84,887.16,2,0,1,Two year,DSL,Credit card,True,False,False,0
C001467,17,86.39,1505.0,0,0,2,Month-to-month,DSL,Bank transfer,False,False,False,0
C001468,5,67.25,310.45,0,0,3,Month-to-month,DSL,Credit card,True,False,False,1
C001469,19,65.27,1293.26,1,0,2,Month-to-month,DSL,Credit card,True,False,True,0
C001470,15,108.35,1641.87,2,0,2,Month-to-month,Fibre optic,Electronic cheque,False,True,True,1
C001471,38,46.17,1757.65,0,0,1,Month-to-month,DSL,Bank transfer,True,False,True,0
C001472,53,47.5,2529.33,3,0,2,Month-to-month,DSL,Electronic cheque,False,False,False,1
C001473,30,59.94,1687.8,0,0,4,Two year,DSL,Electronic cheque,False,False,True,0
C001474,15,19.16,295.2,2,0,2,Two year,None,Post,False,False,True,0
C001475,16,77.67,1256.72,1,0,2,Two year,Fibre optic,Electronic cheque,True,False,True,0
C001476,8,100.48,780.77,2,0,3,Month-to-month,Fibre optic,Post,False,False,False,1
C001477,9,80.06,729.42,0,1,4,One year,Fibre optic,Bank transfer,True,False,True,0
C001478,14,107.88,1535.07,3,0,2,Month-to-month,Fibre optic,Post,True,False,False,0
C001479,13,48.12,615.17,1,0,3,Month-to-month,DSL,Electronic cheque,True,False,True,0
C001480,4,76.46,317.55,0,0,3,Month-to-month,Fibre optic,Electronic cheque,True,False,True,1
C001481,38,99.22,3756.37,3,1,1,Two year,Fibre optic,Credit card,True,False,False,0
C001482,42,86.81,3615.6,1,0,1,One year,Fibre optic,Bank transfer,True,True,False,1
C001483,38,54.25,2102.94,0,1,4,Month-to-month,DSL,Bank transfer,False,False,False,1
C001484,43,16.55,693.08,0,0,5,One year,None,Credit card,False,False,False,0
C001485,63,78.64,4885.06,0,1,3,Two year,Fibre optic,Credit card,True,False,False,0
C001486,8,55.93,432.03,1,0,5,Month-to-month,DSL,Electronic cheque,False,True,False,1
C001487,62,17.64,1087.94,0,0,4,Two year,None,Credit card,False,False,False,0
C001488,11,49.26,536.47,1,1,4,Month-to-month,DSL,Credit card,True,False,True,0
C001489,24,52.69,1269.48,0,0,4,Month-to-month,DSL,Bank transfer,False,False,True,1
C001490,3,58.36,180.43,0,0,3,Two year,DSL,Post,False,False,False,0
C001491,10,25.84,263.67,1,0,0,Month-to-month,None,Bank transfer,True,True,False,0
C001492,31,70.7,2200.17,0,0,3,One year,DSL,Electronic cheque,True,False,False,0
C001493,25,80.14,2080.9,0,0,3,Month-to-month,Fibre optic,Credit card,False,False,False,1
C001494,11,81.2,876.51,1,0,2,One year,Fibre optic,Electronic cheque,False,False,False,0
C001495,16,86.45,1403.74,2,0,4,One year,Fibre optic,Bank transfer,True,False,False,1
C001496,9,98.81,913.7,0,0,2,Two year,Fibre optic,Post,False,False,False,0
C001497,31,44.85,1469.29,1,0,2,Two year,DSL,Credit card,True,False,False,0
C001498,40,100.62,4042.45,0,1,3,One year,Fibre optic,Credit card,True,True,True,0
C001499,8,86.23,681.82,1,0,5,Month-to-month,Fibre optic,Credit card,True,False,False,1
C001500,15,94.97,1425.21,3,0,1,Month-to-month,Fibre optic,Post,True,False,False,1
C001501,4,58.77,235.55,1,0,2,One year,DSL,Credit card,True,False,False,0
C001502,18,75.79,1336.68,1,0,1,Month-to-month,Fibre optic,Electronic cheque,True,False,True,1
C001503,23,62.96,1448.92,2,0,4,Month-to-month,Fibre optic,,True,True,False,1
C001504,20,88.49,1863.94,0,0,3,Two year,Fibre optic,Post,True,False,False,0
C001505,21,91.34,1821.6,3,0,0,Month-to-month,Fibre optic,Post,False,False,False,1
C001506,14,98.09,1273.46,0,0,3,Month-to-month,DSL,Bank transfer,True,False,True,0
C001507,14,64.42,860.84,0,0,5,Two year,DSL,,True,False,False,0
C001508,14,67.11,913.26,1,0,2,One year,DSL,Electronic cheque,True,False,False,0
C001509,10,57.41,553.57,1,1,0,One year,Fibre optic,Electronic cheque,False,False,False,1
C001510,11,78.58,843.44,1,0,1,Month-to-month,DSL,Electronic cheque,False,True,False,1
C001511,22,52.73,1124.11,0,0,3,Month-to-month,DSL,Electronic cheque,False,True,False,0
C001512,38,74.29,2861.19,1,3,2,One year,DSL,Credit card,True,False,False,0
C001513,7,66.5,452.31,0,2,5,Month-to-month,DSL,Electronic cheque,True,False,False,0
C001514,14,54.53,736.98,2,1,4,One year,Fibre optic,Electronic cheque,False,False,False,0
C001515,5,91.04,428.49,1,1,0,Month-to-month,Fibre optic,Post,True,False,False,1
C001516,10,71.93,740.77,1,1,4,Month-to-month,Fibre optic,Electronic cheque,True,True,False,1
C001517,12,89.01,1111.05,0,0,3,Month-to-month,Fibre optic,Post,False,False,True,0
C001518,17,75.04,1285.42,1,1,4,Month-to-month,Fibre optic,Post,True,False,False,0
C001519,17,103.64,1768.61,1,1,4,Month-to-month,Fibre optic,Bank transfer,True,False,False,1
C001520,15,17.62,269.52,3,0,3,One year,None,Bank transfer,False,False,True,0
C001521,21,19.68,423.37,2,1,3,One year,None,Post,True,True,False,0
C001522,7,28.67,,0,0,1,Month-to-month,None,Electronic cheque,True,False,False,0
C001523,18,29.05,519.0,0,0,2,One year,None,Credit card,False,False,False,0
C001524,26,19.54,522.97,2,1,2,Month-to-month,None,Credit card,True,False,False,0
C001525,7,84.22,579.93,0,0,1,Month-to-month,Fibre optic,Credit card,True,True,True,0
C001526,3,102.13,307.84,3,0,3,Two year,Fibre optic,Bank transfer,True,False,False,0
C001527,31,71.17,2286.49,1,0,0,One year,Fibre optic,Post,True,False,False,0
C001528,5,59.92,321.1,0,0,5,One year,DSL,Credit card,False,False,False,0
C001529,10,124.24,1279.14,2,1,1,Month-to-month,Fibre optic,Electronic cheque,True,False,False,1
C001530,25,15.53,373.48,0,2,1,Month-to-month,None,Post,False,False,False,1
C001531,7,77.15,528.79,1,0,4,One year,Fibre optic,Post,False,False,False,1
C001532,29,32.37,972.87,0,1,3,One year,DSL,Bank transfer,False,False,False,1
C001533,9,69.77,613.86,0,0,0,One year,Fibre optic,Bank transfer,True,False,False,1
C001534,8,68.36,561.17,4,0,2,Two year,DSL,Bank transfer,True,False,True,1
C001535,5,72.93,383.49,0,1,4,Month-to-month,Fibre optic,Credit card,False,False,True,1
C001536,9,90.4,839.67,0,0,2,Two year,Fibre optic,Credit card,True,False,False,0
C001537,23,94.74,2296.24,2,3,3,One year,Fibre optic,Electronic cheque,True,False,False,1
C001538,10,66.88,645.95,0,0,4,Month-to-month,Fibre optic,Bank transfer,False,False,False,0
C001539,31,45.49,1328.14,1,0,5,Month-to-month,DSL,Bank transfer,True,False,False,1
C001540,16,104.5,1632.56,1,0,3,One year,Fibre optic,Credit card,False,True,True,0
C001541,17,58.67,997.53,1,0,3,Month-to-month,DSL,Bank transfer,True,False,False,1
C001542,7,107.61,732.63,1,1,3,One year,Fibre optic,Credit card,True,False,False,0
C001543,34,55.37,1838.57,0,0,2,One year,Fibre optic,Credit card,True,True,False,0
C001544,26,73.99,1915.46,2,0,0,Month-to-month,DSL,Electronic cheque,False,False,False,1
C001545,25,33.79,833.0,0,0,1,Month-to-month,None,Electronic cheque,True,False,True,0
C001546,13,54.47,725.82,0,0,0,One year,Fibre optic,,False,False,False,0
C001547,5,65.55,327.89,0,1,1,Month-to-month,DSL,Electronic cheque,False,False,False,1
C001548,17,89.05,1486.91,0,1,3,Two year,Fibre optic,Post,True,False,True,1
C001549,22,63.03,1426.35,0,1,5,Month-to-month,DSL,Electronic cheque,True,True,False,1
C001550,22,62.8,1500.03,0,0,5,Two year,DSL,Electronic cheque,True,False,True,0
C001551,20,29.62,600.58,0,1,0,Month-to-month,None,Electronic cheque,False,False,False,0
C001552,20,105.84,2082.74,1,0,2,Month-to-month,Fibre optic,Credit card,False,False,False,0
C001553,8,104.91,797.44,0,0,2,One year,Fibre optic,Post,True,False,False,1
C001554,9,57.88,516.62,0,0,3,Month-to-month,Fibre optic,Electronic cheque,False,False,False,1
C001555,5,24.38,117.52,1,1,0,Month-to-month,None,Electronic cheque,False,False,False,0
C001556,31,21.38,672.7,0,0,5,Month-to-month,None,Electronic cheque,True,False,False,1
C001557,52,38.61,2108.47,0,2,1,One year,DSL,Bank transfer,True,False,True,0
C001558,72,65.68,4606.24,0,0,1,One year,DSL,Bank transfer,True,True,False,0
C001559,18,74.0,1308.46,2,0,4,Month-to-month,Fibre optic,Electronic cheque,True,True,False,0
C001560,20,77.39,1580.84,1,0,3,Month-to-month,DSL,Electronic cheque,True,False,False,1
C001561,14,60.35,826.26,1,0,2,Month-to-month,Fibre optic,Post,False,False,False,0
C001562,18,49.16,838.2,0,0,4,Two year,DSL,Electronic cheque,True,False,False,0
C001563,7,75.43,546.76,1,1,0,Month-to-month,Fibre optic,Credit card,False,False,False,1
C001564,13,31.74,395.2,0,1,5,One year,DSL,Electronic cheque,False,False,False,0
C001565,8,82.15,655.19,1,0,0,Month-to-month,Fibre optic,Credit card,True,False,False,1
C001566,12,121.65,1453.16,1,0,4,One year,Fibre optic,Electronic cheque,False,False,True,0
C001567,8,62.6,494.12,0,0,3,Two year,DSL,Electronic cheque,False,False,True,0
C001568,22,27.25,610.09,2,0,3,Month-to-month,None,Bank transfer,True,True,False,1
C001569,24,113.22,2591.35,1,0,3,One year,Fibre optic,Credit card,True,False,False,1
C001570,19,84.11,,2,0,3,Month-to-month,Fibre optic,Electronic cheque,True,False,False,1
C001571,9,18.2,159.5,1,0,0,One year,None,Post,False,False,False,0
C001572,5,67.7,338.8,0,0,4,Month-to-month,DSL,Credit card,False,False,False,0
C001573,25,37.9,923.39,0,0,3,Month-to-month,DSL,Electronic cheque,True,False,False,1
C001574,15,65.08,,2,1,2,Month-to-month,DSL,Credit card,True,False,False,1
C001575,2,46.64,95.54,1,0,1,Month-to-month,DSL,Credit card,True,False,True,0
C001576,17,21.41,361.93,0,1,4,Two year,None,Electronic cheque,False,False,True,0
C001577,20,18.67,369.56,2,1,4,One year,None,Post,True,False,True,0
C001578,3,42.8,125.24,2,0,3,Month-to-month,Fibre optic,Credit card,True,False,True,1
C001579,23,95.69,2205.95,0,0,1,Month-to-month,Fibre optic,Credit card,False,False,False,1
C001580,4,23.26,95.75,0,0,1,One year,None,Bank transfer,True,False,False,0
C001581,8,54.49,434.61,1,1,4,Month-to-month,DSL,Electronic cheque,True,False,False,1
C001582,4,46.66,194.32,1,1,2,Month-to-month,DSL,Credit card,True,False,False,1
C001583,7,15.0,104.12,0,0,1,One year,None,Bank transfer,True,False,False,0
C001584,5,90.36,477.5,1,0,5,Month-to-month,Fibre optic,Electronic cheque,False,False,True,1
C001585,31,87.03,2537.71,0,1,5,Month-to-month,DSL,Electronic cheque,False,False,False,1
C001586,13,87.65,1120.13,2,0,3,Month-to-month,Fibre optic,Bank transfer,True,False,False,1
C001587,11,72.32,775.37,2,1,0,Month-to-month,DSL,Electronic cheque,True,False,False,1
C001588,33,96.2,3163.37,0,0,5,One year,Fibre optic,Post,False,False,False,0
C001589,32,77.98,2538.42,1,0,5,One year,Fibre optic,Electronic cheque,True,False,False,0
C001590,11,57.66,683.03,0,2,5,Two year,DSL,Electronic cheque,False,False,False,1
C001591,19,93.34,1778.53,2,1,0,Month-to-month,Fibre optic,Electronic cheque,False,False,False,1
C001592,9,77.42,714.5,2,1,3,One year,Fibre optic,Credit card,False,False,False,0
C001593,14,75.83,1035.58,2,0,3,Two year,Fibre optic,Bank transfer,False,False,False,1
C001594,6,84.8,504.04,0,1,0,One year,Fibre optic,Credit card,False,False,False,0
C001595,21,112.34,2407.16,0,2,0,Two year,Fibre optic,Electronic cheque,False,False,False,0
C001596,34,55.95,1815.72,1,0,5,Two year,DSL,Credit card,False,False,False,0
C001597,30,73.67,,0,1,0,Two year,DSL,Electronic cheque,True,False,False,1
C001598,16,100.64,1614.06,0,0,4,Two year,Fibre optic,Electronic cheque,True,False,True,0
C001599,2,85.15,169.46,1,0,5,One year,Fibre optic,Bank transfer,False,False,False,0
C001600,9,74.79,677.49,0,0,2,Month-to-month,DSL,Bank transfer,True,False,False,1
C001601,14,15.0,199.4,0,0,2,Two year,None,Electronic cheque,True,False,True,0
C001602,4,28.68,113.55,2,1,2,Two year,None,Bank transfer,False,False,False,0
C001603,4,52.11,,0,1,3,Month-to-month,DSL,Bank transfer,True,False,False,0
C001604,40,68.53,2757.04,0,0,0,Month-to-month,DSL,Credit card,True,True,False,0
C001605,28,69.65,1999.76,1,3,0,Month-to-month,Fibre optic,,True,False,False,1
C001606,22,60.22,1326.64,2,0,5,Two year,DSL,Electronic cheque,True,False,True,0
C001607,25,30.79,744.4,0,0,2,Month-to-month,None,Bank transfer,False,True,True,1
C001608,5,101.64,,1,2,5,Month-to-month,Fibre optic,Electronic cheque,True,False,True,1
C001609,7,54.1,358.8,1,0,0,Month-to-month,DSL,Credit card,True,True,True,1
C001610,18,98.89,1785.23,3,1,0,Month-to-month,Fibre optic,Bank transfer,True,True,False,1
C001611,19,85.44,1646.85,1,0,2,Two year,DSL,Electronic cheque,True,False,False,0
C001612,4,68.46,273.32,0,0,4,Month-to-month,Fibre optic,Electronic cheque,True,False,False,1
C001613,17,65.11,1128.59,0,0,0,Month-to-month,DSL,Post,True,False,True,1
C001614,14,20.4,274.27,0,0,3,Month-to-month,None,Electronic cheque,True,False,False,0
C001615,29,82.89,2567.28,0,0,1,One year,Fibre optic,Electronic cheque,False,False,False,1
C001616,19,29.84,551.25,0,0,0,One year,None,Post,True,False,False,0
C001617,43,56.86,2253.79,0,0,1,Month-to-month,DSL,Credit card,True,False,False,0
C001618,11,71.51,756.39,3,0,4,Month-to-month,Fibre optic,Electronic cheque,False,False,False,1
C001619,6,15.06,98.31,0,1,5,Two year,None,Post,True,True,True,0
C001620,43,95.17,4226.13,2,0,4,One year,Fibre optic,Electronic cheque,True,False,False,1
C001621,20,85.04,1636.13,0,0,0,One year,Fibre optic,Bank transfer,True,False,False,1
C001622,15,24.93,387.13,3,0,3,Month-to-month,None,Post,False,False,False,0
C001623,7,61.7,448.47,0,0,1,Two year,Fibre optic,,True,True,False,0
C001624,12,25.45,292.09,0,1,1,One year,None,Credit card,True,False,False,0
C001625,11,72.72,829.2,1,0,4,Month-to-month,Fibre optic,Electronic cheque,True,False,False,1
C001626,5,91.45,451.59,1,0,5,Two year,Fibre optic,Credit card,True,False,False,0
C001627,1,106.28,108.51,0,0,1,Two year,Fibre optic,Credit card,True,True,True,0
C001628,11,67.31,,0,0,2,One year,Fibre optic,Bank transfer,True,False,False,0
C001629,26,65.39,1747.97,3,0,5,One year,DSL,Bank transfer,False,False,False,0
C001630,36,29.38,1051.3,2,0,5,Month-to-month,None,Bank transfer,False,False,True,1
C001631,30,91.49,2676.95,0,0,1,Month-to-month,Fibre optic,Credit card,True,False,False,0
C001632,31,85.05,2678.09,2,0,2,Month-to-month,Fibre optic,Credit card,False,True,True,1
C001633,6,22.12,135.99,0,0,1,One year,None,Post,True,False,True,0
C001634,18,70.74,1291.13,0,1,3,Month-to-month,Fibre optic,Bank transfer,True,True,False,0
C001635,22,44.35,973.85,1,1,5,Month-to-month,DSL,Electronic cheque,True,False,False,0
C001636,23,69.63,1633.78,0,2,3,Two year,Fibre optic,Post,True,False,False,0
C001637,14,53.16,707.83,2,0,5,Month-to-month,Fibre optic,Credit card,True,False,False,1
C001638,17,65.96,1145.92,2,0,0,Two year,DSL,Post,False,False,True,0
C001639,29,45.61,1314.55,1,0,4,Month-to-month,DSL,Electronic cheque,True,False,False,1
C001640,22,107.51,2444.06,1,0,5,Month-to-month,Fibre optic,Post,True,True,True,1
C001641,25,48.87,1227.62,3,0,3,Month-to-month,Fibre optic,Credit card,True,False,False,1
C001642,10,25.15,256.04,2,0,3,Month-to-month,None,Electronic cheque,False,True,False,0
C001643,24,49.33,1204.64,2,0,0,Month-to-month,Fibre optic,Bank transfer,True,False,False,1
C001644,17,84.51,1420.6,1,0,5,Month-to-month,Fibre optic,Post,False,False,True,1
C001645,27,63.11,1665.59,2,2,1,One year,DSL,Credit card,True,False,True,1
C001646,8,28.25,232.34,0,2,0,Month-to-month,None,Bank transfer,True,True,True,0
C001647,26,16.56,434.75,0,1,3,Month-to-month,None,Electronic cheque,True,False,False,0
C001648,12,23.07,279.13,0,1,0,Month-to-month,None,Bank transfer,True,False,False,0
C001649,26,79.69,2129.26,3,1,4,Month-to-month,Fibre optic,,False,False,False,0
C001650,19,47.22,913.85,0,2,2,Month-to-month,DSL,Credit card,False,False,True,1
C001651,16,58.01,966.03,1,0,3,Month-to-month,Fibre optic,Bank transfer,True,True,True,1
C001652,12,66.45,789.02,0,0,5,One year,Fibre optic,Bank transfer,True,False,True,0
C001653,15,62.07,945.98,0,0,3,One year,DSL,Credit card,True,False,True,0
C001654,11,40.26,460.61,1,1,5,Two year,DSL,Bank transfer,True,False,True,1
C001655,12,51.31,604.3,0,1,3,One year,DSL,Electronic cheque,True,False,True,0
C001656,21,107.72,2196.52,2,2,4,Month-to-month,Fibre optic,Bank transfer,True,False,False,1
C001657,3,32.57,97.42,1,0,2,Month-to-month,None,Electronic cheque,True,True,False,0
C001658,26,97.96,2549.76,5,0,4,Month-to-month,Fibre optic,Electronic cheque,True,False,False,1
C001659,26,63.78,1669.63,2,0,2,One year,Fibre optic,,True,False,False,0
C001660,12,83.99,1031.79,0,0,3,Month-to-month,DSL,Electronic cheque,True,False,True,1
C001661,17,94.8,1637.31,1,0,5,Month-to-month,Fibre optic,Electronic cheque,True,True,False,0
C001662,7,102.36,772.7,2,2,4,Two year,Fibre optic,Electronic cheque,False,False,False,1
C001663,20,40.9,849.37,1,0,1,Month-to-month,DSL,Credit card,True,False,False,0
C001664,7,124.28,854.14,2,0,2,Month-to-month,Fibre optic,Credit card,False,False,False,1
C001665,0,40.56,41.65,0,0,0,Two year,DSL,Credit card,False,False,False,0
C001666,35,34.31,1199.55,2,0,5,Month-to-month,None,Bank transfer,True,False,True,0
C001667,6,22.56,137.98,1,3,4,Month-to-month,None,Credit card,True,False,True,1
C001668,14,68.98,975.09,0,0,2,Month-to-month,DSL,Electronic cheque,False,False,True,0
C001669,18,62.17,1059.86,2,0,5,Month-to-month,Fibre optic,Electronic cheque,True,False,False,1
C001670,21,99.32,2041.3,0,0,2,Two year,Fibre optic,Credit card,True,False,False,0
C001671,15,64.88,977.66,1,0,4,One year,DSL,Electronic cheque,True,False,False,0
C001672,19,108.58,2109.78,1,0,1,Month-to-month,Fibre optic,Electronic cheque,True,True,False,1
C001673,12,103.86,,1,1,3,Month-to-month,Fibre optic,Credit card,True,False,False,1
C001674,4,89.23,371.79,1,1,0,Month-to-month,Fibre optic,Electronic cheque,True,True,False,0
C001675,15,46.11,710.33,0,1,4,One year,DSL,Credit card,True,False,False,0
C001676,24,102.81,2394.83,0,1,1,Month-to-month,Fibre optic,Bank transfer,False,True,False,0
C001677,6,63.57,381.36,1,0,0,Month-to-month,DSL,Post,False,False,True,0
C001678,18,72.89,1347.63,1,0,0,One year,DSL,Post,False,False,False,1
C001679,49,59.55,3022.15,1,0,1,Two year,DSL,Bank transfer,False,False,True,0
C001680,14,74.46,1000.17,0,0,3,Two year,DSL,Electronic cheque,True,False,True,0
C001681,15,39.92,587.12,1,0,2,Two year,DSL,Post,True,False,True,0
C001682,3,130.0,402.13,2,1,1,Month-to-month,Fibre optic,Bank transfer,False,False,False,1
C001683,6,83.27,482.61,1,0,4,One year,Fibre optic,Credit card,False,False,False,0
C001684,8,56.95,463.83,0,0,2,Two year,DSL,Credit card,False,True,False,0
C001685,23,58.65,,0,0,5,Month-to-month,DSL,Electronic cheque,False,False,False,0
C001686,7,15.0,104.35,1,0,2,Month-to-month,None,Bank transfer,True,False,True,0
C001687,20,24.71,459.43,0,0,4,Month-to-month,None,Bank transfer,True,False,False,0
C001688,8,48.83,403.14,1,1,1,Two year,DSL,Bank transfer,True,False,False,1
C001689,3,99.9,293.07,0,0,3,Two year,Fibre optic,Post,True,False,False,0
C001690,25,53.97,1325.13,0,1,1,Two year,DSL,Bank transfer,True,False,False,0
C001691,11,26.3,293.49,0,0,2,Month-to-month,None,Bank transfer,True,False,False,1
C001692,21,86.74,1821.85,1,0,0,Two year,Fibre optic,Electronic cheque,False,False,True,0
C001693,3,60.34,181.02,4,3,4,Month-to-month,DSL,Electronic cheque,True,False,False,1
C001694,1,105.72,105.25,0,1,5,Month-to-month,Fibre optic,Bank transfer,True,False,True,0
C001695,17,80.91,1352.49,0,0,3,One year,Fibre optic,Electronic cheque,True,True,True,1
C001696,5,68.32,335.22,0,0,2,One year,DSL,Credit card,False,False,True,0
C001697,16,63.11,1027.74,0,0,1,Two year,DSL,Credit card,False,False,False,0
C001698,17,70.14,1158.59,3,0,2,Month-to-month,Fibre optic,Electronic cheque,False,False,False,1
C001699,15,54.91,807.53,1,0,2,Month-to-month,DSL,Post,True,True,False,0
C001700,31,59.39,1843.82,0,3,5,Month-to-month,DSL,Credit card,True,False,True,1
C001701,20,23.28,474.3,2,0,3,Month-to-month,None,Bank transfer,True,False,False,0
C001702,49,103.37,4950.39,1,0,2,Two year,Fibre optic,Credit card,True,False,True,0
C001703,11,64.49,691.96,2,0,1,Month-to-month,Fibre optic,Post,False,False,True,1
C001704,5,86.59,429.16,0,1,4,Month-to-month,Fibre optic,Electronic cheque,False,False,False,0
C001705,9,105.31,922.3,1,1,4,Month-to-month,Fibre optic,Electronic cheque,False,False,False,0
C001706,12,74.66,892.54,1,1,1,One year,Fibre optic,Post,False,False,False,1
C001707,52,94.65,4590.15,3,0,2,Two year,Fibre optic,Credit card,True,False,False,0
C001708,16,76.01,1270.88,2,1,0,Month-to-month,DSL,Post,True,True,False,1
C001709,32,61.22,1954.81,0,0,4,Month-to-month,DSL,Post,True,False,False,0
C001710,11,53.66,558.49,0,0,4,Two year,DSL,Electronic cheque,False,False,False,0
C001711,10,105.93,1040.77,0,0,1,One year,Fibre optic,Credit card,False,False,True,1
C001712,3,78.69,236.44,1,1,3,Month-to-month,Fibre optic,Post,False,False,False,1
C001713,51,109.96,5585.98,0,0,0,Month-to-month,Fibre optic,Bank transfer,False,False,False,1
C001714,39,96.42,3609.4,2,0,0,Two year,Fibre optic,Credit card,False,True,False,1
C001715,18,15.83,295.43,1,1,3,One year,None,Bank transfer,True,False,True,0
C001716,13,61.4,818.46,0,0,2,Month-to-month,DSL,Credit card,True,False,True,0
C001717,16,118.35,1818.6,2,3,0,Month-to-month,Fibre optic,Electronic cheque,False,False,False,1
C001718,4,90.4,365.0,0,1,4,Month-to-month,Fibre optic,Credit card,True,False,False,1
C001719,21,60.38,1232.4,3,1,2,Month-to-month,Fibre optic,Electronic cheque,False,True,True,1
C001720,37,73.64,2612.04,0,0,5,Month-to-month,Fibre optic,Credit card,True,False,False,0
C001721,38,40.31,1488.78,0,1,5,Month-to-month,DSL,Bank transfer,False,False,True,0
C001722,3,15.18,46.52,0,0,2,Month-to-month,None,Bank transfer,False,False,True,1
C001723,32,79.41,2462.18,1,1,0,Month-to-month,Fibre optic,Bank transfer,False,False,True,1
C001724,4,22.43,,0,0,2,Month-to-month,None,Electronic cheque,True,False,False,0
C001725,1,78.63,75.19,1,2,2,Month-to-month,Fibre optic,Bank transfer,True,False,False,0
C001726,32,23.75,774.92,0,0,4,Two year,None,Credit card,False,False,False,0
C001727,10,64.25,636.27,1,1,4,Month-to-month,DSL,Electronic cheque,False,False,False,0
C001728,29,61.05,1791.0,1,0,0,Two year,Fibre optic,Electronic cheque,True,True,False,0
C001729,28,49.98,1346.17,0,0,0,Two year,DSL,Electronic cheque,True,False,True,0
C001730,25,49.11,1305.43,0,0,3,Two year,DSL,Electronic cheque,True,False,False,0
C001731,16,61.3,1036.56,1,0,1,Month-to-month,DSL,Electronic cheque,False,False,True,0
C001732,5,96.25,443.99,3,0,3,Month-to-month,Fibre optic,Electronic cheque,True,False,False,0
C001733,12,64.22,799.47,0,0,0,One year,Fibre optic,Credit card,True,False,False,1
C001734,39,68.21,2670.48,1,1,1,Month-to-month,Fibre optic,Credit card,True,False,False,0
C001735,30,46.76,1422.06,0,1,2,Month-to-month,DSL,Credit card,True,False,False,1
C001736,12,76.43,928.16,0,0,2,Month-to-month,DSL,Credit card,False,True,False,1
C001737,12,69.32,854.15,0,1,4,One year,Fibre optic,Post,False,False,False,0
C001738,24,107.81,2539.74,0,0,5,Two year,Fibre optic,Post,True,True,True,0
C001739,17,37.65,610.84,0,1,5,Month-to-month,DSL,Electronic cheque,True,False,False,0
C001740,13,87.3,1111.75,1,0,4,Two year,Fibre optic,Electronic cheque,False,False,True,0
C001741,22,78.9,1693.75,1,0,0,One year,DSL,Post,False,False,True,0
C001742,22,55.9,1229.99,0,0,2,Month-to-month,Fibre optic,Credit card,True,True,True,0
C001743,9,88.67,797.41,3,0,1,Month-to-month,Fibre optic,Electronic cheque,False,False,False,1
C001744,20,91.3,1797.28,4,0,4,Month-to-month,Fibre optic,Credit card,False,True,True,1
C001745,21,105.52,2169.19,1,2,5,Two year,Fibre optic,Post,True,False,False,1
C001746,15,21.79,333.36,0,1,2,One year,None,Electronic cheque,False,False,False,1
C001747,8,41.42,320.7,1,0,5,One year,DSL,Electronic cheque,True,False,False,0
C001748,12,49.13,602.85,0,1,0,One year,DSL,Credit card,True,False,True,0
C001749,7,33.09,231.23,0,0,0,Month-to-month,None,Electronic cheque,False,False,False,1
C001750,20,16.13,317.12,0,0,2,Two year,None,Credit card,False,False,False,0
C001751,3,62.77,182.62,4,1,5,Two year,Fibre optic,Electronic cheque,True,False,False,1
C001752,41,60.64,2589.85,1,0,1,One year,DSL,Bank transfer,False,False,False,0
C001753,36,38.27,1305.54,3,0,1,Month-to-month,DSL,Credit card,False,False,True,1
C001754,21,29.68,631.34,0,0,2,Month-to-month,None,Bank transfer,False,True,False,0
C001755,29,65.56,1893.36,1,1,3,Month-to-month,Fibre optic,Bank transfer,False,False,False,0
C001756,27,95.63,2561.38,1,0,5,Month-to-month,DSL,,False,False,True,0
C001757,17,45.15,737.8,0,0,4,One year,DSL,Bank transfer,False,True,False,1
C001758,13,103.07,1308.8,1,0,4,One year,Fibre optic,Credit card,True,False,False,0
C001759,12,41.38,531.14,0,0,4,Two year,Fibre optic,Electronic cheque,True,False,True,0
C001760,42,24.56,1065.28,0,2,4,Month-to-month,None,Bank transfer,False,False,True,1
C001761,8,108.27,892.27,0,1,4,Month-to-month,Fibre optic,Credit card,False,False,False,0
C001762,8,59.98,490.06,0,0,2,Month-to-month,DSL,Electronic cheque,True,False,True,0
C001763,31,59.13,1847.52,1,0,1,Two year,DSL,Post,False,False,False,0
C001764,29,81.35,2461.73,1,0,0,One year,Fibre optic,Credit card,True,False,False,1
C001765,13,63.84,835.5,2,0,3,Month-to-month,DSL,Bank transfer,False,True,False,1
C001766,23,55.58,1369.18,0,1,4,One year,DSL,Electronic cheque,True,True,False,1
C001767,25,48.56,1260.82,0,2,3,One year,DSL,Post,False,False,False,0
C001768,5,55.68,281.48,0,0,0,Month-to-month,DSL,,False,False,False,0
C001769,37,20.0,754.77,0,1,4,Month-to-month,None,Credit card,False,False,False,0
C001770,25,55.23,1378.92,1,0,3,Month-to-month,DSL,Bank transfer,True,False,False,0
C001771,21,84.74,1873.41,1,2,1,Month-to-month,Fibre optic,Electronic cheque,True,False,False,1
C001772,25,84.22,2069.69,1,1,5,One year,Fibre optic,Electronic cheque,True,False,True,0
C001773,20,43.61,889.93,0,1,5,Month-to-month,DSL,Electronic cheque,True,False,True,0
C001774,14,94.95,1335.02,1,0,5,One year,Fibre optic,Credit card,True,False,True,0
C001775,17,17.52,290.92,2,1,1,One year,None,Credit card,False,False,False,0
C001776,4,83.34,337.77,1,1,2,Month-to-month,Fibre optic,Credit card,True,False,True,1
C001777,54,92.89,4606.1,0,2,1,Two year,Fibre optic,Bank transfer,True,True,True,0
C001778,14,26.84,386.04,0,0,0,Month-to-month,None,Credit card,False,False,False,0
C001779,53,29.52,1638.29,0,1,3,One year,None,,False,False,False,0
C001780,17,24.21,405.3,0,0,5,Month-to-month,None,Electronic cheque,True,False,False,0
C001781,9,33.11,294.94,2,0,0,One year,Fibre optic,Credit card,False,False,False,1
C001782,37,78.27,2881.11,2,0,3,Month-to-month,Fibre optic,Electronic cheque,True,False,False,1
C001783,21,87.29,1890.45,0,1,2,Month-to-month,Fibre optic,Credit card,True,False,False,0
C001784,67,71.62,5021.59,0,0,4,Month-to-month,DSL,Bank transfer,True,True,False,0
C001785,9,109.8,1027.58,0,1,0,One year,Fibre optic,Bank transfer,True,False,False,1
C001786,38,29.5,1161.25,0,1,5,One year,None,Post,False,False,False,0
C001787,39,60.87,2402.12,1,1,1,One year,DSL,Electronic cheque,False,False,False,0
C001788,26,37.48,916.04,1,1,0,Month-to-month,None,Bank transfer,True,True,False,0
C001789,39,15.0,581.72,1,1,2,One year,None,Electronic cheque,False,False,False,0
C001790,15,60.29,929.9,0,0,4,One year,DSL,Credit card,False,False,False,0
C001791,8,52.21,429.28,0,0,4,Month-to-month,DSL,Credit card,True,False,False,0
C001792,10,32.87,326.91,0,0,5,Month-to-month,None,Post,True,False,False,0
C001793,17,51.0,818.76,1,0,4,Month-to-month,DSL,Post,True,False,False,0
C001794,27,53.1,1472.37,0,0,0,Two year,Fibre optic,Electronic cheque,True,True,False,1
C001795,8,81.76,,1,0,1,Month-to-month,DSL,Credit card,True,False,False,1
C001796,12,60.18,703.51,2,1,5,Month-to-month,DSL,Bank transfer,True,False,True,0
C001797,9,37.81,350.95,0,0,1,Two year,DSL,Bank transfer,True,False,False,0
C001798,31,60.55,1886.94,0,0,5,Two year,DSL,Bank transfer,True,False,False,0
C001799,53,24.34,1325.45,3,0,2,Month-to-month,None,Post,True,False,True,0
C001800,7,71.42,479.44,0,0,1,Two year,DSL,Bank transfer,True,False,False,0
C001801,24,50.74,1214.97,2,0,0,Month-to-month,DSL,Electronic cheque,True,True,False,1
C001802,34,83.41,2696.04,5,0,3,Two year,Fibre optic,Credit card,True,True,False,0
C001803,14,29.26,422.36,0,0,5,Month-to-month,None,Electronic cheque,True,True,True,0
C001804,4,74.44,305.14,4,0,2,Month-to-month,Fibre optic,Electronic cheque,True,False,False,1
C001805,37,90.86,3265.47,0,1,2,Two year,Fibre optic,Credit card,True,False,False,0
C001806,4,37.44,148.72,0,1,4,Month-to-month,DSL,Credit card,True,False,True,0
C001807,44,18.98,850.6,0,0,1,Two year,None,Electronic cheque,True,False,False,0
C001808,9,89.75,783.83,1,1,5,Month-to-month,Fibre optic,Bank transfer,False,True,False,1
C001809,4,29.27,111.04,0,0,4,Month-to-month,None,Bank transfer,False,False,True,0
C001810,11,38.34,421.26,2,1,5,Two year,Fibre optic,Electronic cheque,False,False,False,1
C001811,16,23.41,383.27,0,1,0,Month-to-month,None,Credit card,False,False,False,0
C001812,18,95.32,1664.71,1,0,3,Two year,Fibre optic,Electronic cheque,False,True,False,1
C001813,25,88.6,2304.34,3,0,0,Two year,Fibre optic,Electronic cheque,True,False,False,0
C001814,19,77.04,1481.5,1,0,4,Month-to-month,Fibre optic,Credit card,False,False,False,1
C001815,50,55.67,2891.9,1,0,1,Month-to-month,DSL,Electronic cheque,True,True,False,0
C001816,15,25.6,371.94,0,1,5,Month-to-month,None,Bank transfer,True,False,False,0
C001817,20,73.63,1428.22,1,1,2,Month-to-month,Fibre optic,Bank transfer,True,True,True,1
C001818,19,21.21,394.98,0,0,0,Month-to-month,None,Post,True,False,False,0
C001819,3,58.45,183.05,0,0,5,Month-to-month,Fibre optic,Post,False,False,False,1
C001820,6,16.84,101.26,1,0,0,Two year,None,Bank transfer,True,False,False,0
C001821,17,53.98,912.35,0,0,2,Month-to-month,DSL,Electronic cheque,True,False,True,0
C001822,22,30.8,705.45,0,1,2,One year,None,Electronic cheque,False,False,False,0
C001823,2,61.46,118.43,1,0,1,Month-to-month,DSL,Credit card,False,False,False,0
C001824,52,70.42,3690.79,0,0,4,Month-to-month,Fibre optic,Bank transfer,True,False,False,0
C001825,23,65.52,1502.55,0,0,4,Month-to-month,DSL,Electronic cheque,True,False,False,0
C001826,16,74.8,1254.66,1,1,2,Month-to-month,Fibre optic,Electronic cheque,False,False,False,0
C001827,23,89.6,2119.45,1,1,0,One year,Fibre optic,Electronic cheque,True,False,False,1
C001828,10,38.52,379.55,0,0,2,Month-to-month,None,Bank transfer,True,False,False,1
C001829,18,18.23,344.97,0,1,2,Two year,None,Electronic cheque,True,False,False,0
C001830,21,95.99,2026.95,1,1,5,Two year,Fibre optic,Credit card,True,True,False,0
C001831,37,29.06,1094.03,0,1,0,Month-to-month,None,Electronic cheque,True,False,False,0
C001832,14,86.35,1223.38,0,0,0,Two year,Fibre optic,Electronic cheque,False,False,False,0
C001833,4,57.89,,0,0,1,Two year,Fibre optic,Electronic cheque,True,False,False,0
C001834,8,69.96,519.13,0,1,1,Month-to-month,DSL,Credit card,True,False,False,0
C001835,13,66.79,882.29,0,0,1,Two year,DSL,Electronic cheque,True,False,False,0
C001836,5,58.68,313.37,1,1,5,Month-to-month,DSL,Electronic cheque,True,False,False,1
C001837,7,87.75,590.99,2,0,1,One year,Fibre optic,Bank transfer,False,False,False,1
C001838,8,79.44,616.93,1,0,1,Month-to-month,Fibre optic,Bank transfer,False,False,True,1
C001839,12,76.79,928.04,1,1,3,Two year,Fibre optic,Electronic cheque,True,False,False,0
C001840,23,20.63,492.44,2,0,4,Two year,None,Credit card,False,False,False,0
C001841,12,59.4,720.05,0,1,4,Two year,DSL,Electronic cheque,True,False,False,0
C001842,24,25.11,598.77,1,1,0,Two year,None,Bank transfer,True,False,True,0
C001843,16,20.63,329.98,1,1,5,Month-to-month,None,Credit card,True,True,False,0
C001844,7,117.64,814.5,1,1,0,One year,Fibre optic,Bank transfer,True,False,False,1
C001845,21,104.83,2170.89,1,0,5,Month-to-month,Fibre optic,Credit card,False,False,False,0
C001846,19,41.2,750.88,1,1,2,Month-to-month,DSL,Electronic cheque,False,False,False,0
C001847,25,18.6,494.65,1,1,4,Month-to-month,None,Electronic cheque,False,False,False,0
C001848,28,82.7,2327.96,0,1,3,Two year,Fibre optic,Bank transfer,True,False,False,0
C001849,38,18.88,695.67,3,1,0,One year,None,Bank transfer,False,False,False,0
C001850,24,31.87,790.7,0,1,3,Month-to-month,DSL,Bank transfer,True,False,False,0
C001851,18,95.35,1596.23,0,1,5,Two year,Fibre optic,Post,True,False,False,0
C001852,25,92.01,2211.22,1,1,1,Two year,Fibre optic,Credit card,True,False,False,0
C001853,11,99.2,1101.07,1,0,5,Month-to-month,Fibre optic,Post,False,False,True,1
C001854,10,106.95,1067.99,1,1,2,Month-to-month,Fibre optic,Electronic cheque,False,False,False,1
C001855,41,42.58,1775.5,1,0,5,One year,DSL,Post,False,False,True,0
C001856,10,59.19,575.69,1,0,5,One year,DSL,Credit card,False,False,False,0
C001857,8,52.24,412.51,2,2,1,Month-to-month,DSL,Post,False,False,False,0
C001858,24,37.27,889.18,0,0,0,Month-to-month,DSL,Post,False,False,True,0
C001859,11,43.36,465.22,1,0,0,Month-to-month,DSL,Bank transfer,True,False,False,1
C001860,28,44.48,1203.61,1,0,0,Month-to-month,DSL,Post,False,False,True,0
C001861,36,77.54,2922.08,2,0,1,Month-to-month,Fibre optic,Credit card,True,False,False,1
C001862,9,77.12,672.18,2,1,2,Month-to-month,Fibre optic,Bank transfer,True,False,True,1
C001863,26,80.73,2082.62,1,0,4,Month-to-month,Fibre optic,Credit card,False,False,True,1
C001864,10,50.83,493.51,0,2,5,One year,DSL,Bank transfer,True,False,True,0
C001865,13,50.38,642.85,1,0,0,Month-to-month,DSL,Electronic cheque,False,False,True,0
C001866,20,105.87,2025.25,2,0,5,Month-to-month,Fibre optic,Electronic cheque,False,True,False,0
C001867,10,94.82,911.47,0,2,3,Month-to-month,Fibre optic,Credit card,False,False,False,1
C001868,19,49.84,936.56,2,1,1,Two year,DSL,Credit card,True,False,False,0
C001869,14,93.13,1290.68,0,2,0,Month-to-month,Fibre optic,Bank transfer,False,False,False,0
C001870,29,24.34,711.45,3,0,0,Month-to-month,None,Electronic cheque,False,True,True,0
C001871,29,72.53,2235.56,2,0,0,Month-to-month,Fibre optic,Credit card,False,False,False,1
C001872,10,15.0,150.98,1,0,2,One year,None,Electronic cheque,True,False,False,0
C001873,20,38.36,755.45,0,1,5,Month-to-month,DSL,Electronic cheque,False,False,False,0
C001874,32,55.85,1660.21,1,1,5,Month-to-month,DSL,Electronic cheque,True,False,True,0
C001875,7,64.06,430.82,3,2,0,Two year,DSL,Electronic cheque,True,True,False,1
C001876,14,91.56,1349.43,2,0,4,One year,Fibre optic,Post,False,False,False,0
C001877,20,118.85,2428.18,1,0,5,Month-to-month,Fibre optic,Electronic cheque,True,False,False,1
C001878,6,95.03,575.51,3,0,4,Month-to-month,Fibre optic,Credit card,True,False,False,1
C001879,11,20.32,227.18,1,2,1,Two year,None,Post,False,False,True,0
C001880,47,79.69,3613.35,4,1,2,Two year,Fibre optic,Electronic cheque,False,False,True,0
C001881,10,60.9,615.27,2,0,1,One year,DSL,Bank transfer,False,False,False,1
C001882,11,78.61,858.45,3,1,1,One year,Fibre optic,Electronic cheque,True,False,True,1
C001883,23,75.32,1789.99,0,0,0,Two year,DSL,Bank transfer,False,False,False,0
C001884,6,80.71,481.98,0,0,0,Two year,Fibre optic,Credit card,True,True,False,0
C001885,14,32.94,449.89,1,3,4,Month-to-month,None,Bank transfer,True,False,False,1
C001886,8,105.35,850.44,1,0,3,Two year,Fibre optic,Bank transfer,True,False,True,1
C001887,19,47.93,898.31,1,0,0,One year,DSL,Bank transfer,True,True,False,0
C001888,1,77.68,79.03,2,0,2,One year,Fibre optic,Electronic cheque,False,False,True,1
C001889,17,40.96,696.68,0,1,4,Month-to-month,DSL,Electronic cheque,True,False,False,1
C001890,20,38.3,788.43,1,1,1,Month-to-month,DSL,Credit card,False,False,True,1
C001891,12,86.81,1012.15,0,0,5,Two year,Fibre optic,Electronic cheque,True,False,False,0
C001892,12,68.25,857.22,0,0,0,One year,DSL,Bank transfer,True,False,False,0
C001893,11,48.04,534.66,4,0,4,Month-to-month,DSL,Electronic cheque,False,True,True,1
C001894,14,51.97,728.14,2,3,3,One year,Fibre optic,Electronic cheque,True,False,False,1
C001895,41,88.71,3745.67,2,0,2,Month-to-month,Fibre optic,Bank transfer,True,False,False,1
C001896,29,90.99,,1,0,2,Month-to-month,Fibre optic,Electronic cheque,True,True,False,0
C001897,14,19.89,283.87,0,0,5,One year,None,Bank transfer,True,False,False,0
C001898,11,61.93,690.42,0,0,4,One year,DSL,Electronic cheque,False,False,True,0
C001899,27,59.68,1645.85,0,0,3,Month-to-month,DSL,Credit card,True,False,False,1
C001900,18,15.38,274.79,0,0,1,Month-to-month,None,Bank transfer,True,False,False,0
C001901,6,65.82,401.89,0,2,3,Month-to-month,DSL,Bank transfer,True,False,True,0
C001902,13,30.26,387.03,2,0,0,One year,None,Electronic cheque,False,False,True,0
C001903,39,105.7,4024.73,2,0,0,Two year,Fibre optic,Electronic cheque,False,False,False,0
C001904,23,112.18,2540.84,4,0,1,One year,Fibre optic,Credit card,True,True,False,1
C001905,12,46.79,532.38,0,0,1,One year,DSL,Credit card,True,False,False,0
C001906,4,92.27,355.41,1,2,4,Month-to-month,Fibre optic,,True,False,False,1
C001907,19,15.0,282.2,2,2,1,Month-to-month,None,Post,False,True,False,0
C001908,16,61.37,934.43,0,1,0,Two year,DSL,Electronic cheque,True,False,True,0
C001909,14,76.25,1054.85,2,0,3,Month-to-month,Fibre optic,Post,True,True,True,1
C001910,27,24.13,667.78,1,1,3,Month-to-month,None,Electronic cheque,False,False,False,0
C001911,23,121.48,2766.56,1,1,4,Month-to-month,Fibre optic,Credit card,False,False,False,1
C001912,4,40.81,161.31,2,0,2,One year,DSL,Electronic cheque,True,False,False,0
C001913,16,114.48,1822.31,2,1,3,Month-to-month,Fibre optic,Electronic cheque,True,False,True,1
C001914,5,81.52,375.47,1,0,5,Month-to-month,Fibre optic,Post,True,False,False,1
C001915,11,75.67,834.93,1,0,5,One year,DSL,Electronic cheque,True,False,False,0
C001916,5,24.28,123.93,1,2,3,Month-to-month,None,Electronic cheque,False,False,False,0
C001917,5,55.98,287.75,0,0,2,Month-to-month,DSL,Electronic cheque,False,False,False,0
C001918,20,31.83,627.17,0,0,4,Two year,None,Post,False,False,False,0
C001919,19,60.5,1199.95,2,2,4,Two year,DSL,Bank transfer,True,False,False,1
C001920,15,35.62,538.13,1,0,3,Month-to-month,DSL,Post,False,False,False,0
C001921,10,75.47,776.84,1,0,5,Month-to-month,Fibre optic,Credit card,True,True,True,1
C001922,5,83.77,414.67,0,1,3,Month-to-month,DSL,Credit card,True,False,False,1
C001923,11,34.01,390.29,0,0,1,Month-to-month,DSL,Credit card,True,False,True,0
C001924,19,55.66,1041.6,1,2,1,Two year,DSL,Credit card,True,False,True,0
C001925,19,23.03,442.22,0,0,0,One year,None,Electronic cheque,True,False,False,0
C001926,38,33.3,1266.15,0,0,2,Month-to-month,DSL,Bank transfer,True,False,False,0
C001927,34,121.98,3991.63,2,0,0,One year,Fibre optic,Bank transfer,True,False,False,0
C001928,16,82.54,1381.76,0,0,4,Month-to-month,Fibre optic,Credit card,True,False,True,0
C001929,11,72.77,792.25,2,0,0,Month-to-month,Fibre optic,Bank transfer,True,False,False,1
C001930,8,105.88,816.15,2,1,5,Two year,Fibre optic,Electronic cheque,False,False,False,0
C001931,4,47.72,186.07,2,0,5,Month-to-month,DSL,Bank transfer,True,True,True,0
C001932,6,23.24,142.76,0,0,2,Month-to-month,None,Post,True,True,True,0
C001933,19,97.7,1946.44,1,0,2,Two year,Fibre optic,Credit card,False,True,False,0
C001934,24,15.0,350.3,2,1,3,Month-to-month,None,Credit card,True,False,False,0
C001935,12,67.2,817.17,1,0,0,Month-to-month,Fibre optic,Post,True,False,True,1
C001936,65,22.6,1447.0,0,1,1,Month-to-month,None,Bank transfer,True,False,True,1
C001937,6,15.0,83.66,0,0,3,Month-to-month,None,Electronic cheque,False,False,False,0
C001938,3,81.38,249.32,1,0,1,Month-to-month,Fibre optic,Electronic cheque,True,False,False,1
C001939,64,22.6,1401.11,1,0,3,Month-to-month,None,Electronic cheque,False,False,False,0
C001940,4,72.11,294.42,0,0,3,Month-to-month,DSL,Post,True,False,True,1
C001941,12,69.84,851.94,1,0,2,Month-to-month,DSL,Bank transfer,False,False,False,0
C001942,9,46.98,417.21,3,1,0,One year,Fibre optic,Electronic cheque,False,True,True,0
C001943,20,98.27,1987.22,0,0,0,Two year,Fibre optic,Electronic cheque,False,False,False,0
C001944,12,73.07,899.23,0,0,4,One year,Fibre optic,Credit card,False,False,False,1
C001945,24,80.82,1840.34,2,0,2,One year,Fibre optic,Bank transfer,False,False,False,0
C001946,28,74.96,2118.58,1,0,0,Two year,Fibre optic,Bank transfer,True,False,False,0
C001947,4,22.36,90.74,0,0,3,Month-to-month,None,Credit card,True,False,False,1
C001948,8,54.57,433.73,0,1,0,Month-to-month,DSL,Electronic cheque,False,False,False,1
C001949,26,84.71,2306.99,0,0,5,Month-to-month,DSL,Electronic cheque,True,False,True,0
C001950,32,80.7,2599.23,0,2,1,Month-to-month,Fibre optic,Bank transfer,True,False,True,1
C001951,18,96.43,1851.68,1,0,2,Two year,Fibre optic,Bank transfer,True,False,False,0
C001952,21,15.18,332.84,1,0,5,Month-to-month,None,Credit card,False,False,False,0
C001953,40,65.66,2771.4,0,1,3,Two year,DSL,Bank transfer,False,False,False,0
C001954,12,61.52,755.1,0,0,0,Month-to-month,DSL,Bank transfer,False,False,False,1
C001955,17,31.74,558.55,1,1,2,Month-to-month,None,Electronic cheque,True,False,False,0
C001956,34,43.39,1464.56,1,0,3,Month-to-month,DSL,Electronic cheque,False,False,False,1
C001957,36,99.82,3822.11,1,1,3,Month-to-month,Fibre optic,Electronic cheque,True,False,False,1
C001958,14,39.21,531.15,0,1,2,Month-to-month,DSL,Credit card,False,True,True,0
C001959,8,68.11,574.81,1,0,1,One year,Fibre optic,Bank transfer,True,False,False,0
C001960,14,26.3,366.7,4,0,3,Month-to-month,None,Bank transfer,False,False,False,1
C001961,15,51.97,748.11,2,3,1,Two year,Fibre optic,Bank transfer,False,False,False,1
C001962,8,48.1,392.1,1,1,2,Two year,DSL,Post,True,False,False,0
C001963,9,73.78,662.75,1,0,4,Month-to-month,Fibre optic,Post,True,True,True,0
C001964,36,72.34,2655.7,1,0,2,Two year,DSL,Bank transfer,True,False,False,0
C001965,22,33.3,776.12,0,0,0,Month-to-month,DSL,Post,True,False,False,0
C001966,12,84.35,977.55,0,2,5,Month-to-month,Fibre optic,Credit card,False,False,False,0
C001967,6,80.17,503.73,1,0,1,Month-to-month,Fibre optic,Electronic cheque,False,False,True,1
C001968,9,117.81,1085.01,3,0,1,One year,Fibre optic,Credit card,False,False,False,1
C001969,3,100.47,,1,0,0,Month-to-month,Fibre optic,Electronic cheque,False,False,False,1
C001970,18,75.74,1291.02,0,2,1,One year,Fibre optic,Post,True,True,False,0
C001971,8,79.27,644.39,0,0,0,Two year,DSL,Post,True,False,False,0
C001972,19,17.62,346.22,2,0,0,Month-to-month,None,Post,True,False,False,0
C001973,25,42.36,1124.17,1,0,0,Two year,DSL,Credit card,False,False,True,0
C001974,19,39.14,709.5,2,0,3,One year,None,Electronic cheque,False,False,False,0
C001975,11,91.28,995.43,0,0,0,Month-to-month,Fibre optic,Credit card,False,True,False,1
C001976,7,82.39,625.2,0,0,0,Month-to-month,Fibre optic,Bank transfer,True,False,False,1
C001977,5,85.31,400.29,1,0,1,Month-to-month,Fibre optic,Credit card,False,False,False,1
C001978,34,67.92,2392.43,1,0,5,Month-to-month,Fibre optic,Credit card,True,False,False,0
C001979,19,87.74,1683.42,2,0,0,One year,Fibre optic,Electronic cheque,True,False,True,1
C001980,12,20.76,244.5,2,0,3,Month-to-month,None,Electronic cheque,False,True,False,0
C001981,23,15.58,354.59,0,0,2,Month-to-month,None,Credit card,False,False,False,0
C001982,30,99.94,3231.87,0,1,4,One year,Fibre optic,Post,True,True,False,0
C001983,9,78.42,725.48,0,1,5,One year,Fibre optic,Bank transfer,True,False,True,1
C001984,18,92.99,1669.11,0,1,4,Two year,Fibre optic,Post,True,True,False,0
C001985,18,49.42,870.13,1,1,5,Month-to-month,Fibre optic,Electronic cheque,False,False,False,1
C001986,39,48.57,1948.85,1,1,4,One year,DSL,Credit card,False,True,False,0
C001987,12,36.49,434.53,1,2,3,Month-to-month,DSL,Electronic cheque,False,False,False,1
C001988,7,103.85,708.62,1,0,5,One year,Fibre optic,Credit card,True,False,True,0
C001989,20,47.82,951.7,1,0,0,Month-to-month,DSL,Bank transfer,True,False,True,0
C001990,24,123.61,3010.51,3,0,3,Month-to-month,Fibre optic,Post,True,False,False,1
C001991,17,52.11,882.46,0,0,1,Two year,DSL,Credit card,False,True,False,0
C001992,40,47.95,2024.26,0,0,1,One year,DSL,Post,False,False,False,0
C001993,12,87.52,1077.55,0,1,3,One year,Fibre optic,Electronic cheque,True,False,True,0
C001994,17,93.36,1575.24,0,0,3,Month-to-month,Fibre optic,Electronic cheque,False,False,False,1
C001995,4,33.1,135.77,1,0,3,One year,None,Bank transfer,False,False,True,0
C001996,7,63.92,443.96,0,0,3,Month-to-month,DSL,Post,False,False,False,0
C001997,9,87.32,782.77,0,2,3,Month-to-month,DSL,Electronic cheque,False,False,False,1
C001998,13,59.98,780.81,1,0,1,Month-to-month,DSL,Post,True,False,True,1
C001999,5,78.8,388.82,3,0,3,Month-to-month,Fibre optic,Credit card,True,True,False,1
C002000,23,55.67,1325.26,0,0,1,Month-to-month,DSL,Electronic cheque,True,False,False,1
C002001,8,82.55,682.32,1,0,1,One year,Fibre optic,Credit card,True,False,False,1
C002002,58,72.05,4061.43,0,0,3,Month-to-month,DSL,Electronic cheque,False,False,False,1
C002003,8,25.03,210.67,1,0,1,Two year,None,Post,True,False,True,0
C002004,16,70.22,1141.6,3,0,2,Two year,Fibre optic,Credit card,True,False,False,1
C002005,15,68.39,961.53,1,0,2,Month-to-month,Fibre optic,Credit card,False,False,False,0
C002006,6,57.36,346.65,1,2,1,One year,DSL,Electronic cheque,False,False,False,1
C002007,13,45.02,596.62,1,0,5,Month-to-month,DSL,Electronic cheque,True,True,False,0
C002008,13,51.32,653.54,2,0,3,Two year,Fibre optic,Credit card,True,False,False,1
C002009,28,102.01,3063.33,1,0,0,Month-to-month,Fibre optic,Post,True,False,False,0
C002010,20,85.33,1661.41,2,1,1,Month-to-month,Fibre optic,Bank transfer,True,False,True,0
C002011,23,41.03,959.82,0,1,0,Month-to-month,DSL,Post,True,False,False,0
C002012,27,41.14,1088.06,1,0,5,Two year,DSL,Bank transfer,True,False,True,0
C002013,23,24.05,542.63,3,2,4,Month-to-month,None,Electronic cheque,False,False,False,1
C002014,18,47.76,862.79,2,2,4,Two year,DSL,Credit card,False,False,True,0
C002015,9,59.08,518.79,5,2,1,Month-to-month,DSL,Electronic cheque,False,False,False,1
C002016,17,109.39,1840.43,0,0,0,One year,Fibre optic,Electronic cheque,True,False,True,1
C002017,7,52.0,356.75,1,1,5,Month-to-month,DSL,Credit card,True,False,True,0
C002018,14,79.19,1055.65,0,1,2,Month-to-month,Fibre optic,Credit card,True,False,False,0
C002019,13,76.76,988.37,1,0,4,Month-to-month,Fibre optic,Electronic cheque,False,False,False,1
C002020,13,50.99,704.44,2,0,1,Month-to-month,Fibre optic,Bank transfer,False,False,False,0
C002021,5,90.84,,0,3,2,One year,Fibre optic,Credit card,False,False,True,1
C002022,1,81.43,81.28,1,1,1,One year,DSL,Bank transfer,True,True,True,0
C002023,11,59.28,653.99,3,0,1,Month-to-month,DSL,Electronic cheque,True,False,True,1
C002024,32,85.59,2882.62,2,0,1,Month-to-month,Fibre optic,Bank transfer,True,False,False,1
C002025,16,72.4,1173.82,2,0,2,Month-to-month,DSL,Electronic cheque,False,False,False,1
C002026,30,67.85,1980.45,0,1,0,One year,DSL,Electronic cheque,False,False,False,0
C002027,7,117.73,781.9,0,2,0,One year,Fibre optic,Credit card,True,False,False,1
C002028,10,71.1,691.04,0,0,1,Two year,Fibre optic,Electronic cheque,False,False,False,0
C002029,60,52.88,3184.45,0,2,5,Two year,DSL,Electronic cheque,True,False,True,0
C002030,8,22.15,170.92,0,1,0,Month-to-month,None,Credit card,True,False,False,0
C002031,22,71.96,1646.18,3,1,4,Month-to-month,DSL,Electronic cheque,True,True,False,1
C002032,22,16.44,357.95,1,2,4,Two year,None,Credit card,False,False,True,0
C002033,21,57.85,1263.96,0,0,5,Month-to-month,DSL,Electronic cheque,False,False,False,0
C002034,23,87.33,1985.02,3,1,1,Month-to-month,Fibre optic,Post,True,False,True,0
C002035,8,70.26,547.93,5,1,4,Month-to-month,Fibre optic,Electronic cheque,False,False,False,1
C002036,11,21.93,234.17,2,0,0,One year,None,Credit card,True,False,False,0
C002037,1,65.37,66.35,1,0,4,One year,Fibre optic,Electronic cheque,False,False,False,1
C002038,39,27.23,1102.57,2,0,4,Two year,None,Post,True,False,False,0
C002039,22,97.96,2184.08,1,0,4,Month-to-month,Fibre optic,Electronic cheque,True,False,True,1
C002040,9,84.9,736.47,4,0,4,Month-to-month,Fibre optic,Electronic cheque,False,True,False,1
C002041,7,48.01,336.9,1,0,3,Month-to-month,DSL,Credit card,True,False,False,0
C002042,32,50.95,1621.7,0,0,2,One year,DSL,Electronic cheque,False,False,False,0
C002043,8,26.47,198.01,0,0,2,Month-to-month,None,Bank transfer,False,False,False,1
C002044,9,17.8,160.39,1,0,5,Two year,None,Electronic cheque,False,False,False,0
C002045,6,55.64,342.71,0,1,3,Month-to-month,DSL,Electronic cheque,True,False,True,0
C002046,25,80.81,2119.04,1,1,2,One year,DSL,Bank transfer,False,True,True,0
C002047,30,40.22,1236.24,0,2,4,Two year,DSL,Post,True,False,True,0
C002048,13,51.61,638.85,0,1,3,Month-to-month,DSL,Electronic cheque,True,False,True,1
C002049,30,58.59,1711.8,0,0,0,One year,DSL,Electronic cheque,True,True,False,0
C002050,19,25.97,507.39,1,0,4,Month-to-month,None,Electronic cheque,False,False,False,0
C002051,6,56.88,329.6,1,1,3,Two year,DSL,Post,True,False,False,0
C002052,37,23.28,876.98,0,0,0,Two year,None,Electronic cheque,True,False,False,0
C002053,6,25.1,148.4,1,1,4,One year,None,Electronic cheque,False,False,True,1
C002054,13,56.59,734.27,1,0,0,Month-to-month,DSL,Electronic cheque,False,False,True,0
C002055,13,102.33,1285.65,1,2,5,Two year,Fibre optic,Electronic cheque,True,False,True,0
C002056,11,84.13,935.15,0,0,3,Two year,Fibre optic,Electronic cheque,True,False,False,1
C002057,2,37.19,73.43,1,2,2,One year,DSL,Post,False,False,False,0
C002058,52,85.73,4694.89,3,2,2,Two year,Fibre optic,Electronic cheque,False,False,False,0
C002059,3,101.71,300.96,1,0,5,Month-to-month,Fibre optic,Credit card,False,False,False,1
C002060,39,69.55,2904.02,0,2,1,Month-to-month,DSL,Post,True,False,False,0
C002061,7,28.4,,0,1,0,Month-to-month,None,Electronic cheque,True,False,False,1
C002062,9,83.96,751.19,0,0,4,Month-to-month,DSL,Electronic cheque,False,False,False,0
C002063,37,58.09,2104.78,0,2,3,Month-to-month,DSL,Electronic cheque,False,True,False,1
C002064,21,15.0,313.23,1,1,3,One year,None,Electronic cheque,False,False,True,0
C002065,4,50.82,200.61,0,0,1,Month-to-month,DSL,Electronic cheque,True,False,False,1
C002066,4,43.48,173.94,0,0,5,Month-to-month,DSL,Post,True,False,False,1
C002067,19,69.31,1307.29,1,2,3,One year,DSL,Electronic cheque,True,False,False,0
C002068,6,42.58,267.52,0,0,2,One year,DSL,Electronic cheque,True,False,True,0
C002069,22,46.88,1053.99,2,0,3,Two year,Fibre optic,Electronic cheque,False,False,False,0
C002070,23,78.68,1863.67,3,0,3,Month-to-month,Fibre optic,Electronic cheque,False,False,True,1
C002071,8,97.29,805.97,0,0,3,Two year,Fibre optic,Electronic cheque,True,False,False,1
C002072,10,89.47,883.28,2,0,5,Month-to-month,Fibre optic,Post,False,False,False,1
C002073,19,15.0,274.42,0,2,3,Month-to-month,DSL,Electronic cheque,True,True,True,0
C002074,8,42.38,343.08,1,0,2,One year,Fibre optic,Bank transfer,True,False,False,0
C002075,16,15.0,240.13,0,1,4,Month-to-month,None,Bank transfer,True,True,False,0
C002076,62,81.63,5039.72,2,0,4,One year,Fibre optic,Credit card,False,False,False,0
C002077,20,112.25,2404.63,3,1,0,Month-to-month,Fibre optic,Electronic cheque,False,False,True,1
C002078,11,48.62,544.47,2,0,1,Month-to-month,DSL,Bank transfer,True,False,False,1
C002079,56,70.71,3837.73,0,1,5,Month-to-month,Fibre optic,Post,True,False,True,0
C002080,27,15.0,408.46,1,3,0,Month-to-month,None,Bank transfer,True,False,False,0
C002081,6,24.53,149.25,1,0,5,Month-to-month,None,Post,True,True,False,1
C002082,7,84.33,577.85,2,1,3,Month-to-month,Fibre optic,Post,True,False,False,1
C002083,3,93.11,285.97,2,1,0,Month-to-month,Fibre optic,Post,False,False,False,1
C002084,19,82.87,1520.98,1,0,1,One year,DSL,Bank transfer,False,False,False,1
C002085,2,63.66,124.25,1,0,3,Month-to-month,DSL,Electronic cheque,True,True,True,1
C002086,56,45.63,2532.19,1,0,1,One year,DSL,Electronic cheque,False,True,True,0
C002087,12,102.75,1217.75,0,1,2,One year,Fibre optic,Post,True,True,False,1
C002088,28,41.34,1161.62,0,2,5,Month-to-month,DSL,Electronic cheque,True,False,False,0
C002089,11,92.97,999.74,1,0,5,Month-to-month,Fibre optic,Credit card,False,False,False,1
C002090,19,90.19,1734.22,2,0,1,One year,Fibre optic,Credit card,True,True,False,1
C002091,14,100.76,1424.82,1,0,3,Two year,Fibre optic,Credit card,True,True,False,0
C002092,16,70.24,1015.39,0,0,5,Month-to-month,Fibre optic,Electronic cheque,True,False,False,0
C002093,34,64.03,2264.3,0,0,3,Two year,DSL,Post,False,False,False,0
C002094,45,80.74,3687.67,3,0,3,Month-to-month,Fibre optic,Credit card,True,True,False,0
C002095,43,15.0,641.58,1,3,1,Month-to-month,None,Post,True,True,True,0
C002096,72,64.16,4504.65,2,0,0,Month-to-month,Fibre optic,Electronic cheque,False,False,True,0
C002097,8,15.0,122.5,1,0,3,Month-to-month,None,Credit card,True,False,False,1
C002098,20,74.66,1464.89,0,0,5,Month-to-month,Fibre optic,Bank transfer,False,False,False,1
C002099,8,82.93,654.84,1,1,3,Month-to-month,Fibre optic,Electronic cheque,True,False,False,1
C002100,33,86.72,2835.99,0,0,0,Month-to-month,Fibre optic,Credit card,True,False,False,1
C002101,6,43.86,260.12,1,1,4,One year,Fibre optic,Bank transfer,False,False,False,1
C002102,34,21.99,741.83,1,1,3,Month-to-month,None,Post,True,False,True,0
C002103,18,105.33,1801.5,2,0,3,Two year,Fibre optic,Bank transfer,True,True,False,0
C002104,14,81.59,1156.7,2,0,2,Two year,Fibre optic,Post,True,False,False,1
C002105,15,34.26,501.2,0,1,4,Month-to-month,None,Bank transfer,True,True,False,1
C002106,5,61.0,303.61,0,1,1,Month-to-month,Fibre optic,Bank transfer,False,False,False,1
C002107,6,32.17,190.16,0,0,5,Month-to-month,DSL,Electronic cheque,True,False,True,0
C002108,18,43.08,774.96,2,0,2,Two year,DSL,Post,False,False,False,0
C002109,18,24.4,436.84,0,1,1,Month-to-month,None,Bank transfer,True,False,True,0
C002110,9,58.69,521.53,2,1,1,Month-to-month,Fibre optic,Credit card,False,False,False,1
C002111,12,15.71,189.3,1,2,1,Two year,None,Electronic cheque,False,False,False,0
C002112,21,59.15,1274.93,0,1,5,Month-to-month,DSL,Post,True,True,False,0
C002113,8,78.71,635.45,2,1,0,Month-to-month,Fibre optic,Credit card,False,False,False,1
C002114,3,24.26,75.1,4,2,3,Two year,None,Electronic cheque,False,False,False,0
C002115,40,22.5,933.19,1,0,3,Two year,None,Credit card,False,False,False,0
C002116,19,79.38,1487.81,0,1,3,Month-to-month,Fibre optic,Bank transfer,True,False,False,0
C002117,10,48.16,505.04,1,0,1,Month-to-month,DSL,Bank transfer,True,False,False,0
C002118,8,109.22,863.31,1,0,4,Month-to-month,Fibre optic,Electronic cheque,True,False,False,1
C002119,7,91.72,617.14,0,1,1,Month-to-month,Fibre optic,Post,True,False,True,1
C002120,33,74.58,2477.28,0,0,5,Month-to-month,DSL,Bank transfer,True,False,True,0
C002121,5,70.98,360.9,0,0,1,Month-to-month,DSL,Electronic cheque,False,False,False,1
C002122,20,15.0,317.7,0,0,4,One year,None,Electronic cheque,True,False,False,0
C002123,20,49.61,1017.71,0,0,1,One year,DSL,Credit card,True,False,True,0
C002124,26,90.59,2446.02,2,0,5,Two year,Fibre optic,Credit card,False,False,True,0
C002125,11,94.68,1080.81,1,0,2,Two year,Fibre optic,Post,True,False,True,0
C002126,38,15.0,560.12,2,1,1,Month-to-month,None,Credit card,False,False,False,0
C002127,26,87.78,2318.71,0,1,5,Month-to-month,Fibre optic,Credit card,False,False,False,1
C002128,11,76.03,820.79,0,1,5,Month-to-month,DSL,Bank transfer,False,False,False,0
C002129,8,47.92,384.61,1,0,0,Month-to-month,DSL,Electronic cheque,True,False,True,1
C002130,14,25.62,359.42,1,1,4,Month-to-month,DSL,Credit card,True,False,False,0
C002131,10,94.47,954.37,1,1,5,One year,DSL,Post,True,False,False,1
C002132,7,17.47,128.29,0,0,2,Month-to-month,None,Electronic cheque,False,False,False,1
C002133,16,86.89,1446.4,1,0,3,Month-to-month,Fibre optic,Credit card,True,False,False,0
C002134,12,46.97,563.83,1,1,3,Month-to-month,DSL,Bank transfer,True,False,False,0
C002135,44,27.28,1187.53,0,1,2,Two year,None,Post,True,False,True,0
C002136,10,60.17,623.7,1,0,4,One year,DSL,Electronic cheque,True,False,False,0
C002137,8,30.12,242.7,1,0,4,Month-to-month,DSL,Electronic cheque,False,False,True,1
C002138,15,88.48,1380.12,0,2,2,Month-to-month,Fibre optic,Credit card,True,False,False,1
C002139,18,72.31,1210.59,3,0,5,Two year,DSL,Bank transfer,True,False,False,1
C002140,19,64.28,1222.67,1,1,3,Month-to-month,DSL,Electronic cheque,True,False,False,0
C002141,19,36.23,715.01,0,0,5,One year,None,Bank transfer,False,False,False,0
C002142,16,24.37,375.77,1,0,0,One year,None,Electronic cheque,False,False,False,0
C002143,15,96.88,1388.93,2,0,3,One year,Fibre optic,Post,True,False,True,0
C002144,23,38.66,850.98,2,1,1,Month-to-month,Fibre optic,Post,False,False,False,0
C002145,6,55.91,336.77,2,0,3,Two year,DSL,Bank transfer,True,False,True,0
C002146,8,17.6,137.93,0,1,0,Month-to-month,None,Credit card,False,False,True,0
C002147,3,98.39,298.73,0,0,1,Month-to-month,Fibre optic,Electronic cheque,True,False,False,0
C002148,7,84.1,605.88,1,0,1,Month-to-month,DSL,Credit card,True,True,False,0
C002149,31,72.33,2198.75,0,0,3,Month-to-month,DSL,Electronic cheque,True,True,True,0
C002150,23,65.56,1531.87,3,0,5,Month-to-month,Fibre optic,Electronic cheque,True,True,False,1
C002151,48,42.87,2063.25,2,0,0,One year,DSL,Bank transfer,False,False,True,0
C002152,41,62.76,2417.91,1,0,1,Two year,DSL,Bank transfer,False,True,False,0
C002153,23,75.79,1692.86,0,0,5,Month-to-month,DSL,Electronic cheque,True,False,False,1
C002154,17,73.83,1274.79,0,1,3,Two year,Fibre optic,Electronic cheque,True,False,False,0
C002155,15,59.69,911.63,0,1,1,Two year,DSL,Bank transfer,False,False,False,0
C002156,2,65.96,126.38,0,1,3,Month-to-month,Fibre optic,Credit card,True,False,False,1
C002157,14,53.25,742.54,0,0,4,One year,DSL,Credit card,False,False,False,0
C002158,9,95.34,802.69,1,0,4,Two year,Fibre optic,Post,False,True,False,0
C002159,7,65.87,460.76,1,0,5,One year,DSL,Credit card,True,True,True,0
C002160,20,109.78,2235.14,1,0,2,Month-to-month,Fibre optic,Credit card,False,True,False,1
C002161,13,103.29,1279.39,0,0,4,Two year,Fibre optic,Electronic cheque,False,False,False,0
C002162,16,85.57,1327.57,2,1,0,One year,Fibre optic,Bank transfer,False,True,False,0
C002163,6,49.16,283.05,0,0,2,Month-to-month,DSL,Credit card,True,False,False,1
C002164,27,108.19,2936.82,0,1,3,Month-to-month,Fibre optic,Post,True,False,True,1
C002165,10,21.63,221.29,0,1,5,Month-to-month,None,Electronic cheque,True,False,True,0
C002166,19,64.89,1294.23,0,0,3,Month-to-month,DSL,Electronic cheque,True,False,False,0
C002167,11,120.4,1264.18,1,0,5,Month-to-month,Fibre optic,Electronic cheque,True,False,True,1
C002168,1,68.15,68.07,1,1,2,Month-to-month,Fibre optic,Electronic cheque,True,False,False,1
C002169,21,21.77,470.89,0,0,5,Two year,None,Credit card,True,True,False,0
C002170,13,102.87,1349.07,1,0,5,One year,Fibre optic,Post,False,False,True,0
C002171,3,23.37,67.21,1,1,4,Month-to-month,None,Credit card,False,False,True,0
C002172,5,92.83,461.58,2,0,2,Month-to-month,Fibre optic,Credit card,True,False,True,1
C002173,28,117.71,3395.69,0,0,4,Month-to-month,Fibre optic,Bank transfer,True,False,False,0
C002174,3,51.53,,0,0,0,Month-to-month,DSL,Electronic cheque,True,False,True,1
C002175,10,84.26,859.76,0,0,4,One year,Fibre optic,Electronic cheque,False,False,True,1
C002176,51,62.65,3285.56,0,0,0,Month-to-month,DSL,Electronic cheque,True,True,False,0
C002177,21,97.27,1956.55,1,0,5,Two year,Fibre optic,Electronic cheque,True,False,True,0
C002178,25,70.55,1720.2,1,0,5,Month-to-month,DSL,Credit card,True,False,True,0
C002179,12,128.01,1503.49,3,1,2,Month-to-month,Fibre optic,Electronic cheque,False,False,True,1
C002180,3,83.28,249.03,0,0,4,Two year,Fibre optic,Bank transfer,False,False,False,0
C002181,17,31.06,526.8,1,0,1,Month-to-month,None,Post,True,False,False,0
C002182,6,61.26,377.41,0,1,5,Month-to-month,DSL,Electronic cheque,True,False,False,0
C002183,5,24.61,120.2,1,0,4,Month-to-month,None,Credit card,False,False,True,0
C002184,16,24.39,407.57,0,1,5,One year,None,Bank transfer,False,True,False,0
C002185,6,23.93,149.69,0,1,5,Month-to-month,None,Bank transfer,True,False,False,0
C002186,14,107.11,,0,0,4,Two year,Fibre optic,Bank transfer,True,False,False,0
C002187,8,71.43,600.68,0,1,5,One year,DSL,Electronic cheque,True,False,False,0
C002188,14,22.82,317.74,1,0,1,Two year,None,,True,False,True,0
C002189,10,88.99,850.2,1,1,3,One year,Fibre optic,Credit card,False,False,False,1
C002190,14,88.42,1190.08,0,0,5,One year,Fibre optic,Credit card,True,False,False,0
C002191,38,58.92,2251.9,0,1,2,One year,DSL,Bank transfer,True,False,False,0
C002192,25,59.61,1472.95,0,0,1,Month-to-month,DSL,Credit card,True,False,False,0
C002193,13,60.99,775.49,1,0,3,One year,DSL,Electronic cheque,True,False,False,0
C002194,34,66.79,2326.0,2,1,4,One year,Fibre optic,Post,True,False,True,0
C002195,20,84.15,1676.23,0,1,1,Month-to-month,Fibre optic,Credit card,True,False,False,0
C002196,33,18.46,585.05,0,0,0,One year,None,Electronic cheque,True,False,True,0
C002197,4,71.97,277.63,0,1,5,Month-to-month,DSL,Post,True,True,False,1
C002198,6,72.61,448.72,0,0,2,Month-to-month,DSL,Bank transfer,False,False,False,0
C002199,17,62.72,1020.21,0,0,4,Month-to-month,DSL,Electronic cheque,False,False,True,0
C002200,13,62.61,781.58,0,0,3,Month-to-month,DSL,Post,False,True,True,0
C002201,14,71.72,1038.92,0,0,5,Month-to-month,Fibre optic,Electronic cheque,True,False,True,1
C002202,22,40.54,912.12,0,0,4,Month-to-month,Fibre optic,Credit card,True,False,False,1
C002203,17,25.92,460.04,1,0,1,Month-to-month,None,Electronic cheque,False,False,True,0
C002204,27,31.44,870.01,0,1,5,Month-to-month,DSL,Bank transfer,False,False,False,0
C002205,27,60.58,1665.25,2,1,4,One year,DSL,Electronic cheque,True,False,False,1
C002206,6,62.74,379.28,3,0,0,Month-to-month,Fibre optic,Electronic cheque,False,False,False,1
C002207,1,49.37,49.76,2,0,5,Two year,DSL,Electronic cheque,False,False,False,0
C002208,6,99.92,619.01,1,0,4,Two year,Fibre optic,Post,True,False,False,1
C002209,6,83.95,490.58,1,0,2,Month-to-month,Fibre optic,Bank transfer,False,False,False,0
C002210,15,18.43,274.23,1,0,4,Month-to-month,None,Electronic cheque,False,False,True,1
C002211,15,57.53,835.07,2,1,2,Month-to-month,DSL,Credit card,False,False,True,0
C002212,12,17.61,,0,2,4,Month-to-month,None,Electronic cheque,False,False,True,0
C002213,20,21.61,441.07,0,0,2,Month-to-month,None,Bank transfer,True,False,False,1
C002214,66,95.83,6416.33,1,1,3,One year,DSL,Credit card,True,False,False,0
C002215,12,49.41,575.06,2,0,4,One year,Fibre optic,Bank transfer,True,True,False,1
C002216,18,89.08,1657.52,1,0,3,Month-to-month,Fibre optic,Credit card,True,False,True,1
C002217,14,56.28,773.09,0,1,3,One year,DSL,Post,True,False,False,0
C002218,9,22.39,199.91,1,0,0,Month-to-month,None,Bank transfer,True,True,False,0
C002219,22,50.52,1143.94,0,1,1,Two year,DSL,Post,False,False,False,0
C002220,12,71.41,858.56,0,0,4,Two year,DSL,Electronic cheque,True,True,False,0
C002221,7,72.02,500.71,1,1,3,Month-to-month,DSL,Post,True,False,False,0
C002222,8,80.99,696.83,0,0,0,One year,Fibre optic,Electronic cheque,False,False,False,1
C002223,28,24.48,692.08,0,0,1,Two year,None,Credit card,True,False,False,0
C002224,22,74.0,1629.88,1,2,3,Month-to-month,Fibre optic,Credit card,True,True,False,1
C002225,10,68.43,679.18,0,0,1,Month-to-month,Fibre optic,Bank transfer,True,False,False,1
C002226,20,55.04,1088.24,2,0,1,One year,DSL,Electronic cheque,True,False,False,1
C002227,15,120.31,1808.17,0,2,4,Month-to-month,Fibre optic,Electronic cheque,True,False,False,1
C002228,18,112.9,1985.08,1,1,0,Month-to-month,Fibre optic,Electronic cheque,True,False,True,1
C002229,9,99.21,871.12,0,0,4,One year,Fibre optic,Electronic cheque,True,False,True,1
C002230,6,41.67,247.01,1,0,1,Month-to-month,Fibre optic,Credit card,True,True,False,1
C002231,12,26.6,325.9,0,1,0,Month-to-month,None,Credit card,True,False,False,0
C002232,7,104.15,751.34,3,3,0,Two year,Fibre optic,Electronic cheque,False,False,False,1
C002233,6,114.15,648.55,1,0,2,Month-to-month,Fibre optic,Electronic cheque,True,False,False,1
C002234,4,94.97,383.22,0,0,1,Month-to-month,Fibre optic,Bank transfer,False,False,False,0
C002235,1,66.34,66.0,0,0,2,One year,DSL,Electronic cheque,False,False,False,0
C002236,10,109.34,1177.14,3,1,2,Month-to-month,Fibre optic,Credit card,True,False,False,1
C002237,31,98.56,3032.7,1,0,0,One year,Fibre optic,Credit card,False,False,False,0
C002238,26,105.47,2648.83,1,0,3,One year,Fibre optic,Bank transfer,True,False,False,0
C002239,42,51.58,2216.51,1,0,1,Month-to-month,Fibre optic,Bank transfer,True,False,False,0
C002240,6,59.1,362.46,0,0,0,Month-to-month,DSL,Bank transfer,True,False,False,0
C002241,23,75.91,1734.23,1,0,0,Two year,DSL,Electronic cheque,False,False,False,0
C002242,13,69.92,921.19,2,0,1,Two year,DSL,Electronic cheque,False,False,False,0
C002243,8,102.07,844.3,0,0,5,Month-to-month,Fibre optic,Post,False,True,True,1
C002244,29,19.25,579.94,1,1,4,Month-to-month,None,Bank transfer,True,False,False,1
C002245,13,86.91,1148.63,0,1,4,Month-to-month,Fibre optic,Credit card,True,False,False,1
C002246,3,110.25,324.35,1,0,1,Two year,Fibre optic,Electronic cheque,True,False,False,1
C002247,26,72.94,1823.41,0,0,3,Two year,Fibre optic,Electronic cheque,False,False,False,0
C002248,19,52.75,982.57,0,0,1,Month-to-month,DSL,Electronic cheque,True,True,False,1
C002249,16,72.55,1194.77,0,0,4,Two year,DSL,Bank transfer,False,False,True,0
C002250,5,48.74,247.77,3,1,3,Month-to-month,DSL,Bank transfer,False,False,False,0
C002251,17,15.0,241.06,2,2,3,Month-to-month,None,Electronic cheque,False,False,False,0
C002252,39,50.35,1848.07,0,1,2,One year,DSL,Electronic cheque,True,False,False,0
C002253,19,82.04,1438.3,1,0,4,Month-to-month,Fibre optic,Bank transfer,True,False,False,0
C002254,3,100.37,305.31,2,0,2,One year,Fibre optic,Post,True,False,True,1
C002255,20,46.86,927.23,3,0,4,Month-to-month,Fibre optic,Electronic cheque,True,True,False,1
C002256,19,51.05,959.37,1,2,4,One year,DSL,Bank transfer,True,False,False,0
C002257,25,17.26,430.84,2,2,4,Two year,None,Electronic cheque,True,False,False,0
C002258,18,46.2,820.87,0,1,1,Month-to-month,DSL,Credit card,True,False,True,0
C002259,6,15.0,88.51,1,1,4,Month-to-month,None,Post,True,True,True,0
C002260,15,100.57,1573.16,2,0,2,One year,Fibre optic,Bank transfer,True,False,False,0
C002261,12,107.89,1326.32,0,0,5,Month-to-month,Fibre optic,Post,False,False,False,1
C002262,17,94.41,1650.26,1,1,3,One year,Fibre optic,Electronic cheque,False,False,False,1
C002263,30,95.76,3006.25,2,0,0,One year,Fibre optic,Bank transfer,False,False,True,0
C002264,8,68.74,568.27,3,0,2,Month-to-month,DSL,Post,False,False,False,0
C002265,47,98.7,4499.48,0,0,5,Two year,Fibre optic,Post,False,False,False,0
C002266,20,70.6,1436.87,4,1,2,Month-to-month,Fibre optic,Electronic cheque,True,False,False,1
C002267,26,107.8,2649.0,1,0,1,Month-to-month,Fibre optic,Electronic cheque,False,False,False,1
C002268,24,82.77,1940.36,0,4,5,Month-to-month,Fibre optic,Electronic cheque,True,True,False,1
C002269,19,85.6,1674.06,1,1,2,One year,Fibre optic,Electronic cheque,False,False,False,1
C002270,22,86.92,1876.64,0,0,1,Two year,Fibre optic,Bank transfer,False,False,False,0
C002271,0,60.39,61.2,0,0,2,Month-to-month,DSL,Credit card,True,False,True,0
C002272,24,36.26,912.98,1,1,2,Month-to-month,DSL,Post,False,False,True,0
C002273,7,85.44,596.92,2,2,0,Month-to-month,Fibre optic,,False,False,False,1
C002274,14,51.73,718.43,0,0,0,One year,DSL,Bank transfer,True,True,False,0
C002275,19,40.68,766.4,0,0,0,Month-to-month,DSL,,True,False,True,0
C002276,31,110.24,3377.99,1,0,5,Month-to-month,Fibre optic,Bank transfer,True,False,True,0
C002277,7,51.5,355.5,1,0,4,Month-to-month,DSL,Electronic cheque,False,False,False,1
C002278,10,46.78,466.15,1,0,4,Month-to-month,DSL,Credit card,False,False,False,1
C002279,11,22.48,249.9,0,0,1,One year,None,Credit card,False,True,False,1
C002280,17,74.42,1255.13,1,0,1,Month-to-month,Fibre optic,Electronic cheque,False,False,False,0
C002281,12,73.21,871.4,1,0,2,Month-to-month,Fibre optic,Bank transfer,False,False,True,0
C002282,22,62.39,1375.7,0,1,1,Month-to-month,Fibre optic,Post,False,False,True,1
C002283,3,107.81,312.42,0,1,4,Month-to-month,Fibre optic,Post,True,True,True,1
C002284,13,28.73,371.25,0,0,2,Month-to-month,None,Bank transfer,True,False,False,0
C002285,41,81.89,3425.04,0,1,0,Month-to-month,DSL,Post,False,False,False,1
C002286,12,46.61,539.72,1,0,2,Month-to-month,DSL,Post,False,False,False,0
C002287,20,79.87,1621.42,0,0,0,Month-to-month,DSL,Bank transfer,True,False,True,1
C002288,28,15.0,428.92,1,0,2,Month-to-month,None,Bank transfer,True,False,False,0
C002289,19,80.0,1602.53,1,0,1,One year,DSL,Credit card,False,False,True,1
C002290,49,76.2,3771.33,1,0,2,Month-to-month,Fibre optic,Credit card,True,False,False,0
C002291,16,94.1,1472.12,3,2,4,Month-to-month,Fibre optic,Electronic cheque,False,False,True,1
C002292,22,24.27,533.1,2,0,1,One year,None,Electronic cheque,True,True,True,0
C002293,17,76.09,1273.35,0,0,1,Month-to-month,DSL,Electronic cheque,True,False,True,1
C002294,36,53.03,1898.36,0,0,1,Month-to-month,Fibre optic,Electronic cheque,True,False,True,0
C002295,11,22.24,235.06,0,0,0,Two year,None,Electronic cheque,True,False,True,0
C002296,52,66.91,3472.13,0,0,1,Month-to-month,DSL,Electronic cheque,True,False,True,0
C002297,9,100.66,940.56,1,0,1,Two year,Fibre optic,Post,False,False,False,1
C002298,44,62.71,2868.77,0,1,1,Month-to-month,DSL,Credit card,True,False,True,0
C002299,6,49.21,301.24,0,1,2,Two year,DSL,Bank transfer,False,False,False,1
C002300,23,78.6,1765.17,0,0,3,Two year,DSL,Credit card,True,False,False,1
C002301,15,63.86,973.03,0,0,1,Month-to-month,DSL,Electronic cheque,True,False,True,1
C002302,27,67.7,1818.1,1,2,0,Month-to-month,DSL,Credit card,False,False,False,0
C002303,20,85.46,1694.18,3,0,2,One year,Fibre optic,Electronic cheque,False,False,False,0
C002304,26,108.87,2932.26,0,1,1,Month-to-month,Fibre optic,Credit card,False,False,False,1
C002305,6,92.8,551.64,0,0,4,Month-to-month,Fibre optic,Credit card,True,False,False,1
C002306,3,68.79,204.22,2,0,3,Two year,Fibre optic,Electronic cheque,False,False,False,1
C002307,5,30.03,152.32,2,0,0,One year,None,Bank transfer,False,True,True,0
C002308,5,36.74,176.29,0,0,1,Two year,DSL,,False,True,False,0
C002309,6,66.55,397.29,0,0,3,Two year,DSL,Electronic cheque,True,False,False,0
C002310,9,78.08,729.81,1,2,3,Two year,DSL,Electronic cheque,False,False,False,0
C002311,9,29.05,273.2,0,0,0,One year,None,Post,True,False,True,0
C002312,15,15.0,219.12,3,0,5,One year,None,Bank transfer,False,False,False,0
C002313,7,78.77,535.38,2,3,2,Two year,Fibre optic,Credit card,True,False,False,1
C002314,8,30.15,237.07,0,1,5,One year,DSL,Bank transfer,True,False,False,0
C002315,12,93.44,1011.94,0,0,0,Month-to-month,Fibre optic,,True,True,False,0
C002316,30,108.02,3407.99,0,1,0,One year,Fibre optic,Electronic cheque,True,False,False,0
C002317,10,86.37,882.39,3,1,3,Month-to-month,DSL,Post,True,False,False,1
C002318,14,64.95,879.45,1,0,1,Two year,DSL,Post,True,False,False,0
C002319,16,45.69,701.27,0,0,0,One year,DSL,Post,True,False,False,0
C002320,6,75.86,455.47,4,0,4,One year,Fibre optic,Credit card,False,False,False,1
C002321,11,15.0,166.85,0,0,5,Month-to-month,None,Electronic cheque,True,False,False,0
C002322,8,51.49,437.52,1,0,3,Month-to-month,DSL,Credit card,True,False,True,0
C002323,28,22.96,633.67,0,0,3,Month-to-month,None,Credit card,True,False,False,0
C002324,26,79.7,2086.99,3,0,0,One year,Fibre optic,Credit card,True,False,True,0
C002325,8,74.08,584.41,2,0,5,One year,Fibre optic,Post,True,True,True,0
C002326,14,18.71,260.66,0,1,5,Month-to-month,None,Electronic cheque,True,False,False,0
C002327,22,129.04,3000.18,1,0,5,Month-to-month,Fibre optic,Electronic cheque,False,False,False,1
C002328,18,63.36,1234.67,0,0,3,Month-to-month,DSL,Electronic cheque,True,False,True,0
C002329,20,30.19,616.69,0,0,4,Month-to-month,DSL,Electronic cheque,True,False,False,1
C002330,7,24.59,165.36,0,0,0,Two year,None,Credit card,True,False,False,0
C002331,43,77.12,3410.16,0,1,1,Two year,Fibre optic,Post,False,False,True,0
C002332,9,56.1,505.63,0,0,1,One year,DSL,Credit card,True,False,False,0
C002333,9,98.73,896.22,0,0,2,Month-to-month,Fibre optic,Electronic cheque,False,False,False,0
C002334,4,58.89,234.63,1,0,5,Month-to-month,DSL,Bank transfer,True,True,False,1
C002335,13,57.48,734.8,0,1,1,Two year,DSL,,False,False,False,0
C002336,32,19.38,630.11,2,0,2,Two year,None,Electronic cheque,True,False,False,0
C002337,18,61.91,1095.97,1,0,5,Month-to-month,Fibre optic,Post,True,False,False,1
C002338,14,57.65,800.83,2,1,1,One year,DSL,Credit card,False,False,True,0
C002339,25,85.46,,3,0,1,Month-to-month,Fibre optic,Credit card,False,False,True,1
C002340,31,30.37,950.33,2,0,1,Month-to-month,None,Bank transfer,True,False,False,0
C002341,26,74.24,1845.87,1,0,2,Two year,DSL,Electronic cheque,True,False,True,0
C002342,2,48.66,98.44,1,1,0,Two year,DSL,Electronic cheque,True,False,False,1
C002343,25,92.22,2274.65,3,0,5,Two year,Fibre optic,Electronic cheque,True,True,False,0
C002344,20,43.14,876.95,0,1,4,Month-to-month,DSL,Bank transfer,True,True,False,1
C002345,7,28.01,209.13,0,0,0,Month-to-month,DSL,Credit card,False,False,True,0
C002346,21,78.77,1612.45,0,2,4,Two year,DSL,Credit card,True,False,False,0
C002347,32,45.39,1450.05,1,0,1,One year,DSL,Electronic cheque,True,False,False,0
C002348,9,77.57,690.61,0,1,4,Month-to-month,Fibre optic,Electronic cheque,True,False,True,1
C002349,28,79.81,2199.3,1,0,5,Month-to-month,DSL,Post,False,False,False,0
C002350,19,104.3,1913.05,2,0,5,Month-to-month,Fibre optic,Credit card,True,False,False,1
C002351,0,100.34,100.78,1,0,4,One year,Fibre optic,Bank transfer,True,False,False,0
C002352,14,38.11,518.95,0,0,5,Two year,DSL,Credit card,True,False,False,0
C002353,18,77.58,1466.25,0,0,0,Month-to-month,DSL,Electronic cheque,False,False,True,1
C002354,12,19.53,236.65,0,0,0,Month-to-month,None,Electronic cheque,False,False,False,0
C002355,19,89.9,1644.06,3,0,0,Month-to-month,Fibre optic,Post,True,False,False,1
C002356,13,71.25,936.66,1,2,1,One year,Fibre optic,Credit card,True,False,False,0
C002357,59,105.02,6216.56,0,1,3,Month-to-month,Fibre optic,Post,True,False,False,0
C002358,11,29.35,312.01,1,0,0,Month-to-month,None,Electronic cheque,True,False,False,1
C002359,8,44.05,352.07,0,1,2,One year,DSL,Bank transfer,True,False,False,0
C002360,27,51.94,1411.74,1,1,2,Month-to-month,DSL,Post,False,False,False,0
C002361,12,19.21,245.45,2,1,1,One year,None,Credit card,True,True,False,1
C002362,14,60.13,814.29,4,1,2,One year,DSL,Bank transfer,True,False,True,1
C002363,13,111.8,1469.48,0,0,2,Month-to-month,Fibre optic,Credit card,True,False,False,1
C002364,26,61.29,1537.94,1,0,5,One year,DSL,Electronic cheque,True,False,False,0
C002365,6,67.06,398.28,1,1,0,One year,DSL,Credit card,False,False,False,0
C002366,27,82.39,2158.11,2,0,3,One year,Fibre optic,,False,False,False,0
C002367,22,79.25,1819.77,0,0,2,One year,Fibre optic,Bank transfer,True,False,False,0
C002368,47,94.36,4606.79,1,0,4,Month-to-month,Fibre optic,Electronic cheque,False,False,False,0
C002369,17,76.93,1351.96,2,1,1,Month-to-month,DSL,Electronic cheque,False,False,False,1
C002370,6,49.61,292.12,1,0,0,Month-to-month,DSL,Bank transfer,False,False,False,1
C002371,17,114.21,1893.13,2,1,2,Month-to-month,Fibre optic,Post,True,False,False,1
C002372,19,34.66,659.0,1,0,0,Month-to-month,DSL,Post,True,False,True,0
C002373,34,66.05,2371.79,3,1,1,Month-to-month,Fibre optic,Credit card,False,False,False,1
C002374,6,78.88,487.67,1,1,0,One year,Fibre optic,Electronic cheque,True,False,False,0
C002375,3,41.89,134.96,1,2,3,Month-to-month,DSL,Credit card,True,False,True,0
C002376,17,45.72,770.02,2,0,1,Two year,DSL,Electronic cheque,True,False,True,0
C002377,48,114.66,5503.04,3,0,2,One year,Fibre optic,Credit card,False,False,False,0
C002378,24,63.64,1560.59,1,0,1,Month-to-month,Fibre optic,Credit card,False,False,False,1
C002379,25,49.8,,1,0,5,One year,DSL,Credit card,False,False,False,0
C002380,4,26.32,105.11,1,1,3,Month-to-month,None,Credit card,True,False,True,1
C002381,15,62.33,906.41,1,0,3,Two year,DSL,Bank transfer,False,True,True,0
C002382,34,115.68,3831.33,1,1,3,Two year,Fibre optic,Electronic cheque,False,False,True,0
C002383,19,64.88,1318.2,0,0,1,Two year,DSL,Bank transfer,False,True,False,0
C002384,3,61.85,182.55,2,1,4,One year,Fibre optic,Bank transfer,False,False,True,1
C002385,15,84.6,1311.39,1,0,2,Two year,Fibre optic,Credit card,True,False,False,0
C002386,23,62.4,1363.75,1,1,4,One year,DSL,Electronic cheque,False,False,True,0
C002387,14,79.4,1113.5,0,0,3,Two year,Fibre optic,Credit card,True,False,False,0
C002388,7,39.61,268.62,2,1,1,Month-to-month,DSL,Electronic cheque,True,False,True,1
C002389,27,89.33,2396.59,0,0,2,Two year,Fibre optic,Post,True,False,False,0
C002390,11,57.17,646.42,3,0,0,One year,Fibre optic,Post,False,False,True,0
C002391,20,102.96,2041.41,0,0,1,Month-to-month,Fibre optic,Credit card,True,False,True,0
C002392,15,100.37,1592.36,0,0,2,Two year,Fibre optic,Post,True,False,True,0
C002393,10,49.04,495.31,0,2,3,One year,DSL,Post,False,True,True,0
C002394,52,48.1,2516.35,1,2,5,Two year,DSL,Bank transfer,True,False,False,0
C002395,9,20.9,186.09,1,0,1,Month-to-month,None,Post,True,True,False,0
C002396,16,98.47,,0,0,2,One year,Fibre optic,Post,False,False,False,0
C002397,15,71.48,1048.99,2,0,0,One year,Fibre optic,Electronic cheque,False,False,False,0
C002398,17,92.22,1590.76,2,0,4,Month-to-month,Fibre optic,Electronic cheque,True,False,False,1
C002399,49,81.73,3914.04,1,1,1,One year,Fibre optic,Post,True,False,False,0
C002400,23,58.15,1326.67,1,1,5,One year,DSL,Bank transfer,False,False,False,1
C002401,10,68.59,679.08,0,0,2,Month-to-month,DSL,Electronic cheque,True,True,True,1
C002402,39,89.9,3683.55,2,2,3,One year,Fibre optic,Post,False,False,True,0
C002403,26,77.47,2024.04,0,1,5,Month-to-month,DSL,Electronic cheque,False,False,True,1
C002404,10,65.52,660.64,1,1,1,Two year,DSL,,True,False,True,0
C002405,35,88.91,3031.86,3,0,3,Two year,Fibre optic,Credit card,True,False,False,0
C002406,4,81.23,316.67,3,0,4,Month-to-month,Fibre optic,Post,True,False,False,1
C002407,6,77.24,449.06,1,1,3,Month-to-month,Fibre optic,Electronic cheque,True,True,False,1
C002408,3,118.85,355.38,1,1,3,Month-to-month,Fibre optic,Electronic cheque,False,True,False,1
C002409,2,77.03,146.38,1,0,1,Month-to-month,Fibre optic,Bank transfer,False,False,False,0
C002410,34,28.16,979.03,2,1,5,Two year,DSL,Electronic cheque,False,False,True,0
C002411,17,72.67,1252.35,1,0,3,Month-to-month,Fibre optic,Credit card,False,False,False,1
C002412,3,99.58,287.82,2,0,3,Month-to-month,Fibre optic,Post,True,False,False,1
C002413,15,117.11,1744.11,1,1,2,Month-to-month,Fibre optic,Electronic cheque,False,False,False,1
C002414,28,27.89,808.01,2,0,5,One year,None,Electronic cheque,True,False,True,0
C002415,8,53.75,429.49,0,0,1,Two year,DSL,Post,True,False,True,1
C002416,12,77.27,892.52,0,0,2,Month-to-month,Fibre optic,Electronic cheque,True,False,False,1
C002417,53,59.06,3243.11,0,0,3,Month-to-month,DSL,Electronic cheque,True,False,False,0
C002418,12,39.0,,2,1,5,Month-to-month,DSL,Electronic cheque,False,False,False,1
C002419,4,84.28,349.45,0,0,3,Month-to-month,Fibre optic,Post,False,False,False,1
C002420,10,45.42,440.81,1,3,2,Month-to-month,DSL,Post,False,True,False,1
C002421,3,40.88,134.11,1,0,5,One year,DSL,Electronic cheque,True,False,False,0
C002422,24,81.39,1974.01,1,0,1,Month-to-month,Fibre optic,Credit card,True,False,False,1
C002423,7,63.48,443.4,1,0,0,Month-to-month,DSL,Electronic cheque,True,False,True,1
C002424,7,99.95,706.02,3,0,3,One year,Fibre optic,Bank transfer,False,False,True,0
C002425,57,52.48,3067.91,0,2,0,One year,DSL,Credit card,True,False,True,0
C002426,5,110.42,577.92,0,0,0,Month-to-month,Fibre optic,Bank transfer,False,False,True,1
C002427,4,119.7,466.63,1,1,3,Month-to-month,Fibre optic,Post,True,False,False,1
C002428,6,91.23,541.93,1,0,4,One year,Fibre optic,Bank transfer,True,True,False,1
C002429,29,79.81,,2,1,4,Month-to-month,Fibre optic,Electronic cheque,True,False,False,1
C002430,22,28.18,589.36,0,0,4,Two year,None,Post,False,False,True,0
C002431,10,56.24,566.69,0,0,3,Two year,DSL,Credit card,False,False,False,0
C002432,9,88.75,821.31,3,0,5,Two year,Fibre optic,Electronic cheque,True,False,False,0
C002433,21,15.0,307.55,1,0,2,Month-to-month,None,Bank transfer,True,False,True,0
C002434,18,56.47,996.38,2,1,4,Month-to-month,Fibre optic,Bank transfer,False,False,True,1
C002435,13,15.0,191.17,0,0,0,Two year,None,Credit card,False,False,True,0
C002436,22,98.98,2242.01,0,0,0,Month-to-month,Fibre optic,Electronic cheque,True,False,False,1
C002437,5,80.56,396.46,4,1,1,Month-to-month,Fibre optic,Electronic cheque,False,True,False,1
C002438,7,73.28,478.86,0,0,5,One year,DSL,Post,True,False,False,0
C002439,23,54.7,1261.11,1,0,3,Month-to-month,DSL,Credit card,True,False,True,0
C002440,19,105.69,1981.81,0,1,3,One year,Fibre optic,Bank transfer,False,False,False,0
C002441,15,124.12,1802.19,2,0,0,Two year,Fibre optic,Electronic cheque,False,False,True,0
C002442,55,130.0,7152.43,0,0,3,One year,Fibre optic,Bank transfer,True,False,False,0
C002443,26,28.51,745.25,3,0,5,Month-to-month,None,Electronic cheque,False,False,True,1
C002444,10,46.56,461.31,1,0,2,Two year,DSL,Post,True,False,True,0
C002445,8,86.11,685.31,0,0,1,One year,Fibre optic,Electronic cheque,True,True,False,1
C002446,20,22.99,436.26,2,0,2,Month-to-month,None,Electronic cheque,False,False,False,0
C002447,34,26.91,888.07,0,0,2,One year,None,Bank transfer,False,False,False,0
C002448,3,18.16,54.95,0,1,2,Month-to-month,None,Credit card,True,False,False,0
C002449,19,81.94,1590.19,2,1,5,Month-to-month,Fibre optic,Electronic cheque,False,False,False,0
C002450,11,18.88,202.81,0,2,4,One year,None,Electronic cheque,True,False,False,1
C002451,17,70.46,1263.96,3,1,3,Month-to-month,Fibre optic,Electronic cheque,True,False,True,1
C002452,4,59.19,235.16,1,2,0,Month-to-month,DSL,Post,False,False,False,0
C002453,34,47.8,1589.77,1,0,2,One year,DSL,Bank transfer,True,True,True,0
C002454,40,108.45,4358.44,1,1,1,Month-to-month,Fibre optic,Credit card,True,False,False,1
C002455,24,20.06,486.35,3,2,0,Month-to-month,None,Bank transfer,False,False,False,0
C002456,45,114.03,5137.41,1,0,4,Month-to-month,Fibre optic,Credit card,True,True,False,1
C002457,11,74.69,820.46,1,1,2,One year,Fibre optic,Bank transfer,True,False,False,1
C002458,18,65.77,1203.2,3,0,2,Two year,Fibre optic,Credit card,True,False,False,1
C002459,25,89.57,2329.07,1,1,3,Month-to-month,Fibre optic,Credit card,True,False,False,1
C002460,20,54.56,1059.11,1,0,2,One year,DSL,Electronic cheque,False,False,True,0
C002461,12,88.39,1034.35,1,2,1,Month-to-month,Fibre optic,Post,True,False,False,1
C002462,13,32.33,421.32,1,0,3,Month-to-month,DSL,Electronic cheque,True,True,False,0
C002463,38,113.85,4436.2,5,0,0,Month-to-month,Fibre optic,Electronic cheque,False,False,False,1
C002464,15,86.71,1228.76,1,0,0,Month-to-month,Fibre optic,Credit card,True,True,True,1
C002465,32,76.53,2458.99,1,1,1,Month-to-month,Fibre optic,Credit card,True,False,False,0
C002466,14,64.61,949.44,2,1,4,One year,Fibre optic,Bank transfer,False,True,False,0
C002467,32,15.88,511.98,0,0,3,One year,None,Credit card,False,False,False,0
C002468,16,15.0,244.08,2,0,4,Two year,None,Electronic cheque,False,False,True,0
C002469,23,79.87,1842.73,0,3,4,Two year,DSL,Electronic cheque,False,True,False,1
C002470,9,55.55,504.28,0,1,2,Month-to-month,DSL,Bank transfer,True,False,False,1
C002471,18,70.1,1287.76,0,1,5,Month-to-month,DSL,Electronic cheque,False,False,False,0
C002472,9,66.8,586.93,0,1,4,Month-to-month,DSL,Bank transfer,True,False,True,1
C002473,11,70.44,743.82,0,0,0,Month-to-month,DSL,Bank transfer,False,False,False,0
C002474,11,25.11,281.0,1,0,2,Two year,None,Bank transfer,False,False,True,0
C002475,13,16.6,216.08,0,1,0,Month-to-month,None,Electronic cheque,False,False,True,1
C002476,30,62.72,1987.37,0,0,2,Month-to-month,DSL,Credit card,True,True,False,0
C002477,10,78.69,753.75,0,0,1,Month-to-month,Fibre optic,Post,False,False,False,0
C002478,17,15.07,263.28,1,1,0,Two year,None,Bank transfer,True,False,False,0
C002479,32,83.41,2590.47,1,0,1,Month-to-month,Fibre optic,Post,True,False,False,0
C002480,23,20.97,485.33,0,0,5,One year,None,Bank transfer,False,False,False,0
C002481,3,20.17,61.71,1,0,3,Month-to-month,None,Post,False,True,True,0
C002482,4,24.73,98.92,1,0,2,Month-to-month,None,Bank transfer,True,False,False,0
C002483,20,108.0,2166.54,1,0,3,Month-to-month,Fibre optic,Bank transfer,True,False,False,1
C002484,10,85.39,850.5,1,1,5,One year,Fibre optic,Credit card,False,True,True,1
C002485,3,51.72,155.34,0,0,5,One year,DSL,Credit card,False,True,False,0
C002486,9,25.96,225.04,0,0,2,Month-to-month,None,,True,False,False,0
C002487,21,57.13,1166.45,1,0,4,Month-to-month,DSL,Post,False,False,False,0
C002488,11,90.51,994.59,1,0,1,Month-to-month,Fibre optic,Credit card,True,False,False,1
C002489,16,58.64,939.82,0,1,0,Month-to-month,DSL,Credit card,True,True,False,0
C002490,12,80.78,966.38,0,0,4,Month-to-month,Fibre optic,Credit card,True,False,False,1
C002491,8,72.41,560.54,1,0,5,Month-to-month,DSL,Post,True,True,True,1
C002492,18,20.17,373.65,2,0,4,One year,None,Bank transfer,False,False,False,0
C002493,3,100.89,305.46,0,0,0,Two year,Fibre optic,Credit card,True,False,False,1
C002494,7,102.4,722.65,0,1,5,One year,Fibre optic,Credit card,True,False,False,1
C002495,26,68.05,1771.09,5,0,4,One year,Fibre optic,Credit card,False,False,False,0
C002496,4,86.3,,2,1,4,Two year,Fibre optic,Credit card,False,True,False,0
C002497,15,102.23,1457.9,2,0,1,Two year,Fibre optic,Electronic cheque,True,False,True,0
C002498,11,15.42,169.93,0,0,4,Month-to-month,None,Credit card,False,False,False,0
C002499,10,20.24,198.41,0,0,3,Month-to-month,None,Post,False,False,False,0
C002500,28,86.89,2390.16,0,3,0,Month-to-month,Fibre optic,Electronic cheque,False,True,False,1
C002501,32,15.0,489.83,0,1,2,Two year,None,Credit card,True,False,False,0
C002502,6,73.17,436.54,1,1,1,Month-to-month,Fibre optic,Bank transfer,False,False,False,1
C002503,13,58.09,769.89,0,0,4,Month-to-month,Fibre optic,Bank transfer,False,False,False,0
C002504,2,80.0,156.85,0,0,3,Month-to-month,Fibre optic,Electronic cheque,True,True,False,1
C002505,27,106.53,2847.44,2,0,0,One year,Fibre optic,Post,False,False,False,0
C002506,14,65.45,912.53,2,1,3,One year,Fibre optic,Credit card,True,True,True,0
C002507,4,58.54,221.46,2,0,3,One year,Fibre optic,Credit card,False,False,False,1
C002508,8,47.3,369.49,1,0,3,One year,DSL,Post,True,False,False,1
C002509,5,98.25,511.19,3,0,2,Two year,Fibre optic,Credit card,True,False,False,1
C002510,7,58.94,404.28,2,1,3,Month-to-month,Fibre optic,Bank transfer,False,False,False,0
C002511,2,94.88,190.64,0,1,1,Two year,Fibre optic,Bank transfer,True,False,False,1
C002512,37,34.9,1262.44,0,0,0,One year,None,Post,False,False,True,0
C002513,6,73.37,430.58,1,1,4,Month-to-month,DSL,Electronic cheque,True,False,False,0
C002514,15,34.3,517.81,0,2,5,Two year,DSL,Electronic cheque,True,False,True,0
C002515,20,88.71,1710.71,1,1,3,Two year,Fibre optic,Electronic cheque,True,True,True,0
C002516,32,66.35,2173.13,0,0,2,Two year,DSL,Bank transfer,True,False,True,0
C002517,15,56.07,859.16,0,3,5,Two year,DSL,Credit card,True,False,True,0
C002518,12,92.23,1126.24,1,1,4,Month-to-month,Fibre optic,Bank transfer,False,True,True,0
C002519,16,55.85,836.69,0,0,4,Month-to-month,DSL,Bank transfer,True,False,True,1
C002520,6,101.82,611.32,0,0,4,Month-to-month,Fibre optic,Electronic cheque,True,True,False,1
C002521,6,41.05,260.15,0,0,5,Two year,DSL,Electronic cheque,False,False,False,0
C002522,12,67.81,768.14,0,0,1,Two year,DSL,Electronic cheque,False,True,True,0
C002523,1,93.38,97.86,0,0,4,Two year,Fibre optic,Post,True,False,False,0
C002524,8,32.93,243.58,1,1,2,Two year,None,Post,False,False,False,0
C002525,10,81.73,831.11,2,1,5,One year,Fibre optic,Post,True,False,False,1
C002526,50,58.87,2797.49,1,0,0,Month-to-month,DSL,Electronic cheque,True,False,False,0
C002527,34,129.55,4429.05,2,2,1,Month-to-month,Fibre optic,Electronic cheque,True,False,False,1
C002528,20,61.73,1275.81,2,2,0,Month-to-month,Fibre optic,Credit card,True,False,True,1
C002529,27,93.89,2436.69,2,0,1,One year,Fibre optic,Bank transfer,False,True,False,1
C002530,6,51.91,331.29,0,0,0,Month-to-month,DSL,Post,False,False,False,0
C002531,16,41.98,648.88,0,0,3,Two year,DSL,Credit card,True,False,True,0
C002532,25,81.97,,2,0,0,One year,Fibre optic,Bank transfer,True,True,False,0
C002533,6,77.77,451.86,0,0,5,Month-to-month,Fibre optic,Bank transfer,True,False,False,1
C002534,4,19.09,79.19,0,0,4,Two year,None,Credit card,False,False,True,0
C002535,19,101.19,2021.79,1,1,1,One year,Fibre optic,Post,False,False,True,0
C002536,4,81.43,321.87,0,0,2,One year,Fibre optic,Post,True,True,True,0
C002537,22,130.0,2993.08,0,1,5,Month-to-month,Fibre optic,Credit card,True,False,True,1
C002538,31,76.85,2401.28,1,0,2,Month-to-month,Fibre optic,Post,False,False,True,0
C002539,6,109.8,652.93,1,0,0,Month-to-month,Fibre optic,Electronic cheque,False,False,False,1
C002540,7,21.86,148.0,0,0,0,Month-to-month,DSL,Credit card,True,True,True,0
C002541,31,15.0,454.25,0,1,5,One year,None,Credit card,True,False,False,0
C002542,15,69.25,1067.08,1,2,2,Two year,DSL,Credit card,False,False,False,0
C002543,28,56.2,1537.05,1,0,2,Two year,Fibre optic,Bank transfer,False,False,False,0
C002544,12,92.65,1134.36,1,1,4,Month-to-month,Fibre optic,Electronic cheque,True,False,False,1
C002545,13,24.16,311.0,1,0,1,Two year,None,Bank transfer,True,True,False,0
C002546,15,53.4,838.79,0,1,5,Month-to-month,DSL,Post,True,False,False,1
C002547,43,24.24,1021.32,0,0,5,Month-to-month,None,Electronic cheque,True,True,False,0
C002548,26,55.44,1370.26,1,0,2,One year,DSL,Credit card,True,True,False,0
C002549,8,66.89,514.68,1,0,2,Two year,DSL,Electronic cheque,True,False,True,0
C002550,17,31.68,546.23,1,0,4,Two year,None,Credit card,True,False,True,0
C002551,12,61.32,734.67,1,0,3,Two year,DSL,Post,False,True,True,0
C002552,10,79.59,796.25,0,0,5,Month-to-month,Fibre optic,Electronic cheque,True,False,False,0
C002553,21,98.67,2113.54,1,1,2,Month-to-month,Fibre optic,Post,True,False,False,1
C002554,18,17.78,308.52,0,0,2,Month-to-month,None,Electronic cheque,True,True,False,0
C002555,7,80.2,550.15,1,1,4,One year,Fibre optic,Electronic cheque,True,False,False,1
C002556,15,53.92,798.22,1,0,1,Month-to-month,DSL,Electronic cheque,True,False,False,1
C002557,10,19.84,199.28,2,1,5,Month-to-month,None,Electronic cheque,True,False,False,1
C002558,20,64.74,1260.97,1,0,2,Month-to-month,DSL,Credit card,True,False,False,1
C002559,9,77.53,687.95,2,0,3,One year,Fibre optic,Bank transfer,True,False,True,0
C002560,13,89.49,1144.58,1,0,2,One year,Fibre optic,Electronic cheque,True,True,False,1
C002561,10,62.71,597.72,2,1,4,Month-to-month,Fibre optic,Electronic cheque,False,True,False,1
C002562,3,79.05,233.45,0,0,4,Month-to-month,Fibre optic,Bank transfer,True,False,False,0
C002563,42,19.57,831.97,1,0,5,One year,None,Electronic cheque,False,False,False,0
C002564,15,130.0,1882.13,2,0,1,One year,Fibre optic,Credit card,True,False,False,1
C002565,43,37.73,,1,1,1,Month-to-month,None,Credit card,True,True,True,0
C002566,16,60.82,962.55,0,0,0,Month-to-month,DSL,Bank transfer,True,False,True,0
C002567,24,58.83,1382.11,0,1,4,Two year,Fibre optic,Electronic cheque,True,False,False,0
C002568,9,94.61,,2,2,3,One year,Fibre optic,Electronic cheque,False,False,False,1
C002569,9,60.26,510.88,1,0,2,Month-to-month,DSL,Credit card,False,False,False,1
C002570,14,101.53,1461.48,0,0,0,One year,Fibre optic,Credit card,True,False,False,1
C002571,43,52.81,2217.22,3,0,0,One year,Fibre optic,Credit card,False,True,False,0
C002572,7,82.81,594.36,3,0,2,Month-to-month,Fibre optic,Bank transfer,False,False,False,1
C002573,2,65.24,132.8,0,0,0,Month-to-month,DSL,Post,True,True,True,1
C002574,30,56.02,1762.91,0,2,4,Two year,DSL,Credit card,True,True,False,0
C002575,25,47.34,1192.09,0,0,5,Month-to-month,DSL,Credit card,False,True,False,0
C002576,11,72.42,780.93,1,0,1,Month-to-month,DSL,Electronic cheque,False,False,False,1
C002577,54,66.55,3662.02,0,1,4,One year,DSL,Electronic cheque,True,False,False,1
C002578,55,21.88,1124.8,1,1,0,Month-to-month,None,Electronic cheque,False,False,False,0
C002579,3,42.82,131.99,0,1,4,One year,DSL,Credit card,False,False,False,0
C002580,8,15.0,126.51,0,0,5,Month-to-month,None,Electronic cheque,False,True,False,0
C002581,14,15.0,202.42,2,0,3,Month-to-month,None,Post,False,False,False,0
C002582,20,54.52,1081.79,0,1,2,Month-to-month,DSL,Bank transfer,True,False,False,1
C002583,18,25.59,461.83,1,0,0,Two year,None,Credit card,True,False,False,0
C002584,15,71.89,1065.74,1,0,2,One year,DSL,Bank transfer,False,False,False,0
C002585,6,90.18,538.99,1,1,1,Two year,Fibre optic,Bank transfer,True,False,False,0
C002586,22,27.7,594.51,1,0,4,Month-to-month,None,Bank transfer,False,False,False,0
C002587,23,18.8,424.15,0,0,4,One year,None,Credit card,True,True,False,0
C002588,29,72.85,2296.79,0,0,1,Month-to-month,DSL,Electronic cheque,True,False,False,0
C002589,5,57.21,287.03,1,1,2,One year,DSL,Electronic cheque,False,False,False,0
C002590,13,66.47,796.96,1,0,4,Month-to-month,DSL,Post,False,False,True,1
C002591,10,25.85,253.96,2,2,3,One year,None,Post,True,False,False,0
C002592,5,50.08,247.07,0,0,3,Month-to-month,DSL,Post,False,False,False,1
C002593,12,84.08,1058.01,2,2,1,Month-to-month,Fibre optic,Electronic cheque,True,False,False,1
C002594,6,92.56,579.64,0,0,1,One year,DSL,Credit card,True,False,False,1
C002595,4,73.55,295.05,2,0,4,Month-to-month,Fibre optic,Credit card,False,False,True,0
C002596,25,91.16,2200.26,2,1,2,Month-to-month,Fibre optic,Post,False,False,False,1
C002597,10,75.36,758.49,0,2,3,Two year,DSL,Electronic cheque,False,False,False,0
C002598,8,76.9,598.7,4,0,5,Month-to-month,Fibre optic,Electronic cheque,True,True,False,1
C002599,34,110.15,3778.11,1,0,0,One year,Fibre optic,Bank transfer,False,False,False,0
C002600,23,80.78,1912.46,1,2,4,Two year,Fibre optic,Post,True,False,True,0
C002601,2,87.39,171.63,0,1,3,One year,Fibre optic,Electronic cheque,True,False,True,1
C002602,20,58.6,1178.54,0,0,4,Month-to-month,Fibre optic,Electronic cheque,False,False,False,1
C002603,20,94.35,1929.41,1,0,4,One year,Fibre optic,Electronic cheque,True,False,False,0
C002604,12,76.42,930.76,2,0,2,Month-to-month,Fibre optic,Bank transfer,True,False,False,1
C002605,12,102.23,1165.61,2,1,3,Month-to-month,Fibre optic,Bank transfer,True,False,False,1
C002606,3,66.06,197.78,0,1,3,One year,DSL,Post,True,True,False,1
C002607,54,53.74,2644.35,1,0,0,Two year,DSL,Bank transfer,False,False,False,0
C002608,12,29.0,351.17,0,3,1,Month-to-month,None,Bank transfer,False,False,True,0
C002609,19,31.22,608.15,1,0,4,Month-to-month,None,Post,True,False,False,0
C002610,13,66.93,881.41,2,0,2,One year,DSL,Credit card,False,False,True,0
C002611,8,92.19,744.63,0,0,5,Month-to-month,Fibre optic,,True,False,False,1
C002612,27,74.2,2021.06,0,0,5,One year,Fibre optic,Post,True,False,False,0
C002613,17,67.91,1174.46,3,0,0,Month-to-month,Fibre optic,Bank transfer,False,False,False,1
C002614,12,64.7,755.4,2,0,3,Month-to-month,DSL,Bank transfer,False,False,False,0
C002615,19,21.63,402.97,0,0,1,One year,None,Bank transfer,True,False,False,0
C002616,14,71.4,1003.21,2,0,1,Two year,DSL,Credit card,True,False,False,1
C002617,45,34.77,1623.18,0,0,2,Month-to-month,None,Bank transfer,False,False,False,0
C002618,26,57.54,1519.57,1,0,4,Two year,DSL,Post,False,False,True,0
C002619,21,69.8,1497.11,0,1,4,Month-to-month,DSL,Post,True,False,False,1
C002620,4,56.96,225.77,0,0,5,Month-to-month,DSL,Credit card,True,False,False,1
C002621,22,39.95,881.48,1,0,3,Month-to-month,DSL,Credit card,False,False,False,1
C002622,22,15.0,329.22,0,0,4,Month-to-month,None,Credit card,False,True,True,0
C002623,6,89.61,517.38,0,1,0,One year,Fibre optic,Post,True,False,False,1
C002624,3,59.68,180.66,2,0,3,Month-to-month,DSL,Bank transfer,False,False,True,0
C002625,25,15.0,373.02,0,0,4,Month-to-month,None,Bank transfer,True,False,True,0
C002626,28,56.32,1618.42,2,1,3,Month-to-month,DSL,Credit card,True,True,False,1
C002627,9,58.65,503.92,1,0,2,Two year,DSL,Electronic cheque,True,False,False,0
C002628,9,52.34,464.25,0,0,4,Two year,DSL,Electronic cheque,False,False,False,0
C002629,16,107.15,1619.15,2,0,5,Month-to-month,Fibre optic,Post,True,False,False,1
C002630,10,19.66,198.91,0,1,5,Month-to-month,None,Bank transfer,True,False,False,1
C002631,3,49.06,150.77,2,0,5,Two year,DSL,Credit card,False,False,False,0
C002632,6,109.33,663.48,2,0,0,Month-to-month,Fibre optic,Credit card,True,False,True,1
C002633,19,52.37,1053.74,0,0,0,Two year,DSL,Bank transfer,False,True,True,0
C002634,6,46.19,281.72,2,1,0,One year,DSL,Electronic cheque,True,False,False,1
C002635,29,108.08,3051.78,0,0,5,Two year,Fibre optic,Credit card,True,False,True,0
C002636,21,72.6,1580.27,4,1,4,Month-to-month,Fibre optic,,True,True,False,1
C002637,19,59.91,1208.58,2,0,1,Month-to-month,Fibre optic,Credit card,False,False,False,1
C002638,16,78.36,1279.46,1,0,0,Month-to-month,DSL,Credit card,True,False,False,1
C002639,8,74.23,580.72,1,0,3,Month-to-month,DSL,Bank transfer,True,False,False,0
C002640,23,92.54,2087.13,1,0,4,Month-to-month,Fibre optic,Post,False,False,False,1
C002641,8,103.42,836.15,1,0,5,Two year,Fibre optic,Bank transfer,False,False,False,0
C002642,30,92.14,2730.88,0,0,1,Month-to-month,Fibre optic,Electronic cheque,True,False,False,0
C002643,40,56.13,,0,1,5,Month-to-month,DSL,Post,True,False,False,1
C002644,17,80.23,1354.51,1,0,4,Month-to-month,Fibre optic,Credit card,True,False,False,1
C002645,37,52.43,1989.5,0,0,2,Month-to-month,DSL,Electronic cheque,True,False,False,1
C002646,6,72.25,,2,0,5,Month-to-month,Fibre optic,Electronic cheque,True,False,True,1
C002647,21,74.58,1501.05,1,1,2,Month-to-month,Fibre optic,Credit card,True,False,True,0
C002648,15,53.09,794.32,1,1,1,One year,DSL,Credit card,False,False,False,0
C002649,26,57.28,1535.76,0,1,0,Two year,Fibre optic,Bank transfer,True,False,False,0
C002650,2,95.39,189.97,2,0,5,Month-to-month,Fibre optic,Bank transfer,False,False,False,0
C002651,25,40.35,1019.14,1,0,1,One year,Fibre optic,Credit card,False,True,False,0
C002652,9,18.82,170.24,1,0,0,Month-to-month,None,,True,False,False,1
C002653,15,93.22,1363.29,2,0,3,Month-to-month,Fibre optic,,True,False,True,1
C002654,53,63.04,3514.3,0,1,1,Two year,DSL,Electronic cheque,True,False,True,0
C002655,22,47.95,1031.11,0,0,4,Two year,DSL,Credit card,True,False,False,0
C002656,20,77.65,1509.77,1,1,1,Month-to-month,Fibre optic,Electronic cheque,False,False,False,1
C002657,19,45.54,892.61,1,0,5,Month-to-month,DSL,Credit card,False,False,True,1
C002658,32,91.22,2871.28,1,0,2,Month-to-month,Fibre optic,Electronic cheque,False,False,True,1
C002659,26,39.97,1041.56,0,0,2,Month-to-month,DSL,Electronic cheque,True,False,True,0
C002660,19,34.3,660.01,1,1,4,One year,DSL,Bank transfer,False,False,True,0
C002661,17,65.05,1139.67,1,0,1,Month-to-month,DSL,Post,True,False,True,1
C002662,16,18.57,278.41,0,0,1,Two year,None,Electronic cheque,False,False,False,0
C002663,14,67.24,937.26,3,1,1,One year,Fibre optic,Electronic cheque,False,False,False,1
C002664,5,87.8,435.09,2,1,2,Month-to-month,Fibre optic,,True,False,True,1
C002665,22,33.97,746.39,0,0,1,Two year,DSL,Bank transfer,False,False,False,0
C002666,9,23.03,212.08,1,2,5,One year,None,Credit card,True,False,False,0
C002667,13,18.14,246.28,0,0,5,Month-to-month,None,Bank transfer,False,False,False,0
C002668,28,114.57,3227.38,0,0,0,Month-to-month,Fibre optic,Electronic cheque,False,False,False,0
C002669,14,88.02,1203.68,1,0,2,Two year,Fibre optic,Post,True,True,True,1
C002670,13,27.19,355.91,0,1,3,Two year,None,Electronic cheque,True,False,False,0
C002671,17,78.73,1361.65,0,0,3,Month-to-month,DSL,Bank transfer,True,False,True,1
C002672,12,40.42,489.14,0,0,3,One year,DSL,Electronic cheque,False,False,False,0
C002673,52,59.12,3171.89,3,2,0,Two year,Fibre optic,Credit card,True,False,False,1
C002674,48,79.4,3733.83,2,0,1,Two year,Fibre optic,Post,False,False,False,1
C002675,47,93.36,4306.23,2,1,3,Month-to-month,Fibre optic,Credit card,True,False,False,1
C002676,19,106.08,2026.19,0,0,4,Month-to-month,Fibre optic,Electronic cheque,True,False,False,1
C002677,9,47.63,,0,0,2,Two year,DSL,Electronic cheque,False,False,True,0
C002678,28,86.78,2555.7,0,2,5,Month-to-month,Fibre optic,Credit card,False,False,False,0
C002679,12,83.77,1021.54,1,0,4,Month-to-month,Fibre optic,Electronic cheque,True,True,False,1
C002680,30,38.71,1172.68,3,2,2,One year,DSL,Bank transfer,False,False,False,0
C002681,9,61.3,536.05,0,2,4,Month-to-month,DSL,Electronic cheque,False,False,False,0
C002682,20,43.24,883.71,0,0,5,One year,DSL,Post,False,False,True,0
C002683,33,22.01,701.76,1,1,0,Month-to-month,None,Electronic cheque,True,False,False,0
C002684,12,62.07,768.98,1,0,1,One year,DSL,Credit card,True,True,False,0
C002685,12,52.28,630.62,1,0,5,Month-to-month,DSL,Bank transfer,True,False,False,0
C002686,4,84.81,340.7,2,0,1,Two year,Fibre optic,Electronic cheque,True,False,False,1
C002687,9,63.34,592.41,2,0,0,Month-to-month,DSL,Bank transfer,True,False,False,1
C002688,19,67.58,1289.55,2,0,3,Month-to-month,Fibre optic,Electronic cheque,True,False,False,0
C002689,21,75.65,1571.57,0,1,5,Two year,Fibre optic,Post,True,False,False,0
C002690,23,15.92,369.27,2,2,3,One year,None,Electronic cheque,False,False,False,0
C002691,2,49.79,97.06,0,1,0,Month-to-month,DSL,Bank transfer,True,True,False,1
C002692,12,56.1,678.23,1,0,5,Month-to-month,DSL,Electronic cheque,True,False,True,1
C002693,4,68.77,273.78,0,0,2,One year,DSL,Bank transfer,True,False,True,0
C002694,18,22.56,397.92,0,1,2,Two year,None,Credit card,False,False,False,0
C002695,3,22.45,72.2,0,0,2,Month-to-month,None,Credit card,False,False,False,0
C002696,6,78.87,470.63,1,0,3,Two year,DSL,Electronic cheque,True,False,True,0
C002697,26,59.63,1523.35,1,0,4,Month-to-month,DSL,Electronic cheque,False,False,True,1
C002698,10,54.81,520.36,0,0,2,One year,DSL,Post,False,False,True,0
C002699,37,55.41,2004.85,1,1,1,Month-to-month,DSL,Bank transfer,False,False,False,0
C002700,23,49.59,1166.54,0,1,1,Month-to-month,DSL,Electronic cheque,True,False,False,0
C002701,12,24.46,280.0,1,2,5,Two year,None,Bank transfer,False,False,False,0
C002702,29,67.63,1893.78,0,0,4,Month-to-month,DSL,Credit card,False,False,False,0
C002703,13,27.4,366.66,1,2,0,Two year,None,Electronic cheque,False,True,False,0
C002704,25,67.0,1656.7,0,1,0,Month-to-month,DSL,Bank transfer,False,True,True,0
C002705,8,25.63,202.12,1,3,1,Month-to-month,None,Bank transfer,True,False,True,1
C002706,30,97.61,2935.02,1,0,5,Two year,Fibre optic,Credit card,True,False,False,0
C002707,3,56.18,174.59,1,0,1,One year,DSL,Credit card,True,False,False,1
C002708,6,114.19,665.6,3,0,5,Month-to-month,Fibre optic,Credit card,True,False,False,1
C002709,7,76.19,564.65,0,0,2,One year,DSL,Electronic cheque,False,True,True,1
C002710,9,20.3,183.17,1,0,3,Month-to-month,None,Electronic cheque,False,False,False,1
C002711,19,59.77,1133.99,0,0,0,Two year,Fibre optic,Electronic cheque,True,False,False,0
C002712,15,15.0,229.28,0,0,0,Month-to-month,None,Electronic cheque,True,False,False,0
C002713,25,21.95,513.09,1,0,0,Month-to-month,None,Electronic cheque,True,False,False,0
C002714,33,43.9,1461.07,1,0,2,Month-to-month,DSL,Credit card,True,False,False,0
C002715,3,126.63,382.03,1,0,5,One year,Fibre optic,Bank transfer,False,False,False,0
C002716,36,94.35,3582.25,1,1,0,Two year,Fibre optic,Post,False,True,True,0
C002717,13,48.82,678.37,0,0,5,Two year,DSL,Electronic cheque,True,True,False,0
C002718,46,93.2,4310.13,0,0,1,Month-to-month,Fibre optic,Credit card,False,False,False,0
C002719,8,61.34,492.44,0,1,0,Month-to-month,DSL,Electronic cheque,True,False,False,1
C002720,2,70.62,140.5,1,1,3,Month-to-month,Fibre optic,Electronic cheque,False,False,False,1
C002721,23,40.58,932.26,3,0,5,Two year,DSL,Credit card,True,False,False,0
C002722,22,56.76,1234.08,0,1,0,Month-to-month,DSL,Electronic cheque,True,True,False,0
C002723,6,28.58,176.62,0,1,4,One year,None,Credit card,True,True,False,0
C002724,6,15.0,93.73,0,1,1,Month-to-month,None,Post,True,False,False,0
C002725,26,64.88,1748.93,1,0,4,Two year,DSL,Credit card,True,False,False,0
C002726,20,33.33,692.66,0,0,3,Month-to-month,DSL,Electronic cheque,True,True,False,0
C002727,12,113.07,1377.04,1,1,4,Month-to-month,Fibre optic,Bank transfer,True,True,True,1
C002728,21,51.18,1099.73,1,1,4,Two year,DSL,Post,True,False,True,0
C002729,18,85.69,1575.59,0,0,0,Two year,Fibre optic,Electronic cheque,True,True,False,0
C002730,7,88.92,594.82,3,0,4,One year,Fibre optic,Bank transfer,True,False,False,0
C002731,28,58.07,1612.56,1,2,3,One year,DSL,Credit card,True,False,True,0
C002732,24,58.64,1382.73,0,1,3,One year,DSL,Credit card,True,False,False,1
C002733,15,23.79,355.67,1,1,4,Month-to-month,DSL,Electronic cheque,True,False,True,1
C002734,26,70.66,1828.66,1,0,1,Month-to-month,DSL,Credit card,False,False,False,0
C002735,50,74.16,3776.63,1,0,4,One year,Fibre optic,Electronic cheque,True,False,False,0
C002736,6,61.96,366.91,0,2,4,One year,DSL,Electronic cheque,True,True,False,0
C002737,12,29.99,335.06,0,0,4,Month-to-month,None,Credit card,True,False,False,1
C002738,13,66.52,873.09,2,1,1,Month-to-month,Fibre optic,Bank transfer,True,False,False,0
C002739,26,79.29,2045.3,0,0,3,One year,DSL,Post,True,False,True,1
C002740,9,105.91,966.61,1,0,4,Month-to-month,Fibre optic,Credit card,False,False,False,0
C002741,25,113.04,2726.21,0,2,1,One year,Fibre optic,Bank transfer,True,True,False,1
C002742,10,105.57,1069.76,0,0,2,One year,Fibre optic,Credit card,False,False,False,1
C002743,6,102.23,597.69,0,0,0,Month-to-month,Fibre optic,Bank transfer,True,False,False,1
C002744,16,39.7,603.28,1,0,2,Month-to-month,DSL,Credit card,True,True,True,0
C002745,10,26.17,259.0,0,0,2,Month-to-month,DSL,Electronic cheque,True,True,False,1
C002746,17,40.23,648.03,0,0,5,Month-to-month,DSL,Credit card,True,False,True,0
C002747,20,46.71,915.42,0,0,0,One year,DSL,Credit card,True,False,False,0
C002748,3,68.47,206.06,4,0,1,One year,Fibre optic,Electronic cheque,True,False,True,1
C002749,11,28.11,296.47,1,1,5,Two year,None,Electronic cheque,True,False,False,0
C002750,16,62.24,1004.82,1,2,3,Month-to-month,Fibre optic,Electronic cheque,True,False,False,1
C002751,27,29.94,774.85,0,1,0,One year,None,Electronic cheque,True,False,True,0
C002752,24,54.06,1259.63,4,1,4,Month-to-month,Fibre optic,Credit card,True,False,False,1
C002753,7,40.2,272.31,1,1,2,Two year,DSL,Electronic cheque,True,True,True,0
C002754,13,18.29,242.05,0,1,1,Month-to-month,None,Post,False,False,True,1
C002755,21,50.41,1064.48,1,0,0,One year,DSL,Bank transfer,False,False,False,0
C002756,13,58.06,743.53,1,0,2,Month-to-month,DSL,Post,True,False,True,0
C002757,8,16.44,122.92,1,0,1,Month-to-month,None,Electronic cheque,True,False,True,0
C002758,15,83.36,1247.01,0,1,1,Two year,Fibre optic,Post,True,False,False,0
C002759,20,24.05,463.38,1,2,4,Month-to-month,None,Credit card,False,False,False,1
C002760,7,83.39,,1,0,4,Month-to-month,DSL,Credit card,True,False,True,0
C002761,23,97.4,2280.19,0,0,3,One year,Fibre optic,Bank transfer,True,False,True,1
C002762,17,67.65,1119.64,1,0,3,Month-to-month,DSL,Bank transfer,True,False,True,0
C002763,23,72.74,1675.03,0,0,1,Month-to-month,DSL,Credit card,True,False,False,0
C002764,14,25.5,346.97,1,1,2,Month-to-month,None,Bank transfer,False,False,False,1
C002765,45,40.95,1890.64,1,1,4,Month-to-month,Fibre optic,Electronic cheque,True,False,False,1
C002766,19,92.51,1784.67,1,2,5,Two year,Fibre optic,Electronic cheque,True,False,False,0
C002767,25,24.87,640.18,0,0,1,One year,None,Post,False,False,False,1
C002768,23,28.68,682.79,1,0,1,Month-to-month,None,Post,True,False,False,0
C002769,13,59.86,743.03,0,2,0,Month-to-month,DSL,Credit card,False,False,False,1
C002770,18,74.02,1410.82,0,0,1,Two year,DSL,Post,True,False,True,0
C002771,9,19.96,166.27,0,0,3,Two year,None,Bank transfer,False,False,False,0
C002772,43,84.67,3574.97,2,0,4,Month-to-month,Fibre optic,Electronic cheque,True,True,False,0
C002773,21,81.22,1682.4,0,0,2,One year,Fibre optic,Electronic cheque,True,False,True,0
C002774,8,69.69,528.09,1,0,1,Month-to-month,DSL,Credit card,False,False,False,1
C002775,37,50.29,1831.44,0,0,0,Month-to-month,DSL,Post,True,False,False,0
C002776,14,18.76,269.99,2,0,2,Two year,None,Credit card,True,False,False,0
C002777,27,61.01,1652.81,0,0,3,Two year,Fibre optic,Electronic cheque,False,False,True,0
C002778,3,94.65,270.13,2,0,3,Month-to-month,Fibre optic,Electronic cheque,False,True,True,1
C002779,32,69.21,2191.91,1,0,1,Two year,DSL,Credit card,True,False,False,0
C002780,20,72.97,,0,0,5,One year,DSL,Bank transfer,True,False,False,0
C002781,7,85.87,586.4,4,0,0,One year,Fibre optic,Electronic cheque,True,False,True,1
C002782,20,29.94,591.53,1,0,2,One year,None,Bank transfer,True,False,False,0
C002783,40,51.42,2084.23,0,0,1,Month-to-month,DSL,Bank transfer,True,True,False,0
C002784,9,44.16,406.53,1,0,3,Two year,DSL,Bank transfer,True,False,False,1
C002785,9,76.4,700.76,1,0,0,Month-to-month,Fibre optic,Electronic cheque,True,False,False,1
C002786,13,63.21,812.69,0,0,5,Month-to-month,DSL,Credit card,True,False,True,1
C002787,16,81.98,1245.82,3,0,3,Month-to-month,Fibre optic,Electronic cheque,False,False,False,1
C002788,29,105.53,3083.72,4,0,1,Two year,Fibre optic,Electronic cheque,True,False,False,0
C002789,21,69.76,1397.97,0,1,4,Month-to-month,DSL,Electronic cheque,False,False,True,0
C002790,13,78.12,1011.01,1,0,4,Month-to-month,Fibre optic,Post,False,False,False,1
C002791,19,69.75,1291.23,2,1,2,One year,DSL,Electronic cheque,False,False,False,0
C002792,44,65.83,2878.89,0,0,4,Month-to-month,Fibre optic,Credit card,True,True,False,1
C002793,24,19.42,483.24,2,1,3,Month-to-month,None,Post,False,True,False,1
C002794,14,31.21,440.4,0,0,4,Month-to-month,None,Credit card,False,False,False,0
C002795,13,59.72,801.36,1,3,4,One year,Fibre optic,Electronic cheque,True,False,True,1
C002796,18,94.47,1661.38,2,1,4,Month-to-month,Fibre optic,Credit card,False,False,False,0
C002797,28,40.23,1136.41,1,0,3,Month-to-month,DSL,Electronic cheque,False,False,True,0
C002798,8,85.87,664.4,1,0,2,Month-to-month,Fibre optic,Credit card,False,False,False,1
C002799,26,50.29,1298.06,0,0,1,Two year,DSL,Credit card,True,False,False,0
C002800,14,82.76,1175.74,1,0,0,One year,Fibre optic,Electronic cheque,True,False,True,1
C002801,15,48.62,686.24,0,1,0,Month-to-month,DSL,Electronic cheque,True,False,False,1
C002802,68,106.06,7177.79,1,1,3,Two year,Fibre optic,Bank transfer,False,False,False,0
C002803,24,86.69,2110.67,1,0,5,Two year,Fibre optic,Electronic cheque,False,True,False,1
C002804,10,45.78,451.25,2,0,1,One year,Fibre optic,Bank transfer,True,False,True,1
C002805,20,49.27,1008.98,0,0,1,Month-to-month,DSL,Post,False,False,False,1
C002806,29,102.17,2952.13,1,0,0,Month-to-month,Fibre optic,Electronic cheque,False,False,True,1
C002807,24,95.83,2201.01,3,0,4,One year,Fibre optic,Credit card,True,False,True,0
C002808,2,16.04,32.36,0,0,2,Month-to-month,None,Bank transfer,False,False,False,0
C002809,15,84.95,1276.09,1,1,0,Month-to-month,Fibre optic,Credit card,True,False,False,1
C002810,21,52.61,1098.89,1,0,1,Month-to-month,DSL,Electronic cheque,True,False,False,1
C002811,20,24.88,496.58,1,0,1,Month-to-month,None,Post,True,False,True,0
C002812,11,54.52,612.65,0,1,2,One year,DSL,Electronic cheque,True,False,False,0
C002813,25,70.68,1765.34,2,0,5,Month-to-month,DSL,,True,False,True,0
C002814,32,52.43,1707.22,1,0,1,One year,DSL,Bank transfer,True,False,False,0
C002815,3,106.67,334.05,3,1,3,Two year,Fibre optic,Credit card,False,True,False,0
C002816,3,87.91,269.35,2,0,5,Month-to-month,Fibre optic,Electronic cheque,False,True,False,1
C002817,20,86.48,1729.12,1,0,2,Month-to-month,Fibre optic,Credit card,False,False,False,1
C002818,26,30.88,801.38,0,0,4,Month-to-month,None,Post,True,False,False,0
C002819,9,77.83,,2,1,1,Month-to-month,Fibre optic,Bank transfer,False,False,True,1
C002820,2,62.0,124.17,0,0,3,Two year,DSL,Electronic cheque,False,False,False,0
C002821,15,85.07,1280.12,0,1,0,One year,Fibre optic,Electronic cheque,True,False,False,0
C002822,20,95.63,1872.28,3,0,0,Two year,Fibre optic,Electronic cheque,True,False,False,1
C002823,12,101.66,1201.14,3,0,0,Two year,Fibre optic,Bank transfer,True,False,False,0
C002824,30,101.76,2970.78,0,0,1,Month-to-month,Fibre optic,Bank transfer,True,False,False,1
C002825,19,83.76,1626.11,1,1,2,One year,Fibre optic,Electronic cheque,False,False,True,1
C002826,9,81.92,742.07,2,0,3,Month-to-month,Fibre optic,Electronic cheque,False,False,False,0
C002827,9,93.84,843.62,0,0,5,Month-to-month,DSL,Bank transfer,True,False,False,0
C002828,15,15.0,220.46,2,0,1,Month-to-month,None,Post,True,False,False,1
C002829,12,58.67,716.51,1,0,3,Month-to-month,DSL,Post,False,False,False,1
C002830,3,77.2,227.03,3,0,5,One year,DSL,Bank transfer,False,False,False,1
C002831,18,130.0,2290.16,2,0,4,One year,Fibre optic,Post,True,True,False,1
C002832,10,25.39,259.38,1,1,5,Month-to-month,None,Post,True,False,False,0
C002833,11,87.82,954.09,0,0,2,Month-to-month,Fibre optic,Credit card,True,True,False,1
C002834,6,91.8,555.07,2,0,3,One year,Fibre optic,Post,False,False,False,0
C002835,41,33.11,1335.53,2,0,0,One year,None,Electronic cheque,True,False,True,0
C002836,23,67.6,1543.19,1,1,0,One year,Fibre optic,Electronic cheque,True,False,True,0
C002837,47,94.28,4424.29,1,1,1,Month-to-month,Fibre optic,Electronic cheque,True,False,False,1
C002838,12,75.38,932.46,2,0,1,Month-to-month,Fibre optic,Credit card,True,False,False,1
C002839,24,59.3,1438.86,0,0,2,One year,Fibre optic,Electronic cheque,True,False,False,0
C002840,18,102.14,1865.06,1,0,0,One year,Fibre optic,Electronic cheque,True,False,False,1
C002841,9,26.08,238.09,1,0,4,Month-to-month,None,Electronic cheque,False,False,False,0
C002842,12,80.56,996.06,1,1,1,Month-to-month,DSL,Electronic cheque,True,False,False,1
C002843,23,47.84,1153.86,1,0,2,Month-to-month,DSL,Electronic cheque,False,False,False,0
C002844,6,74.56,454.55,1,2,4,One year,Fibre optic,Credit card,False,False,True,1
C002845,30,55.42,1616.89,2,0,4,Month-to-month,Fibre optic,Credit card,True,False,False,1
C002846,17,98.72,1692.64,1,0,1,One year,Fibre optic,Post,True,True,True,1
C002847,28,25.06,729.25,1,0,0,Two year,None,Electronic cheque,True,False,False,0
C002848,20,79.01,1519.77,3,0,4,Month-to-month,Fibre optic,Post,True,False,False,1
C002849,3,15.0,47.24,0,0,5,Month-to-month,None,Bank transfer,False,False,True,0
C002850,15,45.87,702.65,3,2,5,Month-to-month,DSL,Credit card,False,False,True,0
C002851,31,46.27,1447.97,0,0,1,Month-to-month,DSL,Credit card,True,True,False,0
C002852,17,52.81,890.01,2,1,5,Two year,DSL,Post,False,False,True,0
C002853,15,93.79,1384.44,2,0,4,Two year,Fibre optic,Credit card,False,False,False,0
C002854,17,53.74,941.44,0,2,4,Month-to-month,DSL,Post,True,False,False,1
C002855,3,65.36,188.44,0,0,0,Two year,DSL,Electronic cheque,True,False,False,1
C002856,33,65.83,2315.84,3,0,1,Month-to-month,Fibre optic,Post,False,False,False,0
C002857,1,49.73,51.1,0,0,1,One year,DSL,Bank transfer,True,True,False,0
C002858,37,84.5,3177.07,2,0,3,One year,Fibre optic,Post,False,True,True,0
C002859,11,25.25,280.96,1,0,0,Month-to-month,None,Credit card,True,False,True,1
C002860,21,46.08,947.84,0,1,2,Month-to-month,DSL,Bank transfer,True,False,False,0
C002861,2,68.93,138.72,0,1,0,One year,Fibre optic,Electronic cheque,True,False,False,0
C002862,26,72.9,1812.62,0,0,1,Month-to-month,DSL,Post,True,False,False,0
C002863,23,59.13,1316.9,1,0,5,Two year,DSL,Electronic cheque,True,False,False,0
C002864,22,60.5,1267.62,1,0,5,Month-to-month,DSL,Electronic cheque,True,False,False,0
C002865,2,88.33,177.08,1,0,3,Month-to-month,Fibre optic,Post,False,False,False,0
C002866,8,74.21,585.79,4,0,5,Two year,Fibre optic,Post,True,False,False,1
C002867,20,60.75,1207.98,3,1,4,Month-to-month,Fibre optic,Post,True,False,False,1
C002868,32,18.72,602.93,2,0,2,Month-to-month,None,Electronic cheque,False,True,False,1
C002869,7,59.88,434.83,1,0,2,Month-to-month,DSL,Credit card,False,False,False,0
C002870,7,99.28,663.4,2,1,5,Month-to-month,Fibre optic,Credit card,False,False,False,1
C002871,19,68.98,1366.61,0,0,4,Month-to-month,Fibre optic,Electronic cheque,True,False,True,1
C002872,64,46.06,2957.4,1,0,5,Month-to-month,DSL,Electronic cheque,True,False,False,0
C002873,9,55.29,490.64,1,0,3,Month-to-month,DSL,Electronic cheque,True,False,False,1
C002874,11,63.0,698.37,1,0,5,Month-to-month,DSL,Post,True,False,True,0
C002875,10,49.89,504.94,1,1,4,Two year,DSL,Bank transfer,True,False,True,0
C002876,14,44.88,650.27,0,1,1,Two year,DSL,Electronic cheque,False,False,False,0
C002877,34,45.47,1537.67,0,0,5,Month-to-month,DSL,Electronic cheque,False,False,True,0
C002878,14,20.9,281.3,0,3,0,Two year,None,Electronic cheque,False,False,False,0
C002879,68,21.46,1399.23,2,1,4,Two year,None,Electronic cheque,True,False,False,0
C002880,16,75.94,1241.0,1,0,1,Two year,Fibre optic,Electronic cheque,False,False,True,0
C002881,36,85.57,3127.57,3,0,2,One year,Fibre optic,Electronic cheque,False,False,True,0
C002882,12,29.07,367.76,1,1,1,Month-to-month,None,Electronic cheque,True,False,False,1
C002883,5,68.13,326.14,2,0,0,Month-to-month,Fibre optic,Post,True,False,False,1
C002884,14,72.26,1025.73,0,1,1,Two year,Fibre optic,Bank transfer,False,True,True,1
C002885,22,66.28,1496.11,2,1,2,Month-to-month,Fibre optic,Credit card,True,False,True,1
C002886,8,25.36,204.77,1,0,2,Two year,None,Electronic cheque,True,False,False,1
C002887,32,86.01,2738.5,1,1,0,One year,Fibre optic,Credit card,False,True,False,1
C002888,10,61.98,614.12,2,0,4,Month-to-month,DSL,Credit card,True,False,False,1
C002889,6,91.68,545.03,3,0,4,Month-to-month,Fibre optic,Credit card,True,False,False,0
C002890,60,65.39,3953.23,3,0,2,Two year,DSL,Electronic cheque,True,False,False,0
C002891,8,56.94,471.91,0,0,3,Month-to-month,DSL,Bank transfer,False,False,True,1
C002892,10,81.07,780.22,2,0,5,One year,Fibre optic,Credit card,False,False,True,0
C002893,25,86.31,2133.63,1,2,2,Two year,Fibre optic,Electronic cheque,False,False,True,0
C002894,12,51.88,650.71,3,0,4,Month-to-month,DSL,Credit card,False,False,False,0
C002895,6,52.65,303.68,1,0,0,Month-to-month,DSL,Bank transfer,False,False,True,0
C002896,9,92.56,844.17,1,0,0,Month-to-month,Fibre optic,Post,True,False,False,0
C002897,49,58.76,2645.92,1,1,2,Two year,DSL,Credit card,True,False,False,0
C002898,23,15.0,340.04,1,0,5,Month-to-month,None,Post,False,False,False,0
C002899,26,90.11,2278.71,3,0,1,Month-to-month,Fibre optic,Post,True,False,False,1
C002900,18,94.95,1766.86,2,1,1,Month-to-month,Fibre optic,Bank transfer,False,False,False,1
C002901,21,58.36,1182.67,2,1,4,Month-to-month,DSL,Electronic cheque,True,False,True,1
C002902,11,23.6,250.95,1,1,4,Month-to-month,None,Credit card,True,False,True,0
C002903,17,16.55,273.89,0,1,1,Month-to-month,None,Bank transfer,True,False,False,0
C002904,2,78.25,154.01,1,2,4,Two year,DSL,Electronic cheque,False,False,True,0
C002905,29,85.04,2434.05,2,0,2,Month-to-month,Fibre optic,Electronic cheque,False,False,False,0
C002906,11,114.42,1236.24,1,0,2,Two year,Fibre optic,Post,True,False,False,0
C002907,5,38.51,194.18,1,0,1,Two year,DSL,Electronic cheque,True,False,False,0
C002908,17,99.81,1640.86,0,0,5,One year,Fibre optic,Electronic cheque,False,False,False,0
C002909,13,18.71,246.45,0,2,3,One year,None,Electronic cheque,True,False,True,0
C002910,29,59.11,1674.88,1,1,4,Month-to-month,Fibre optic,Bank transfer,True,False,False,0
C002911,15,15.91,223.58,0,1,5,One year,None,Credit card,True,False,True,0
C002912,9,54.8,490.77,1,3,4,Month-to-month,DSL,Electronic cheque,True,True,True,1
C002913,15,15.0,228.04,1,1,1,Month-to-month,None,Electronic cheque,True,False,False,0
C002914,39,15.0,568.15,2,0,5,One year,None,Electronic cheque,True,False,False,0
C002915,29,48.26,1402.98,1,0,2,Month-to-month,DSL,Post,True,False,True,1
C002916,23,102.6,2325.27,3,0,2,Month-to-month,Fibre optic,Electronic cheque,True,False,False,1
C002917,30,75.26,2218.04,0,0,4,One year,Fibre optic,Bank transfer,True,False,False,0
C002918,24,18.52,452.43,1,1,4,Month-to-month,None,Credit card,True,False,True,0
C002919,7,53.85,384.17,1,0,4,Month-to-month,DSL,Electronic cheque,True,False,True,1
C002920,26,63.69,1598.43,0,4,2,Month-to-month,DSL,Electronic cheque,False,False,False,0
C002921,32,103.84,3224.23,1,0,2,Month-to-month,Fibre optic,Bank transfer,False,False,False,0
C002922,34,86.91,3017.42,0,0,4,Month-to-month,Fibre optic,Electronic cheque,False,False,False,0
C002923,6,78.57,456.23,0,0,4,Month-to-month,Fibre optic,Post,True,False,False,0
C002924,10,84.41,820.9,4,0,4,Month-to-month,Fibre optic,Bank transfer,True,False,True,0
C002925,9,26.67,237.87,1,0,5,One year,None,Credit card,False,False,True,0
C002926,12,48.18,567.62,0,0,3,Two year,DSL,Electronic cheque,True,False,False,0
C002927,21,15.0,310.0,1,1,4,One year,None,Post,True,True,True,0
C002928,17,114.48,1929.89,1,1,5,Month-to-month,Fibre optic,Bank transfer,True,False,False,1
C002929,17,15.0,253.11,0,0,0,One year,None,Post,False,True,False,0
C002930,5,54.71,275.22,2,1,1,Two year,DSL,Credit card,True,False,False,0
C002931,10,100.46,1007.05,0,1,5,Two year,Fibre optic,Credit card,True,False,True,0
C002932,35,32.38,1191.84,0,0,0,Month-to-month,None,Credit card,True,False,False,1
C002933,32,76.51,2493.58,1,0,3,Month-to-month,Fibre optic,Post,True,False,False,0
C002934,14,80.18,1119.84,0,0,3,Month-to-month,DSL,Bank transfer,False,False,False,0
C002935,26,119.22,3252.09,2,0,3,One year,Fibre optic,Bank transfer,True,False,False,1
C002936,20,30.75,598.53,2,1,0,Month-to-month,DSL,Electronic cheque,False,True,False,0
C002937,28,53.18,1574.84,1,1,4,Two year,DSL,Post,False,True,False,0
C002938,27,58.73,1707.2,2,0,1,Month-to-month,Fibre optic,Credit card,True,False,True,1
C002939,15,21.85,336.23,1,0,3,One year,None,Post,True,False,False,0
C002940,23,94.79,2170.03,1,0,1,Month-to-month,Fibre optic,Post,True,False,False,0
C002941,21,56.61,1223.32,0,0,0,Month-to-month,DSL,Bank transfer,False,False,False,0
C002942,16,41.87,694.46,0,0,2,Month-to-month,DSL,Bank transfer,True,False,True,0
C002943,13,98.02,1238.17,1,0,0,One year,Fibre optic,Credit card,True,False,True,1
C002944,45,68.66,3163.55,1,0,5,Month-to-month,DSL,Electronic cheque,True,False,False,0
C002945,16,28.11,446.66,0,1,5,Month-to-month,None,Bank transfer,True,False,True,0
C002946,25,48.92,1192.97,0,0,4,One year,DSL,Electronic cheque,True,True,False,1
C002947,43,39.03,1694.6,0,1,2,Two year,DSL,Post,True,False,True,0
C002948,23,93.05,2145.87,1,0,0,One year,Fibre optic,Electronic cheque,True,False,False,1
C002949,22,62.4,1317.48,0,0,2,One year,DSL,Bank transfer,False,False,False,0
C002950,16,87.48,1458.61,0,2,5,Month-to-month,Fibre optic,Bank transfer,True,False,False,0
C002951,21,83.19,1757.03,3,0,3,Two year,Fibre optic,Electronic cheque,False,True,True,1
C002952,12,56.29,692.39,1,0,5,Month-to-month,DSL,Electronic cheque,True,True,False,1
C002953,72,119.65,8855.33,2,0,3,Two year,Fibre optic,Bank transfer,True,False,True,0
C002954,5,113.78,557.12,2,0,4,Two year,Fibre optic,Electronic cheque,True,False,True,0
C002955,14,81.83,1220.78,2,0,0,Month-to-month,Fibre optic,Credit card,True,False,False,1
C002956,23,80.41,1966.31,1,1,4,Month-to-month,DSL,Bank transfer,True,False,True,0
C002957,22,121.93,2605.65,1,1,2,One year,Fibre optic,Electronic cheque,False,True,True,1
C002958,12,107.26,1289.16,1,1,1,One year,Fibre optic,Electronic cheque,True,False,False,1
C002959,3,72.18,217.94,1,2,3,One year,DSL,Credit card,False,False,False,0
C002960,5,49.75,244.12,0,0,3,Two year,DSL,Electronic cheque,True,False,False,0
C002961,18,79.47,1415.07,3,0,2,Month-to-month,DSL,Bank transfer,False,False,False,0
C002962,2,38.73,83.08,0,0,2,Month-to-month,DSL,Credit card,True,True,True,1
C002963,24,91.1,2155.95,0,0,1,One year,DSL,Credit card,False,False,True,0
C002964,34,20.48,737.28,0,2,3,Month-to-month,None,Electronic cheque,False,True,False,0
C002965,27,97.62,2734.08,1,0,0,One year,Fibre optic,Electronic cheque,False,False,True,1
C002966,31,91.34,2872.49,1,0,4,Two year,Fibre optic,Credit card,False,False,False,0
C002967,2,64.43,134.11,0,0,3,Month-to-month,DSL,Bank transfer,True,False,False,0
C002968,13,29.3,391.73,0,0,1,Two year,DSL,Post,True,True,False,0
C002969,7,73.63,525.19,1,1,2,Two year,Fibre optic,Bank transfer,True,False,False,0
C002970,4,94.45,389.87,2,1,1,Month-to-month,Fibre optic,Bank transfer,False,False,False,1
C002971,11,32.04,347.56,0,2,4,Two year,None,Electronic cheque,True,False,False,0
C002972,42,55.5,2320.29,2,1,5,One year,DSL,Bank transfer,True,False,False,1
C002973,50,59.04,2832.14,1,0,3,Month-to-month,DSL,Electronic cheque,True,False,True,0
C002974,8,91.79,751.52,1,0,1,Month-to-month,Fibre optic,Electronic cheque,True,True,True,0
C002975,16,82.84,1302.05,1,0,5,Month-to-month,DSL,Electronic cheque,True,False,True,1
C002976,21,52.71,1059.12,2,0,2,One year,DSL,Credit card,False,True,False,0
C002977,13,69.04,914.89,0,0,2,Month-to-month,DSL,Electronic cheque,True,False,False,1
C002978,36,77.65,2776.78,2,1,4,Month-to-month,DSL,Electronic cheque,True,False,False,1
C002979,11,15.0,173.38,1,1,3,Two year,None,Credit card,False,False,False,0
C002980,9,42.67,394.69,1,0,4,One year,None,Bank transfer,True,False,True,0
C002981,8,97.05,809.87,2,2,0,One year,Fibre optic,Bank transfer,False,False,False,1
C002982,13,48.96,635.84,3,0,2,Two year,Fibre optic,Electronic cheque,True,False,True,0
C002983,1,72.12,72.89,1,0,1,Month-to-month,Fibre optic,Credit card,True,False,True,1
C002984,13,98.52,1319.4,1,2,5,Month-to-month,Fibre optic,Electronic cheque,False,False,False,1
C002985,17,77.8,1226.27,0,0,0,One year,Fibre optic,Bank transfer,True,False,False,1
C002986,18,110.93,1904.93,1,0,2,Month-to-month,Fibre optic,Post,False,True,True,1
C002987,6,24.05,144.21,0,0,5,Month-to-month,None,Electronic cheque,True,False,True,0
C002988,18,48.72,833.68,1,0,1,One year,DSL,Bank transfer,False,False,False,0
C002989,17,66.41,1103.18,0,1,4,Month-to-month,Fibre optic,Bank transfer,True,False,False,1
C002990,18,21.47,393.83,1,1,0,Month-to-month,None,Post,True,True,True,0
C002991,27,22.6,617.55,1,0,4,One year,None,Bank transfer,True,False,False,0
C002992,6,18.83,115.45,1,0,2,One year,None,Bank transfer,False,True,True,1
C002993,13,66.36,835.34,1,1,4,Month-to-month,Fibre optic,Electronic cheque,True,False,True,1
C002994,3,98.36,303.45,0,1,3,Month-to-month,Fibre optic,Post,False,False,False,1
C002995,26,47.01,1194.1,1,0,4,Two year,DSL,Credit card,False,False,False,0
C002996,7,99.75,711.14,1,0,0,Two year,Fibre optic,Bank transfer,False,True,False,1
C002997,30,50.85,1560.06,0,0,2,Month-to-month,DSL,Electronic cheque,False,True,True,0
C002998,31,82.08,2710.12,1,1,0,Month-to-month,Fibre optic,Credit card,True,False,False,0
C002999,14,15.0,221.24,0,1,5,One year,None,Post,True,False,False,0
C003000,13,23.81,316.6,1,0,2,Month-to-month,None,Post,True,False,True,0
C003001,4,102.07,404.92,0,1,5,Month-to-month,Fibre optic,Post,False,False,True,1
C003002,16,74.99,1206.67,0,1,2,Month-to-month,DSL,Bank transfer,True,False,False,1
C003003,27,51.85,1417.74,5,0,4,Month-to-month,Fibre optic,Post,False,False,False,1
C003004,19,54.36,1015.45,0,0,1,Month-to-month,DSL,Electronic cheque,True,False,False,1
C003005,39,70.51,2808.99,0,1,2,Month-to-month,DSL,Bank transfer,True,False,False,1
C003006,12,27.71,340.67,3,1,0,Two year,None,Electronic cheque,False,False,True,0
C003007,12,73.11,898.8,1,0,5,Month-to-month,Fibre optic,Post,True,False,False,1
C003008,7,63.58,430.89,1,0,4,Month-to-month,DSL,Credit card,True,False,True,1
C003009,56,98.27,5504.28,2,1,2,Month-to-month,Fibre optic,Electronic cheque,True,False,False,1
C003010,4,40.31,166.08,1,0,1,Two year,DSL,Credit card,True,True,False,0
C003011,26,79.34,2112.54,1,0,3,Month-to-month,Fibre optic,Electronic cheque,True,False,True,1
C003012,28,46.4,1294.45,0,0,1,Month-to-month,DSL,Electronic cheque,True,False,False,0
C003013,27,50.72,1368.9,0,0,3,One year,DSL,Bank transfer,False,False,False,0
C003014,8,109.8,868.54,0,2,2,One year,Fibre optic,Bank transfer,True,False,False,1
C003015,14,109.82,1566.42,0,0,3,Two year,Fibre optic,Electronic cheque,True,False,False,0
C003016,23,74.22,1624.78,0,0,2,Month-to-month,Fibre optic,Credit card,False,False,True,0
C003017,10,24.17,234.96,1,0,2,Month-to-month,None,Credit card,False,False,False,0
C003018,12,18.29,215.89,1,0,1,Month-to-month,None,Post,True,False,False,0
C003019,10,31.85,324.06,1,0,1,One year,None,Post,False,False,False,0
C003020,17,37.38,663.65,0,0,4,Month-to-month,None,Electronic cheque,True,False,False,0
C003021,16,17.82,288.51,0,0,1,Month-to-month,None,Credit card,True,False,False,0
C003022,43,34.14,1416.88,0,1,4,Month-to-month,None,Bank transfer,True,False,False,0
C003023,24,50.91,1214.69,1,0,4,Two year,DSL,Bank transfer,True,False,False,0
C003024,5,61.02,296.71,3,0,0,Month-to-month,DSL,Post,False,False,False,1
C003025,6,69.75,415.48,1,0,4,Month-to-month,Fibre optic,Electronic cheque,False,False,False,1
C003026,26,28.08,710.12,1,2,2,Two year,None,Credit card,False,False,False,1
C003027,16,21.27,336.69,1,0,3,One year,None,Post,False,False,False,0
C003028,54,103.28,5439.91,2,0,3,One year,Fibre optic,Electronic cheque,True,False,False,0
C003029,54,23.59,1352.49,0,1,1,One year,None,Credit card,True,True,False,0
C003030,7,118.57,840.35,2,1,5,Month-to-month,Fibre optic,Bank transfer,True,False,False,1
C003031,20,97.37,1897.08,1,0,5,Two year,Fibre optic,Bank transfer,True,False,True,0
C003032,6,42.4,254.15,0,2,1,Month-to-month,DSL,Electronic cheque,True,False,False,1
C003033,26,72.98,1998.19,0,0,2,Two year,Fibre optic,Bank transfer,True,False,False,0
C003034,47,57.88,2791.74,1,3,0,Month-to-month,DSL,Bank transfer,False,False,True,0
C003035,18,31.41,562.78,0,0,0,One year,DSL,Post,True,False,True,0
C003036,11,92.41,999.7,2,1,5,Month-to-month,Fibre optic,Electronic cheque,False,True,False,1
C003037,21,42.86,909.19,0,0,5,Month-to-month,DSL,Post,True,False,True,1
C003038,30,24.67,728.72,1,0,4,Month-to-month,None,Bank transfer,False,False,True,0
C003039,30,126.0,3912.47,3,0,5,One year,Fibre optic,Post,True,False,False,0
C003040,12,64.72,836.21,1,1,3,Month-to-month,Fibre optic,Electronic cheque,False,False,False,1
C003041,9,47.69,431.8,0,0,1,Two year,DSL,Credit card,True,False,True,0
C003042,19,15.0,286.0,0,1,3,Month-to-month,None,Post,True,False,False,0
C003043,12,67.29,779.21,3,1,2,One year,Fibre optic,Bank transfer,False,False,False,1
C003044,36,99.43,3748.19,2,0,4,One year,Fibre optic,Post,True,True,True,0
C003045,12,112.55,1373.63,1,1,1,Month-to-month,Fibre optic,Electronic cheque,True,False,True,1
C003046,17,124.65,2010.56,0,1,3,One year,Fibre optic,Electronic cheque,True,False,False,1
C003047,21,92.4,1962.37,1,0,5,One year,Fibre optic,Post,True,False,False,1
C003048,4,50.8,203.25,4,0,3,One year,Fibre optic,Bank transfer,True,False,False,0
C003049,10,24.61,247.33,2,0,0,One year,None,Electronic cheque,True,False,False,1
C003050,52,53.23,2736.19,0,0,5,One year,DSL,,True,True,False,0
C003051,29,15.0,436.74,1,2,3,Month-to-month,None,Bank transfer,True,False,True,0
C003052,12,88.87,1032.87,2,0,1,Month-to-month,Fibre optic,Credit card,True,False,False,1
C003053,26,66.68,1740.15,0,0,4,Month-to-month,DSL,Bank transfer,False,False,True,0
C003054,35,62.08,2227.48,0,1,3,One year,DSL,Credit card,False,False,False,0
C003055,13,103.31,1336.48,2,0,0,Two year,Fibre optic,Electronic cheque,True,False,True,1
C003056,28,46.69,1280.53,1,2,4,Month-to-month,DSL,Post,False,False,False,1
C003057,25,20.49,534.61,0,0,2,Month-to-month,None,Electronic cheque,False,False,True,0
C003058,6,75.8,470.73,0,0,0,Month-to-month,Fibre optic,Electronic cheque,False,False,False,0
C003059,13,27.52,346.93,2,0,0,One year,None,Electronic cheque,False,False,False,1
C003060,44,56.38,2452.18,1,0,5,One year,DSL,Bank transfer,True,False,False,0
C003061,51,100.67,5143.95,2,2,1,One year,Fibre optic,Electronic cheque,False,True,True,0
C003062,29,35.19,1030.35,2,0,1,One year,DSL,Post,True,False,False,0
C003063,10,83.84,854.99,2,0,4,One year,Fibre optic,Credit card,True,False,False,0
C003064,2,79.9,158.51,0,1,4,Month-to-month,Fibre optic,Bank transfer,True,False,False,0
C003065,9,71.39,624.87,3,0,0,Month-to-month,Fibre optic,Electronic cheque,True,False,True,0
C003066,5,103.65,522.94,1,1,3,Month-to-month,Fibre optic,Electronic cheque,False,False,False,1
C003067,46,60.21,2711.17,0,0,3,Two year,DSL,,False,False,False,0
C003068,3,49.52,151.31,1,1,3,One year,DSL,Credit card,False,False,True,0
C003069,6,73.45,448.36,1,1,0,Month-to-month,Fibre optic,Credit card,False,True,False,0
C003070,19,52.31,1048.14,0,0,5,Month-to-month,DSL,Credit card,True,False,False,1
C003071,16,85.79,1428.9,2,1,5,Month-to-month,Fibre optic,Credit card,False,False,False,1
C003072,43,76.77,3372.37,2,0,2,Two year,Fibre optic,Electronic cheque,True,False,False,1
C003073,24,23.06,547.99,1,0,3,Month-to-month,None,Post,True,True,False,1
C003074,14,16.04,219.19,0,0,2,One year,None,Electronic cheque,True,False,True,0
C003075,36,57.4,2135.26,0,0,2,Month-to-month,Fibre optic,Bank transfer,False,False,False,0
C003076,12,30.63,372.48,0,0,3,One year,None,Bank transfer,True,False,False,0
C003077,45,84.39,3711.63,0,1,3,One year,Fibre optic,Post,False,False,False,0
C003078,8,56.68,456.01,1,0,5,Month-to-month,DSL,Bank transfer,True,False,False,0
C003079,15,38.26,571.71,0,1,3,One year,None,Post,True,False,False,0
C003080,2,84.94,168.49,0,0,5,Month-to-month,Fibre optic,Credit card,False,False,True,1
C003081,30,92.24,2781.59,1,0,1,Two year,Fibre optic,Bank transfer,False,False,False,0
C003082,18,83.17,1470.29,1,1,5,Month-to-month,Fibre optic,Credit card,False,True,False,1
C003083,45,27.63,1199.95,0,0,4,One year,None,Electronic cheque,True,False,True,0
C003084,13,92.81,1275.25,5,1,5,Month-to-month,Fibre optic,Bank transfer,True,False,True,1
C003085,4,31.33,124.67,0,2,3,One year,None,Post,True,True,False,0
C003086,22,27.92,625.92,0,0,2,Month-to-month,DSL,Bank transfer,True,False,False,0
C003087,10,32.79,312.9,2,2,0,One year,None,Credit card,True,True,False,1
C003088,27,89.94,2332.51,2,1,1,Month-to-month,Fibre optic,Credit card,True,False,False,0
C003089,8,93.88,730.96,0,2,0,Month-to-month,Fibre optic,Electronic cheque,True,False,False,1
C003090,40,20.43,794.77,0,0,5,Two year,None,Post,False,False,False,0
C003091,17,70.79,1167.92,0,2,1,Month-to-month,DSL,Post,True,False,False,1
C003092,14,56.88,774.41,1,0,0,Month-to-month,DSL,Credit card,True,False,True,1
C003093,38,28.84,1122.47,2,1,4,One year,None,Electronic cheque,True,True,True,0
C003094,30,18.1,531.21,1,1,0,Month-to-month,None,Post,True,False,False,1
C003095,9,116.2,978.22,2,0,4,Two year,Fibre optic,Electronic cheque,True,False,False,0
C003096,30,100.77,3035.22,0,1,3,Month-to-month,Fibre optic,Bank transfer,False,False,False,0
C003097,26,52.93,1356.64,2,0,4,Two year,DSL,Post,True,False,False,0
C003098,15,112.61,1766.72,2,0,3,Two year,Fibre optic,Credit card,False,False,True,0
C003099,28,112.11,3133.09,1,1,4,Month-to-month,Fibre optic,Credit card,True,False,True,1
C003100,40,24.34,1010.63,0,0,4,Month-to-month,None,Bank transfer,False,False,True,0
C003101,15,55.88,832.02,0,0,4,One year,Fibre optic,Post,True,False,False,1
C003102,15,82.27,1211.9,0,1,2,One year,Fibre optic,Post,True,False,False,0
C003103,15,93.44,1426.68,0,0,2,Month-to-month,Fibre optic,Post,True,True,False,1
C003104,9,23.35,202.34,1,0,5,Month-to-month,None,Bank transfer,True,False,False,0
C003105,15,53.13,823.89,2,2,1,Month-to-month,Fibre optic,Bank transfer,True,True,True,1
C003106,14,47.48,657.07,1,2,4,One year,DSL,Credit card,True,True,True,0
C003107,13,104.76,1298.37,1,0,0,One year,Fibre optic,,True,False,False,1
C003108,13,112.03,1479.04,2,0,5,Month-to-month,Fibre optic,Credit card,True,False,False,1
C003109,6,68.2,406.59,1,2,1,Month-to-month,DSL,Electronic cheque,True,False,True,1
C003110,32,105.67,3259.16,2,0,5,One year,Fibre optic,Post,False,False,True,0
C003111,10,62.2,629.59,0,0,5,Two year,DSL,Credit card,False,False,False,1
C003112,41,102.34,4133.0,2,0,5,Month-to-month,Fibre optic,Credit card,False,False,False,0
C003113,7,87.61,626.34,1,0,3,Month-to-month,Fibre optic,Bank transfer,False,True,False,1
C003114,47,93.64,4383.02,2,0,3,Month-to-month,Fibre optic,Electronic cheque,True,False,True,1
C003115,12,63.01,766.39,0,1,2,One year,Fibre optic,Electronic cheque,True,False,True,0
C003116,30,98.0,2914.39,0,0,0,Month-to-month,Fibre optic,Credit card,True,False,False,0
C003117,18,60.83,1045.09,0,0,4,Month-to-month,DSL,Electronic cheque,False,False,False,1
C003118,5,35.91,184.19,1,1,1,One year,DSL,Bank transfer,False,False,False,0
C003119,5,77.1,376.87,0,2,3,Month-to-month,Fibre optic,Electronic cheque,False,False,False,1
C003120,9,31.9,269.79,1,0,1,Month-to-month,None,Electronic cheque,True,False,False,0
C003121,12,67.77,803.37,0,0,2,Month-to-month,DSL,Post,True,False,True,0
C003122,16,42.43,664.89,1,1,2,Month-to-month,DSL,Bank transfer,True,False,False,1
C003123,21,24.06,518.9,1,1,3,Month-to-month,None,Credit card,True,False,False,0
C003124,14,70.39,965.9,0,0,0,Month-to-month,DSL,Electronic cheque,True,False,True,1
C003125,20,18.27,364.11,1,0,4,Month-to-month,None,Electronic cheque,False,True,False,1
C003126,22,25.82,577.3,1,2,1,Month-to-month,None,Credit card,False,False,False,0
C003127,14,44.01,617.1,0,1,3,Two year,DSL,Electronic cheque,True,True,False,0
C003128,25,72.32,1862.94,0,1,1,Two year,DSL,Bank transfer,False,False,False,0
C003129,29,18.61,556.74,0,2,4,Month-to-month,None,Credit card,True,False,True,0
C003130,23,41.37,924.81,0,0,4,One year,DSL,Post,True,True,False,0
C003131,23,109.12,2537.06,2,1,0,Month-to-month,Fibre optic,Bank transfer,False,False,False,1
C003132,19,87.2,,0,0,4,Two year,DSL,Bank transfer,False,False,False,0
C003133,34,115.79,3835.88,0,1,0,Two year,Fibre optic,Bank transfer,False,False,True,0
C003134,16,15.0,231.72,1,0,4,One year,None,Electronic cheque,True,False,False,0
C003135,10,55.67,568.15,3,0,2,One year,Fibre optic,Electronic cheque,True,False,False,1
C003136,16,51.38,803.46,1,1,0,Month-to-month,DSL,Bank transfer,False,True,False,1
C003137,5,55.13,292.08,2,1,4,Month-to-month,Fibre optic,Credit card,True,False,False,1
C003138,5,83.44,412.88,1,0,4,Month-to-month,Fibre optic,Bank transfer,False,False,False,0
C003139,30,60.61,1768.33,1,2,4,Month-to-month,DSL,Electronic cheque,True,False,True,1
C003140,42,85.28,3524.72,1,1,0,One year,Fibre optic,Bank transfer,True,False,False,1
C003141,12,48.52,607.24,4,0,5,Month-to-month,Fibre optic,Electronic cheque,False,True,False,1
C003142,30,79.18,2284.31,0,1,2,Month-to-month,DSL,Credit card,True,False,True,0
C003143,2,31.2,61.75,1,0,4,One year,None,Electronic cheque,False,False,False,0
C003144,23,96.2,2195.54,3,1,0,One year,Fibre optic,Electronic cheque,True,False,False,1
C003145,16,81.29,1200.72,1,1,3,One year,DSL,Electronic cheque,False,True,False,0
C003146,46,27.22,1234.01,0,1,4,Month-to-month,DSL,Credit card,False,True,True,0
C003147,14,103.4,1439.32,1,0,4,Two year,Fibre optic,Credit card,False,False,False,0
C003148,7,56.94,388.2,0,0,1,Month-to-month,DSL,Electronic cheque,True,False,False,0
C003149,4,56.4,230.5,0,0,0,One year,DSL,Bank transfer,True,False,False,1
C003150,16,61.25,1003.33,1,1,3,Month-to-month,Fibre optic,Credit card,False,False,False,1
C003151,18,99.97,1807.03,4,0,5,Month-to-month,Fibre optic,Electronic cheque,False,False,False,1
C003152,14,71.41,964.93,0,2,0,Two year,DSL,Bank transfer,False,True,True,0
C003153,30,79.52,2320.9,1,1,5,Month-to-month,Fibre optic,Electronic cheque,True,True,False,0
C003154,39,101.93,4103.52,1,0,0,Month-to-month,Fibre optic,Credit card,False,False,True,0
C003155,12,95.98,1231.94,1,1,1,Month-to-month,Fibre optic,Electronic cheque,True,False,True,1
C003156,3,21.26,65.55,2,1,5,Two year,None,Bank transfer,True,False,False,0
C003157,20,71.17,1443.29,1,0,2,Two year,DSL,Electronic cheque,False,True,True,0
C003158,35,72.0,2446.1,0,0,5,Month-to-month,DSL,Electronic cheque,False,False,False,0
C003159,12,18.65,224.44,1,1,2,One year,DSL,Credit card,True,False,False,0
C003160,23,24.07,531.89,1,0,1,Month-to-month,DSL,Electronic cheque,True,False,True,0
C003161,6,83.51,509.49,0,0,4,One year,Fibre optic,Credit card,True,False,False,0
C003162,20,61.73,1220.68,1,1,5,Month-to-month,DSL,Electronic cheque,False,False,True,0
C003163,24,103.01,2384.31,2,1,2,Month-to-month,Fibre optic,Post,True,False,True,0
C003164,20,21.37,421.57,1,0,0,One year,None,Bank transfer,True,False,False,0
C003165,54,54.32,2967.74,1,0,0,Two year,Fibre optic,Credit card,True,False,False,0
C003166,41,75.54,3115.38,0,0,1,Month-to-month,Fibre optic,Post,False,False,False,0
C003167,26,87.23,2271.29,3,0,0,Month-to-month,Fibre optic,Bank transfer,True,False,False,0
C003168,33,83.08,2768.74,0,0,2,Two year,Fibre optic,Bank transfer,True,False,True,0
C003169,19,82.28,1511.97,0,0,4,Month-to-month,Fibre optic,Bank transfer,True,False,False,0
C003170,15,64.73,941.21,0,1,3,Month-to-month,Fibre optic,Credit card,False,False,False,0
C003171,11,31.86,341.06,1,0,4,Month-to-month,DSL,Electronic cheque,True,False,False,0
C003172,6,55.54,319.83,2,0,2,Month-to-month,DSL,Credit card,True,False,True,0
C003173,43,74.79,3214.67,2,0,2,Month-to-month,Fibre optic,Post,False,False,True,0
C003174,56,104.77,5604.24,1,0,2,Month-to-month,Fibre optic,Credit card,True,False,False,0
C003175,17,53.05,907.81,3,0,4,Month-to-month,DSL,Electronic cheque,True,False,False,0
C003176,17,75.58,1223.75,1,1,0,Month-to-month,DSL,Credit card,False,False,True,1
C003177,24,104.71,2567.5,2,0,0,Two year,Fibre optic,Electronic cheque,True,False,True,1
C003178,14,82.28,1160.54,1,2,5,Month-to-month,DSL,Credit card,True,False,False,0
C003179,7,60.56,404.54,2,1,2,One year,Fibre optic,Post,True,False,True,0
C003180,5,58.83,298.17,1,0,0,Month-to-month,DSL,Post,True,False,False,1
C003181,54,41.8,2249.04,0,0,4,Month-to-month,DSL,Bank transfer,True,False,False,1
C003182,3,95.71,296.84,0,0,0,Month-to-month,Fibre optic,Credit card,False,False,False,0
C003183,20,66.02,1315.0,2,0,1,Month-to-month,DSL,Credit card,True,False,False,0
C003184,4,78.16,296.89,0,0,0,One year,DSL,Electronic cheque,False,False,False,1
C003185,15,25.39,375.72,0,0,3,Month-to-month,None,Electronic cheque,True,True,False,0
C003186,12,96.17,1147.11,0,0,1,One year,Fibre optic,Post,True,False,True,1
C003187,5,110.11,541.68,0,1,3,Two year,Fibre optic,Electronic cheque,True,False,True,0
C003188,25,102.11,2592.49,1,0,0,Month-to-month,Fibre optic,Electronic cheque,False,False,False,1
C003189,6,55.74,344.65,0,0,1,Two year,DSL,Credit card,True,False,False,1
C003190,4,93.79,380.48,0,1,1,Month-to-month,Fibre optic,Bank transfer,True,False,False,1
C003191,27,93.19,2438.58,2,0,4,Month-to-month,Fibre optic,Bank transfer,True,False,True,1
C003192,12,64.65,783.9,0,1,0,Month-to-month,DSL,Bank transfer,True,False,True,1
C003193,9,51.98,466.68,1,0,0,Two year,DSL,Electronic cheque,False,True,False,0
C003194,28,61.02,1668.03,0,0,1,One year,Fibre optic,Bank transfer,True,False,False,0
C003195,6,55.33,346.28,0,1,5,Two year,DSL,Electronic cheque,True,False,False,0
C003196,3,45.8,137.73,0,1,1,One year,DSL,Bank transfer,False,False,False,1
C003197,37,110.35,3984.22,3,2,3,Month-to-month,Fibre optic,,True,False,False,1
C003198,49,76.4,3728.83,2,0,0,Two year,Fibre optic,Electronic cheque,True,False,False,0
C003199,15,102.4,1545.93,1,1,5,Two year,Fibre optic,Credit card,True,False,True,0
C003200,14,56.15,825.47,0,1,0,One year,DSL,Post,False,True,True,0
C003201,29,102.77,3026.51,3,0,1,One year,Fibre optic,Electronic cheque,True,False,False,0
C003202,35,22.93,786.85,0,0,4,Two year,None,Post,False,False,True,0
C003203,7,98.07,700.11,0,1,4,Month-to-month,Fibre optic,Electronic cheque,True,False,False,1
C003204,13,15.0,195.85,1,0,4,Two year,None,Bank transfer,True,False,True,0
C003205,19,63.67,1153.13,0,1,0,Two year,Fibre optic,Electronic cheque,False,False,True,0
C003206,28,65.33,1755.52,1,0,1,One year,DSL,Electronic cheque,False,True,False,1
C003207,26,108.79,2761.16,2,0,0,Month-to-month,Fibre optic,Post,True,False,False,0
C003208,23,66.65,1487.25,1,0,4,Month-to-month,Fibre optic,Bank transfer,False,False,False,0
C003209,34,18.85,619.88,0,1,1,Two year,None,Credit card,False,False,True,0
C003210,15,79.38,1206.81,0,0,2,Two year,DSL,Bank transfer,True,False,False,0
C003211,43,74.7,3302.97,1,0,3,One year,DSL,Credit card,True,True,True,0
C003212,10,22.87,219.81,1,1,2,Two year,None,Bank transfer,True,False,True,0
C003213,26,45.24,1171.11,1,0,2,Month-to-month,DSL,Electronic cheque,True,False,False,0
C003214,12,103.69,1289.03,0,0,4,Two year,Fibre optic,Bank transfer,True,False,True,0
C003215,15,53.24,819.63,2,2,4,Month-to-month,DSL,Bank transfer,False,False,False,0
C003216,17,27.6,464.71,0,0,4,Month-to-month,None,Bank transfer,True,False,False,0
C003217,11,56.28,610.1,1,1,0,Month-to-month,DSL,Credit card,False,False,False,1
C003218,36,75.41,2838.29,1,1,3,Month-to-month,Fibre optic,,False,True,False,1
C003219,12,110.9,1385.64,1,1,5,Month-to-month,Fibre optic,Bank transfer,True,False,False,1
C003220,16,16.17,270.37,1,1,3,One year,None,Credit card,False,False,False,0
C003221,24,16.99,405.13,1,0,3,Month-to-month,None,Electronic cheque,True,False,False,0
C003222,70,52.72,3665.89,3,0,2,One year,Fibre optic,Bank transfer,True,False,False,0
C003223,25,80.68,1949.99,1,1,1,Month-to-month,DSL,Credit card,True,False,False,0
C003224,17,79.7,1365.43,1,0,1,Two year,Fibre optic,Credit card,True,True,True,0
C003225,3,37.06,109.75,1,0,4,Month-to-month,None,Credit card,False,True,True,1
C003226,14,82.02,1148.38,2,0,4,One year,Fibre optic,Credit card,True,False,False,1
C003227,10,23.94,222.83,0,0,1,One year,None,Credit card,True,False,True,0
C003228,13,85.75,1100.97,2,0,4,Month-to-month,Fibre optic,Electronic cheque,True,False,True,1
C003229,11,51.41,587.92,0,0,1,Month-to-month,DSL,Electronic cheque,True,False,False,0
C003230,24,50.69,1222.25,1,0,4,Month-to-month,DSL,Credit card,True,True,True,0
C003231,14,60.85,781.62,2,1,1,Month-to-month,DSL,Electronic cheque,False,False,False,1
C003232,8,88.87,,3,0,5,Month-to-month,Fibre optic,Credit card,False,False,False,1
C003233,30,91.73,2855.47,4,0,4,Month-to-month,Fibre optic,Electronic cheque,True,False,False,1
C003234,6,46.55,266.53,1,2,5,One year,DSL,Electronic cheque,False,True,False,0
C003235,16,72.09,,1,1,5,Month-to-month,Fibre optic,Electronic cheque,True,False,False,0
C003236,15,39.55,587.89,0,0,5,Month-to-month,DSL,Credit card,False,False,False,0
C003237,21,94.34,2009.98,1,0,1,Month-to-month,Fibre optic,Credit card,True,False,False,1
C003238,35,70.59,2522.44,1,0,4,Month-to-month,Fibre optic,Electronic cheque,True,False,True,0
C003239,72,60.91,4363.42,1,0,2,Month-to-month,Fibre optic,Credit card,False,False,False,0
C003240,17,77.27,1316.32,1,0,2,One year,DSL,Electronic cheque,False,False,False,0
C003241,9,98.58,935.18,0,1,4,One year,Fibre optic,Credit card,True,False,True,0
C003242,9,15.0,151.38,0,0,4,Month-to-month,None,Electronic cheque,True,False,False,0
C003243,9,106.66,983.06,1,0,5,Month-to-month,Fibre optic,Post,True,False,True,0
C003244,20,29.3,591.32,0,0,5,Month-to-month,None,Post,False,False,True,0
C003245,2,41.7,82.03,0,0,4,One year,DSL,Bank transfer,True,False,False,0
C003246,5,58.31,291.15,1,0,0,Month-to-month,DSL,Electronic cheque,True,False,True,1
C003247,20,49.52,993.27,0,0,5,Two year,DSL,Credit card,True,False,False,0
C003248,31,72.71,2266.17,1,2,0,One year,Fibre optic,Bank transfer,False,False,False,0
C003249,31,69.33,2011.03,0,0,4,One year,DSL,,True,True,False,0
C003250,18,25.97,459.5,2,0,3,Month-to-month,None,Electronic cheque,True,True,False,0
C003251,28,86.66,2411.11,1,0,0,Two year,Fibre optic,Electronic cheque,True,False,True,0
C003252,35,19.28,668.33,1,2,3,Month-to-month,None,Post,False,False,False,0
C003253,12,64.27,780.57,1,1,1,Month-to-month,Fibre optic,Electronic cheque,True,False,False,0
C003254,33,98.96,3444.76,2,1,1,Two year,Fibre optic,Post,True,False,True,0
C003255,4,70.0,285.24,0,1,1,One year,Fibre optic,Electronic cheque,False,False,True,0
C003256,5,72.83,369.66,0,1,2,Month-to-month,Fibre optic,Bank transfer,True,True,False,1
C003257,12,86.71,1065.63,1,0,5,Month-to-month,Fibre optic,Bank transfer,False,False,True,1
C003258,3,47.46,148.56,0,1,1,Month-to-month,DSL,Post,False,False,True,0
C003259,24,21.41,558.82,1,1,5,Two year,None,Electronic cheque,False,False,False,0
C003260,11,62.38,693.13,0,0,4,Month-to-month,Fibre optic,Credit card,True,False,False,1
C003261,15,85.03,1287.37,0,1,2,Month-to-month,Fibre optic,Electronic cheque,True,False,False,1
C003262,15,36.17,549.16,1,0,4,Month-to-month,DSL,Credit card,True,False,False,0
C003263,12,55.01,668.71,0,0,5,Two year,DSL,Credit card,True,True,False,0
C003264,9,42.88,378.33,0,0,1,One year,DSL,Credit card,True,False,True,0
C003265,24,84.57,2038.72,2,0,1,Month-to-month,Fibre optic,Electronic cheque,False,False,False,1
C003266,10,74.88,733.83,1,1,2,Two year,DSL,Electronic cheque,False,False,False,1
C003267,15,19.84,307.07,0,0,2,Month-to-month,None,Post,False,False,True,0
C003268,21,15.0,345.5,2,0,0,One year,None,Electronic cheque,True,True,True,0
C003269,35,46.08,1631.21,1,0,4,One year,DSL,Electronic cheque,True,False,False,0
C003270,33,111.53,3782.55,3,0,0,Month-to-month,Fibre optic,Electronic cheque,False,False,False,0
C003271,11,72.24,825.51,0,0,0,One year,DSL,Bank transfer,True,False,False,1
C003272,8,75.78,588.35,1,1,0,Two year,DSL,Post,False,False,True,0
C003273,40,46.99,1927.5,1,0,3,Month-to-month,DSL,Post,True,False,False,0
C003274,10,29.1,295.24,1,3,2,Month-to-month,None,Credit card,True,True,False,0
C003275,23,24.26,533.82,0,0,5,Two year,None,Post,True,False,False,0
C003276,3,47.43,141.78,1,0,4,Month-to-month,DSL,Credit card,False,False,True,0
C003277,2,48.22,89.0,0,0,1,Month-to-month,DSL,Electronic cheque,True,False,False,0
C003278,17,56.49,911.65,1,0,2,Month-to-month,Fibre optic,Credit card,True,True,False,0
C003279,13,104.26,1304.71,3,0,0,Two year,Fibre optic,Post,False,False,False,1
C003280,27,46.26,1195.41,0,0,4,One year,DSL,Post,True,False,True,0
C003281,9,27.57,258.83,1,0,0,Two year,None,Electronic cheque,True,False,False,0
C003282,20,17.68,341.08,0,1,3,Month-to-month,None,Bank transfer,False,False,False,0
C003283,26,93.74,2458.59,2,0,3,Two year,Fibre optic,Bank transfer,True,False,False,0
C003284,9,15.0,134.58,2,0,2,Month-to-month,None,Electronic cheque,True,False,False,1
C003285,12,71.67,856.74,0,0,5,One year,Fibre optic,Post,True,False,False,0
C003286,6,75.96,449.45,0,0,1,One year,Fibre optic,Bank transfer,False,False,True,1
C003287,28,25.47,697.97,0,0,1,Month-to-month,None,Bank transfer,False,False,False,0
C003288,24,73.05,1792.88,2,0,1,One year,Fibre optic,Credit card,False,True,False,0
C003289,25,85.61,1982.07,2,1,2,Month-to-month,Fibre optic,Post,False,False,False,1
C003290,13,47.99,643.13,0,0,3,Month-to-month,DSL,Post,False,True,True,0
C003291,23,105.3,2390.34,0,1,0,One year,Fibre optic,Post,True,False,False,0
C003292,14,83.13,1171.4,0,0,1,Month-to-month,DSL,Electronic cheque,True,False,False,1
C003293,44,57.61,2586.03,0,0,0,One year,DSL,Post,True,False,False,0
C003294,16,82.45,1370.9,0,1,4,Month-to-month,Fibre optic,Post,True,False,False,0
C003295,32,74.76,2339.02,2,1,4,Month-to-month,Fibre optic,Post,False,False,False,0
C003296,13,65.83,844.76,0,0,3,One year,DSL,Credit card,True,False,True,1
C003297,38,51.8,1875.45,0,0,2,Month-to-month,DSL,Credit card,True,False,True,0
C003298,8,23.66,191.46,1,1,4,Two year,None,Electronic cheque,True,False,True,0
C003299,22,65.64,1532.32,1,0,0,Two year,Fibre optic,Credit card,True,True,True,0
C003300,10,84.26,829.13,0,2,4,Month-to-month,Fibre optic,Credit card,False,False,True,0
C003301,19,15.0,282.94,1,0,5,Month-to-month,None,Electronic cheque,True,False,True,0
C003302,10,27.59,279.85,0,0,2,Month-to-month,None,Post,False,False,False,0
C003303,16,59.24,,1,0,4,One year,DSL,Electronic cheque,True,True,True,0
C003304,12,70.66,868.41,2,0,2,Month-to-month,Fibre optic,Bank transfer,True,False,False,1
C003305,25,43.4,1083.51,1,0,2,Two year,DSL,Electronic cheque,True,False,False,0
C003306,22,41.37,936.93,1,0,3,Two year,Fibre optic,Bank transfer,True,True,True,0
C003307,9,52.56,466.46,1,1,1,Month-to-month,Fibre optic,Credit card,False,False,True,0
C003308,9,60.42,545.36,2,0,5,One year,DSL,Bank transfer,False,False,True,0
C003309,8,87.65,681.1,3,1,2,Month-to-month,Fibre optic,Electronic cheque,True,False,True,1
C003310,6,60.23,354.38,2,0,3,Month-to-month,DSL,Credit card,True,False,False,0
C003311,27,102.53,2777.79,1,0,0,Month-to-month,Fibre optic,Electronic cheque,False,False,False,1
C003312,7,42.1,294.72,3,2,5,One year,DSL,Electronic cheque,False,False,False,1
C003313,20,16.09,331.28,0,0,2,Month-to-month,None,Electronic cheque,True,False,False,1
C003314,11,70.9,787.74,3,1,1,Two year,Fibre optic,Bank transfer,True,False,False,1
C003315,31,104.07,3214.72,0,0,1,Month-to-month,DSL,Bank transfer,True,False,True,1
C003316,51,89.23,4486.4,1,2,0,One year,Fibre optic,Electronic cheque,True,False,False,0
C003317,0,67.73,68.04,2,0,1,Two year,DSL,Bank transfer,True,False,True,0
C003318,8,93.4,768.19,0,0,3,One year,Fibre optic,Electronic cheque,False,False,False,1
C003319,11,51.65,556.62,3,1,5,Month-to-month,Fibre optic,Electronic cheque,False,True,True,1
C003320,14,72.69,1102.22,0,2,2,Month-to-month,DSL,Credit card,False,False,True,1
C003321,13,31.82,396.81,0,1,0,Month-to-month,DSL,Electronic cheque,False,False,True,1
C003322,5,61.88,301.89,0,0,3,Month-to-month,DSL,Post,True,False,False,1
C003323,52,124.7,6394.6,2,0,5,Two year,Fibre optic,Electronic cheque,False,False,False,1
C003324,13,75.37,1007.34,0,1,0,Month-to-month,Fibre optic,Bank transfer,False,False,False,0
C003325,22,41.82,960.34,1,1,5,Month-to-month,DSL,Bank transfer,False,False,True,1
C003326,23,42.85,975.69,0,0,2,One year,DSL,Post,True,False,True,0
C003327,4,26.37,102.73,1,1,3,Month-to-month,None,Post,False,False,True,0
C003328,12,65.31,762.4,0,2,5,Two year,DSL,Credit card,True,False,False,0
C003329,27,65.51,1819.5,0,0,5,Month-to-month,DSL,Post,True,False,False,0
C003330,40,49.48,1906.43,1,0,1,Month-to-month,Fibre optic,Electronic cheque,True,True,True,0
C003331,12,84.8,1026.72,0,0,3,One year,DSL,Bank transfer,True,False,False,0
C003332,5,15.0,75.88,0,1,5,Month-to-month,None,Electronic cheque,True,False,False,1
C003333,10,59.74,603.64,1,0,2,Two year,DSL,Credit card,False,False,True,0
C003334,12,26.21,307.1,1,0,3,Month-to-month,None,Electronic cheque,True,True,True,0
C003335,12,102.47,1183.41,0,0,3,Month-to-month,Fibre optic,Post,True,False,False,0
C003336,8,63.45,507.64,0,0,4,Month-to-month,DSL,Electronic cheque,False,False,True,1
C003337,4,111.43,454.02,1,0,2,Month-to-month,Fibre optic,Electronic cheque,False,True,True,1
C003338,6,15.0,89.0,0,0,2,One year,None,Electronic cheque,False,False,False,0
C003339,10,83.06,846.47,2,0,1,Month-to-month,Fibre optic,Electronic cheque,True,False,False,1
C003340,26,47.64,1233.2,0,0,2,One year,DSL,Electronic cheque,True,False,True,0
C003341,34,15.0,519.21,2,1,0,Two year,None,Bank transfer,True,False,True,0
C003342,17,52.01,856.42,0,1,2,Month-to-month,DSL,Post,False,False,True,0
C003343,6,75.79,451.7,1,0,1,One year,DSL,Electronic cheque,True,True,False,1
C003344,10,52.49,551.75,0,0,4,Month-to-month,DSL,Electronic cheque,True,False,True,0
C003345,2,15.0,29.47,0,0,1,Two year,None,Post,True,False,True,0
C003346,40,46.37,1874.8,0,0,0,Month-to-month,DSL,Credit card,True,False,False,0
C003347,9,74.56,670.51,1,3,3,One year,DSL,,True,False,True,1
C003348,21,17.65,365.0,1,0,2,Month-to-month,None,Credit card,True,False,False,0
C003349,32,43.85,1438.18,2,0,2,Month-to-month,Fibre optic,Post,True,False,True,0
C003350,48,64.85,3049.66,1,2,0,Month-to-month,DSL,Electronic cheque,False,False,False,0
C003351,28,87.36,2525.95,1,0,4,Month-to-month,Fibre optic,Electronic cheque,True,False,True,0
C003352,11,65.23,732.9,0,1,4,Two year,DSL,Post,True,False,True,0
C003353,23,103.33,2278.35,0,0,2,Month-to-month,Fibre optic,Post,False,False,False,1
C003354,47,71.62,3447.23,0,0,0,Two year,DSL,Electronic cheque,False,False,False,0
C003355,9,79.27,715.72,0,1,0,Month-to-month,Fibre optic,Post,True,False,True,0
C003356,4,54.72,211.82,3,0,2,Month-to-month,Fibre optic,Post,True,False,True,0
C003357,8,40.23,316.67,3,2,3,Month-to-month,DSL,Electronic cheque,False,True,False,1
C003358,22,57.43,1232.43,0,1,1,Month-to-month,DSL,Electronic cheque,False,False,False,0
C003359,12,56.84,689.21,3,1,4,Two year,Fibre optic,Post,True,False,False,0
C003360,15,78.38,1243.68,0,0,1,Month-to-month,Fibre optic,Post,True,False,False,0
C003361,25,110.58,2762.89,3,0,1,Two year,Fibre optic,Electronic cheque,True,False,False,0
C003362,8,91.17,717.48,1,0,0,Month-to-month,Fibre optic,Credit card,False,False,True,0
C003363,14,15.0,209.87,1,1,1,Month-to-month,None,Bank transfer,False,False,False,1
C003364,10,18.92,188.53,0,0,4,Month-to-month,None,Bank transfer,True,False,True,0
C003365,46,15.0,701.34,0,2,2,One year,None,Bank transfer,False,False,False,0
C003366,28,80.35,2220.28,1,0,1,Month-to-month,Fibre optic,,True,False,True,1
C003367,12,68.97,755.37,2,0,0,Two year,DSL,Electronic cheque,False,False,False,0
C003368,11,98.09,1082.01,2,0,3,Month-to-month,Fibre optic,Credit card,True,False,False,1
C003369,49,63.34,3075.3,1,1,2,Month-to-month,DSL,Bank transfer,True,True,False,1
C003370,46,64.05,2849.03,0,1,5,One year,DSL,Electronic cheque,True,False,False,0
C003371,22,69.06,1507.21,0,2,4,One year,DSL,Bank transfer,False,True,True,0
C003372,15,75.78,1178.61,0,0,3,Two year,Fibre optic,Electronic cheque,True,False,False,0
C003373,5,105.39,513.2,0,1,3,Month-to-month,Fibre optic,Post,True,False,True,1
C003374,8,69.03,550.16,1,0,3,One year,Fibre optic,Post,False,True,False,0
C003375,5,26.18,129.18,1,0,2,Month-to-month,DSL,Bank transfer,True,False,False,0
C003376,33,37.4,1182.97,0,0,0,Two year,None,Electronic cheque,True,True,False,1
C003377,5,76.33,384.58,1,1,0,Month-to-month,Fibre optic,Credit card,True,False,True,1
C003378,11,45.96,504.59,0,0,4,Two year,DSL,Electronic cheque,True,False,False,1
C003379,2,47.1,100.59,0,1,4,Month-to-month,DSL,Credit card,True,False,False,1
C003380,4,57.07,233.12,1,1,1,One year,DSL,Credit card,False,False,False,0
C003381,25,28.09,719.47,0,1,3,Two year,None,Electronic cheque,True,False,False,0
C003382,20,70.67,1377.97,1,0,2,Two year,DSL,Electronic cheque,False,False,False,0
C003383,16,23.83,389.78,2,0,3,Month-to-month,None,Electronic cheque,True,False,False,0
C003384,11,67.43,754.05,0,0,2,Month-to-month,DSL,Bank transfer,False,False,False,1
C003385,3,78.73,219.05,3,0,3,Two year,Fibre optic,Bank transfer,True,False,True,0
C003386,10,72.79,752.58,0,0,1,One year,DSL,Electronic cheque,False,True,False,1
C003387,14,85.97,1199.56,1,0,4,One year,Fibre optic,Electronic cheque,False,False,False,0
C003388,24,103.19,2409.62,0,1,0,Month-to-month,Fibre optic,Credit card,False,False,False,0
C003389,32,76.86,2451.83,2,1,5,Month-to-month,DSL,Electronic cheque,True,False,True,0
C003390,26,30.92,788.95,0,0,3,Month-to-month,None,Post,True,True,True,0
C003391,19,78.53,1507.22,0,1,2,One year,Fibre optic,Credit card,True,True,False,0
C003392,16,32.75,517.75,1,1,5,Month-to-month,DSL,Credit card,True,False,False,0
C003393,18,95.26,1802.97,3,0,4,Month-to-month,Fibre optic,Electronic cheque,True,False,False,1
C003394,10,59.89,629.82,0,0,0,Two year,DSL,Electronic cheque,True,False,False,0
C003395,17,25.08,429.61,0,0,5,Month-to-month,None,Electronic cheque,True,False,False,0
C003396,14,80.44,1145.47,0,0,2,Two year,Fibre optic,Electronic cheque,False,False,False,0
C003397,62,63.53,4138.76,0,0,2,Month-to-month,DSL,Credit card,True,False,False,0
C003398,18,62.87,1120.56,1,2,2,Month-to-month,DSL,Bank transfer,False,False,True,1
C003399,2,48.35,96.19,0,0,1,Month-to-month,DSL,Bank transfer,True,True,False,1
C003400,11,22.56,252.68,2,0,0,Month-to-month,None,Bank transfer,True,True,True,0
C003401,12,39.6,474.45,0,1,0,One year,DSL,Bank transfer,True,False,True,0
C003402,28,52.46,1480.67,1,1,1,Month-to-month,DSL,Post,True,False,False,0
C003403,20,21.97,435.02,0,0,4,Month-to-month,None,Electronic cheque,True,False,False,0
C003404,19,71.73,1322.62,1,0,2,Month-to-month,DSL,Electronic cheque,True,False,False,1
C003405,37,68.76,2466.92,1,0,4,One year,DSL,Credit card,True,False,False,0
C003406,46,63.62,3031.0,2,1,4,Two year,Fibre optic,Electronic cheque,True,False,False,0
C003407,25,71.63,1811.89,0,1,1,Month-to-month,DSL,,True,False,False,0
C003408,12,26.14,322.25,0,0,0,Month-to-month,None,Credit card,True,False,False,0
C003409,12,100.39,1172.2,1,1,3,Month-to-month,Fibre optic,Credit card,False,False,True,1
C003410,34,73.21,2524.1,2,0,2,One year,DSL,Post,False,False,False,0
C003411,12,53.76,656.96,0,0,3,Month-to-month,Fibre optic,Credit card,True,True,False,0
C003412,15,38.61,567.99,0,0,2,Month-to-month,DSL,Post,True,False,False,1
C003413,11,63.23,685.52,2,0,4,One year,Fibre optic,Bank transfer,False,True,True,0
C003414,6,123.85,775.81,1,0,5,Month-to-month,Fibre optic,Post,False,True,False,1
C003415,59,77.07,4519.66,1,0,1,One year,Fibre optic,Bank transfer,True,False,False,0
C003416,15,61.33,939.82,2,0,5,Month-to-month,Fibre optic,Electronic cheque,True,False,False,1
C003417,41,125.33,5011.19,1,0,4,Two year,Fibre optic,Credit card,True,False,True,0
C003418,12,51.88,649.59,0,0,5,Month-to-month,DSL,Electronic cheque,True,False,False,0
C003419,9,24.75,220.27,0,0,1,Month-to-month,None,Bank transfer,False,True,False,0
C003420,24,60.33,1441.45,0,1,2,Month-to-month,DSL,Electronic cheque,True,False,True,1
C003421,32,36.09,1171.63,1,1,5,Month-to-month,None,Electronic cheque,False,False,True,0
C003422,33,85.82,3070.79,3,1,1,One year,Fibre optic,Credit card,False,False,False,0
C003423,13,49.76,637.61,1,1,5,Month-to-month,DSL,Electronic cheque,True,True,True,1
C003424,26,76.27,1986.56,0,1,0,Month-to-month,Fibre optic,Post,True,False,False,1
C003425,10,40.37,419.19,0,1,3,One year,None,Electronic cheque,True,False,True,0
C003426,16,15.12,,0,0,5,Month-to-month,None,Bank transfer,True,False,False,0
C003427,12,91.0,1095.73,2,1,3,One year,Fibre optic,Post,True,False,True,0
C003428,11,74.86,876.88,1,0,1,One year,Fibre optic,Electronic cheque,True,False,False,1
C003429,17,80.89,1430.48,3,1,3,Month-to-month,Fibre optic,Credit card,False,False,True,1
C003430,6,55.84,,5,0,4,One year,DSL,Post,True,False,False,1
C003431,30,115.24,3401.25,0,0,2,Two year,Fibre optic,Electronic cheque,True,True,True,0
C003432,11,69.01,780.6,0,0,1,Two year,DSL,Electronic cheque,False,False,False,0
C003433,29,21.25,618.7,1,0,3,Month-to-month,None,Credit card,False,False,False,0
C003434,7,79.37,,2,0,1,Month-to-month,Fibre optic,Post,False,False,False,0
C003435,11,55.76,614.61,2,0,1,Two year,Fibre optic,Credit card,False,False,False,0
C003436,6,52.2,320.71,1,2,3,One year,Fibre optic,Electronic cheque,True,False,False,1
C003437,6,48.95,294.77,3,0,0,Month-to-month,DSL,Electronic cheque,True,False,True,0
C003438,8,60.48,472.77,1,2,3,Month-to-month,DSL,Electronic cheque,False,False,False,1
C003439,7,52.97,362.46,0,0,1,One year,DSL,Bank transfer,False,False,True,0
C003440,6,63.78,370.32,0,2,1,One year,DSL,Electronic cheque,True,True,False,1
C003441,16,54.48,873.8,2,0,1,Two year,DSL,Credit card,False,False,False,0
C003442,24,98.72,2419.69,0,1,2,Two year,Fibre optic,Bank transfer,True,False,True,0
C003443,24,84.49,2099.97,1,0,2,Month-to-month,Fibre optic,Electronic cheque,True,False,True,1
C003444,3,57.06,174.06,0,1,2,One year,Fibre optic,Credit card,False,False,True,0
C003445,12,17.83,215.97,1,0,3,Month-to-month,None,Credit card,True,False,False,0
C003446,11,15.47,176.44,1,0,5,Month-to-month,None,Credit card,True,False,False,0
C003447,38,63.46,2315.55,0,0,1,Month-to-month,DSL,Credit card,True,False,True,0
C003448,13,65.51,866.91,1,0,3,Two year,Fibre optic,Bank transfer,True,True,False,0
C003449,15,24.97,380.26,1,0,3,Month-to-month,None,Electronic cheque,True,True,False,1
C003450,4,41.15,159.14,1,1,1,Month-to-month,DSL,Post,True,False,False,1
C003451,8,42.42,320.98,0,0,2,Month-to-month,Fibre optic,Electronic cheque,False,False,False,0
C003452,4,19.68,78.72,0,0,0,Month-to-month,None,Credit card,False,False,True,1
C003453,16,103.92,1699.2,3,0,3,Month-to-month,Fibre optic,Credit card,False,True,False,1
C003454,39,15.0,562.3,1,1,5,Month-to-month,None,Credit card,False,True,False,0
C003455,8,15.12,118.79,0,0,0,Month-to-month,None,Credit card,False,False,False,0
C003456,13,40.87,531.18,0,0,1,Month-to-month,DSL,Bank transfer,False,False,False,1
C003457,7,93.47,675.48,1,1,2,Two year,Fibre optic,Credit card,True,False,False,1
C003458,9,30.59,279.25,0,0,5,One year,None,Post,True,True,True,0
C003459,17,37.74,650.39,1,0,5,Two year,DSL,Credit card,False,False,False,0
C003460,51,53.56,2712.39,1,0,1,Month-to-month,DSL,Bank transfer,True,False,False,0
C003461,37,62.96,2437.44,0,0,3,Month-to-month,DSL,Bank transfer,True,False,False,1
C003462,45,77.26,3522.57,1,0,2,Month-to-month,Fibre optic,Post,False,False,False,0
C003463,29,65.82,1879.26,0,1,4,Two year,Fibre optic,Electronic cheque,True,False,False,0
C003464,13,28.91,371.33,1,1,3,Month-to-month,None,Credit card,True,False,True,1
C003465,11,63.69,698.29,0,1,5,Month-to-month,DSL,Credit card,False,False,False,0
C003466,8,51.49,408.75,1,0,3,Two year,Fibre optic,Electronic cheque,False,False,False,1
C003467,13,68.7,848.1,1,1,0,Two year,DSL,Electronic cheque,False,False,False,0
C003468,39,21.63,830.54,1,0,0,Month-to-month,None,Electronic cheque,False,False,False,0
C003469,39,56.85,2249.54,1,1,2,One year,Fibre optic,Credit card,False,False,True,0
C003470,64,71.45,4467.77,1,0,1,Month-to-month,Fibre optic,Post,True,True,True,1
C003471,18,47.6,860.2,0,0,3,Month-to-month,DSL,Electronic cheque,False,True,False,0
C003472,5,56.99,275.59,1,0,4,Month-to-month,DSL,Electronic cheque,True,False,True,0
C003473,22,41.81,861.31,0,1,0,Two year,DSL,Bank transfer,False,False,False,1
C003474,51,15.0,758.38,1,0,3,Month-to-month,None,Credit card,True,False,False,0
C003475,43,75.26,3256.91,2,1,5,One year,DSL,Credit card,True,False,False,0
C003476,10,15.55,153.11,1,1,5,Month-to-month,None,Credit card,False,False,False,0
C003477,6,55.84,325.1,1,1,4,One year,DSL,Bank transfer,True,False,False,0
C003478,5,93.27,475.36,4,1,4,One year,Fibre optic,Electronic cheque,False,False,False,0
C003479,9,73.05,656.89,1,0,1,One year,DSL,Electronic cheque,True,False,True,0
C003480,10,77.84,793.51,1,0,5,Two year,DSL,Electronic cheque,True,False,False,0
C003481,12,117.35,1488.56,2,0,1,One year,Fibre optic,Electronic cheque,True,False,False,1
C003482,25,85.3,2162.42,1,0,3,One year,Fibre optic,Post,False,False,True,0
C003483,12,79.11,962.89,2,0,2,Month-to-month,Fibre optic,Bank transfer,True,False,True,1
C003484,16,96.52,1511.24,1,0,2,Two year,Fibre optic,Electronic cheque,True,False,True,0
C003485,4,58.69,234.61,4,0,2,Month-to-month,DSL,Electronic cheque,False,False,False,1
C003486,8,83.48,643.11,4,1,4,Month-to-month,Fibre optic,Credit card,True,False,True,0
C003487,8,93.73,727.57,3,0,4,Month-to-month,Fibre optic,Credit card,False,False,False,1
C003488,3,49.18,148.83,0,0,2,Month-to-month,DSL,Electronic cheque,True,False,False,1
C003489,11,70.62,769.82,1,1,3,One year,Fibre optic,Electronic cheque,True,False,False,1
C003490,4,64.85,254.84,1,0,4,Month-to-month,DSL,Post,False,True,False,0
C003491,11,70.31,776.32,0,0,4,Month-to-month,DSL,Electronic cheque,False,False,False,1
C003492,17,80.86,1351.84,1,0,1,Two year,DSL,Electronic cheque,False,False,False,0
C003493,40,89.97,,4,0,1,Two year,Fibre optic,Post,True,False,True,0
C003494,7,55.98,395.28,0,1,0,Month-to-month,DSL,Electronic cheque,False,False,False,0
C003495,16,24.79,391.06,2,0,3,Two year,None,Credit card,True,False,False,0
C003496,9,59.33,518.85,2,1,2,Month-to-month,Fibre optic,Bank transfer,True,False,False,0
C003497,3,77.87,242.37,0,1,0,Month-to-month,DSL,Bank transfer,False,False,True,1
C003498,40,83.66,3541.07,3,1,1,Two year,Fibre optic,Credit card,True,False,False,1
C003499,17,54.8,931.59,0,1,1,One year,DSL,Bank transfer,False,False,True,0
C003500,22,44.45,972.99,0,0,2,One year,DSL,Electronic cheque,False,False,False,0
C003501,44,15.0,660.71,1,1,1,Month-to-month,None,Post,False,False,False,0
C003502,11,84.7,912.3,1,1,2,Month-to-month,Fibre optic,Electronic cheque,True,False,True,1
C003503,5,56.68,293.27,1,0,0,Month-to-month,DSL,Post,False,False,False,1
C003504,7,34.64,249.36,1,0,1,Two year,None,Post,False,False,False,0
C003505,4,20.08,79.2,0,0,1,Month-to-month,None,Electronic cheque,True,True,False,0
C003506,33,94.52,3088.32,1,4,5,Month-to-month,Fibre optic,Bank transfer,True,False,False,1
C003507,53,79.09,4239.89,3,0,3,Month-to-month,Fibre optic,Bank transfer,False,True,False,1
C003508,17,100.86,1775.21,3,0,4,One year,Fibre optic,Credit card,True,False,False,0
C003509,25,81.02,2052.19,0,2,0,Month-to-month,Fibre optic,Bank transfer,True,False,True,1
C003510,30,64.93,1981.16,2,0,5,One year,Fibre optic,Credit card,True,False,False,1
C003511,46,21.19,987.14,0,0,0,Month-to-month,None,Post,False,False,False,0
C003512,51,107.27,5505.15,1,3,2,Month-to-month,Fibre optic,Post,False,False,True,0
C003513,2,72.05,145.77,0,2,5,Month-to-month,DSL,Electronic cheque,False,False,False,0
C003514,9,34.35,316.57,0,1,2,Month-to-month,DSL,Electronic cheque,False,True,False,0
C003515,15,79.12,1198.66,1,0,0,One year,Fibre optic,Post,True,False,False,1
C003516,8,50.9,404.78,0,0,3,Two year,DSL,Post,False,False,False,0
C003517,12,48.2,619.5,0,0,2,Month-to-month,DSL,Post,False,False,False,0
C003518,21,100.69,2014.62,2,0,0,Month-to-month,Fibre optic,Electronic cheque,True,False,False,1
C003519,20,15.0,308.06,3,0,4,Month-to-month,None,Electronic cheque,False,True,False,0
C003520,29,64.05,1831.07,1,1,3,Two year,DSL,Credit card,False,False,True,0
C003521,16,33.85,515.02,1,0,0,Two year,DSL,Credit card,False,False,False,0
C003522,1,22.09,20.74,0,1,5,One year,None,Bank transfer,True,False,True,0
C003523,11,66.98,732.79,1,1,2,Month-to-month,Fibre optic,Credit card,True,False,True,1
C003524,19,72.96,1471.68,1,2,4,Month-to-month,Fibre optic,Electronic cheque,True,False,False,1
C003525,31,96.91,3170.19,0,0,5,Two year,Fibre optic,Electronic cheque,True,False,False,0
C003526,28,82.11,2261.2,1,1,5,Month-to-month,Fibre optic,Credit card,False,False,False,1
C003527,14,40.1,551.47,2,0,2,One year,DSL,Electronic cheque,True,False,True,0
C003528,9,79.24,704.96,2,2,1,Two year,Fibre optic,Credit card,True,False,False,1
C003529,15,116.44,1758.09,3,0,4,One year,Fibre optic,Credit card,False,False,False,0
C003530,3,41.91,133.06,0,1,0,One year,DSL,Bank transfer,True,False,True,0
C003531,10,62.4,642.08,1,0,0,Month-to-month,DSL,Electronic cheque,False,False,False,1
C003532,35,68.56,2447.58,2,0,4,Two year,Fibre optic,Electronic cheque,True,True,True,0
C003533,14,76.76,1083.37,1,0,1,Month-to-month,Fibre optic,Bank transfer,True,True,False,0
C003534,20,117.43,2214.81,2,1,4,Two year,Fibre optic,Bank transfer,False,False,False,0
C003535,4,100.16,377.61,0,1,2,Month-to-month,Fibre optic,Bank transfer,False,False,False,1
C003536,30,111.35,3264.41,2,1,1,One year,Fibre optic,Electronic cheque,True,False,False,1
C003537,13,30.58,383.17,4,0,3,Two year,DSL,Electronic cheque,True,True,False,0
C003538,19,34.41,621.41,1,0,3,One year,None,Credit card,False,False,False,0
C003539,23,29.37,695.24,0,0,1,Month-to-month,None,Post,False,False,False,1
C003540,30,92.64,2760.6,0,1,2,Month-to-month,DSL,Electronic cheque,False,False,False,1
C003541,17,75.6,1252.66,1,4,2,Two year,Fibre optic,Electronic cheque,True,False,True,1
C003542,14,49.79,670.31,2,1,3,One year,DSL,Electronic cheque,False,False,True,0
C003543,5,20.47,104.63,0,0,3,Month-to-month,None,Post,True,True,False,0
C003544,4,96.53,385.5,0,1,5,Two year,Fibre optic,Bank transfer,True,False,False,0
C003545,17,87.44,1420.65,3,0,5,Two year,Fibre optic,Bank transfer,False,False,False,0
C003546,19,27.2,509.85,2,2,4,Two year,None,Electronic cheque,False,False,True,0
C003547,22,89.53,2080.83,2,0,3,One year,Fibre optic,Electronic cheque,True,False,False,0
C003548,7,76.26,550.35,0,1,3,Two year,DSL,Post,True,False,False,0
C003549,10,88.39,885.49,1,1,3,Two year,Fibre optic,Electronic cheque,False,False,True,1
C003550,17,57.8,993.74,2,0,4,Month-to-month,Fibre optic,Bank transfer,True,False,False,1
C003551,11,73.05,792.87,0,1,2,Two year,DSL,Credit card,False,False,True,0
C003552,67,96.58,6418.7,1,0,4,Month-to-month,Fibre optic,Electronic cheque,True,False,True,1
C003553,9,103.33,898.33,0,1,2,Two year,Fibre optic,Credit card,False,False,False,1
C003554,20,86.3,1690.65,1,0,0,One year,Fibre optic,Post,False,False,False,1
C003555,27,30.13,825.49,0,0,1,One year,None,Bank transfer,True,False,False,0
C003556,28,60.85,1776.87,3,0,4,Month-to-month,Fibre optic,Credit card,True,False,True,1
C003557,10,106.0,1071.15,2,2,1,Month-to-month,Fibre optic,Electronic cheque,False,False,True,1
C003558,23,93.87,2222.17,3,0,5,Month-to-month,Fibre optic,Credit card,False,False,False,1
C003559,21,68.67,1353.17,1,1,4,One year,DSL,Electronic cheque,False,False,True,0
C003560,23,63.65,1485.11,2,1,0,Two year,DSL,Post,True,False,False,1
C003561,17,31.19,535.61,0,1,5,Month-to-month,None,Bank transfer,True,False,False,0
C003562,27,64.96,1713.18,3,0,3,Month-to-month,Fibre optic,Bank transfer,True,False,False,1
C003563,18,89.55,1608.81,1,0,3,One year,Fibre optic,Electronic cheque,False,True,False,0
C003564,5,64.65,336.18,2,0,0,Month-to-month,DSL,Post,True,False,True,0
C003565,18,64.48,1175.46,0,1,2,Month-to-month,DSL,Electronic cheque,True,False,False,0
C003566,19,56.67,1066.16,0,0,3,Month-to-month,DSL,Credit card,True,False,False,1
C003567,26,84.13,2307.9,0,0,2,One year,Fibre optic,Credit card,True,False,False,0
C003568,17,40.85,694.97,0,0,3,One year,Fibre optic,Credit card,True,False,True,0
C003569,47,49.96,2454.96,1,0,3,Two year,DSL,Bank transfer,False,False,False,0
C003570,14,66.97,926.69,1,3,1,Month-to-month,Fibre optic,Electronic cheque,True,True,False,1
C003571,10,26.57,266.0,1,1,3,Month-to-month,None,Electronic cheque,True,False,False,0
C003572,38,33.44,1327.3,0,0,0,One year,None,Electronic cheque,False,False,True,0
C003573,14,37.38,507.97,0,0,3,Two year,None,Credit card,False,False,True,0
C003574,16,79.67,1365.32,1,0,1,Month-to-month,Fibre optic,Credit card,False,True,False,1
C003575,19,76.44,1419.74,2,0,4,Two year,Fibre optic,Electronic cheque,False,False,False,0
C003576,18,87.69,1610.26,0,0,4,One year,Fibre optic,Post,False,False,False,0
C003577,23,58.71,1372.12,0,0,3,Two year,DSL,Electronic cheque,False,False,False,0
C003578,25,21.36,516.01,2,3,3,Month-to-month,None,Electronic cheque,False,False,True,1
C003579,9,80.96,695.23,1,1,2,Month-to-month,Fibre optic,Post,True,False,False,1
C003580,6,84.63,488.3,3,1,1,Month-to-month,Fibre optic,Post,True,False,False,0
C003581,6,86.1,513.5,1,1,4,One year,DSL,Electronic cheque,False,False,False,0
C003582,35,24.09,860.54,1,0,5,Two year,DSL,Post,False,False,True,0
C003583,13,15.0,193.35,0,0,1,Month-to-month,None,Post,False,True,True,0
C003584,27,47.24,1254.7,0,2,5,Month-to-month,DSL,Electronic cheque,False,True,False,0
C003585,25,80.14,1965.01,1,0,3,Month-to-month,DSL,Credit card,True,True,False,0
C003586,16,129.03,2051.64,0,1,3,One year,Fibre optic,Electronic cheque,False,False,False,0
C003587,7,84.26,583.74,4,0,0,Two year,Fibre optic,Bank transfer,True,False,False,1
C003588,26,58.5,1500.06,1,0,1,Month-to-month,DSL,Credit card,True,False,False,0
C003589,15,47.35,688.45,1,2,0,One year,DSL,Credit card,True,False,False,1
C003590,5,72.16,351.86,2,0,3,Month-to-month,Fibre optic,Post,False,False,True,1
C003591,11,24.8,279.6,1,0,0,Two year,None,Credit card,False,True,False,0
C003592,4,94.6,370.57,3,0,1,Two year,Fibre optic,Electronic cheque,True,False,False,0
C003593,11,96.68,1089.45,1,0,3,Month-to-month,Fibre optic,Post,True,False,False,1
C003594,16,75.19,1207.2,0,0,0,One year,DSL,Bank transfer,True,False,True,0
C003595,14,99.47,1472.52,3,0,4,Two year,Fibre optic,Electronic cheque,False,False,True,1
C003596,13,67.01,875.16,1,0,5,Two year,Fibre optic,Electronic cheque,False,True,False,0
C003597,16,30.09,489.82,2,0,4,One year,None,Electronic cheque,True,False,False,0
C003598,22,85.24,1815.87,0,0,0,Month-to-month,Fibre optic,Post,True,False,True,0
C003599,28,29.22,784.39,1,1,3,One year,DSL,Electronic cheque,True,True,True,1
C003600,31,68.69,2250.9,0,0,1,One year,DSL,Bank transfer,False,False,False,0
C003601,8,33.38,274.36,0,0,1,Month-to-month,None,Electronic cheque,False,False,True,0
C003602,33,63.0,1998.55,1,0,1,Two year,DSL,Credit card,True,False,True,0
C003603,15,90.77,1388.02,2,1,4,Month-to-month,Fibre optic,Post,False,True,False,1
C003604,12,93.96,1152.61,3,0,1,Two year,Fibre optic,Electronic cheque,True,False,False,0
C003605,7,78.55,576.41,2,0,3,Month-to-month,DSL,Bank transfer,True,False,False,1
C003606,21,84.73,1733.57,2,1,1,Month-to-month,Fibre optic,Credit card,True,False,False,1
C003607,21,72.04,1505.87,3,0,2,Month-to-month,Fibre optic,Bank transfer,False,True,True,1
C003608,10,32.51,320.14,0,2,3,One year,None,Post,True,False,False,0
C003609,10,57.99,583.71,0,0,2,Two year,DSL,Bank transfer,False,False,False,0
C003610,14,57.97,802.0,0,1,4,Month-to-month,DSL,Credit card,False,True,True,1
C003611,12,50.73,621.81,2,0,1,Month-to-month,DSL,Bank transfer,True,False,False,0
C003612,8,65.57,502.67,0,0,1,Two year,DSL,Credit card,False,False,True,0
C003613,6,57.35,345.87,1,0,4,One year,Fibre optic,Electronic cheque,True,True,False,1
C003614,33,85.88,2715.23,2,0,4,Month-to-month,Fibre optic,Bank transfer,True,True,True,1
C003615,11,64.05,729.25,1,0,1,Two year,DSL,Credit card,True,False,False,1
C003616,20,25.2,500.03,3,1,3,Month-to-month,None,Post,True,False,False,0
C003617,23,58.07,1329.06,1,0,4,Month-to-month,DSL,Credit card,False,False,False,0
C003618,21,88.55,,4,0,5,Month-to-month,Fibre optic,Credit card,True,False,True,1
C003619,24,31.1,751.04,0,1,4,One year,None,Credit card,True,False,False,1
C003620,21,83.01,1743.49,1,1,3,Month-to-month,Fibre optic,Electronic cheque,False,True,False,1
C003621,9,59.88,529.24,1,1,4,Two year,DSL,Post,True,False,False,0
C003622,12,21.31,254.14,0,0,5,Month-to-month,None,Credit card,False,False,False,0
C003623,33,105.81,3390.23,0,0,4,Two year,Fibre optic,Post,False,True,False,0
C003624,10,65.97,639.81,0,0,2,Month-to-month,DSL,Bank transfer,False,False,False,0
C003625,16,44.16,713.85,0,0,2,Month-to-month,DSL,Post,True,False,False,1
C003626,22,20.7,437.11,1,1,4,Month-to-month,None,Credit card,True,False,False,0
C003627,41,81.2,3307.73,1,0,3,Month-to-month,DSL,Bank transfer,False,True,True,0
C003628,31,15.0,468.23,0,0,1,Month-to-month,None,Electronic cheque,True,True,False,0
C003629,7,74.76,528.73,0,0,2,Two year,DSL,Credit card,False,False,False,0
C003630,20,42.31,787.77,0,2,0,Two year,DSL,Bank transfer,True,True,False,0
C003631,18,27.92,492.55,2,1,1,One year,None,Electronic cheque,False,False,False,0
C003632,12,15.0,184.43,2,0,4,Month-to-month,None,Bank transfer,True,False,False,0
C003633,16,57.16,930.44,0,1,0,Two year,DSL,Electronic cheque,True,True,True,0
C003634,9,53.13,478.79,0,1,4,Month-to-month,DSL,Post,False,True,False,0
C003635,14,86.68,1194.39,1,1,0,One year,Fibre optic,Bank transfer,False,False,False,1
C003636,10,68.23,678.32,1,0,3,One year,Fibre optic,Credit card,True,False,True,0
C003637,17,88.47,1521.14,0,0,0,Month-to-month,Fibre optic,Electronic cheque,False,False,False,0
C003638,12,82.12,974.46,1,1,5,Month-to-month,DSL,Electronic cheque,True,False,False,1
C003639,43,19.18,837.21,1,1,4,Two year,None,Electronic cheque,False,True,False,0
C003640,17,22.33,390.41,0,1,4,Month-to-month,DSL,Bank transfer,False,False,False,0
C003641,15,32.63,484.44,0,0,1,One year,DSL,Electronic cheque,True,False,True,0
C003642,13,87.34,1154.57,1,0,3,Two year,DSL,Electronic cheque,False,False,False,0
C003643,12,52.97,625.68,1,0,3,Month-to-month,DSL,Electronic cheque,False,False,True,1
C003644,5,116.77,577.56,4,0,3,Month-to-month,Fibre optic,Bank transfer,True,True,True,1
C003645,27,58.14,1597.58,0,0,5,Month-to-month,DSL,Bank transfer,False,False,False,0
C003646,38,65.93,2651.18,1,0,4,Two year,Fibre optic,Electronic cheque,False,False,False,0
C003647,10,77.54,770.43,1,0,3,Month-to-month,Fibre optic,Bank transfer,False,False,False,1
C003648,33,76.61,2708.66,0,0,1,Month-to-month,DSL,Credit card,True,True,False,0
C003649,67,32.13,2117.63,0,1,1,Month-to-month,None,Credit card,True,True,True,0
C003650,52,66.64,3575.29,5,1,1,Two year,Fibre optic,Credit card,True,False,True,0
C003651,36,63.79,2367.97,1,0,1,Two year,DSL,Bank transfer,False,True,False,0
C003652,6,52.81,328.76,1,1,1,One year,DSL,Credit card,False,False,False,0
C003653,6,100.14,594.26,2,0,3,Two year,Fibre optic,Credit card,True,False,True,0
C003654,24,85.8,2091.17,1,0,3,One year,Fibre optic,Credit card,False,False,True,1
C003655,16,50.72,815.97,2,1,2,Two year,Fibre optic,Electronic cheque,False,False,False,0
C003656,2,91.94,183.07,0,0,5,Month-to-month,Fibre optic,Electronic cheque,True,False,False,1
C003657,11,64.75,710.78,1,1,3,Month-to-month,DSL,Post,True,False,False,1
C003658,23,16.56,365.17,0,2,0,Two year,None,Post,False,False,False,0
C003659,14,78.91,1102.45,1,1,2,Month-to-month,DSL,Electronic cheque,True,False,True,0
C003660,16,58.11,918.34,2,0,1,Month-to-month,DSL,Credit card,True,False,False,0
C003661,6,95.18,567.2,0,0,3,One year,Fibre optic,,False,True,False,0
C003662,11,54.19,574.39,0,1,1,One year,DSL,Credit card,False,True,True,0
C003663,24,80.56,1915.96,1,0,4,Month-to-month,Fibre optic,Bank transfer,False,True,False,0
C003664,11,59.46,659.68,1,1,0,Month-to-month,DSL,Credit card,True,False,True,1
C003665,34,93.58,3096.39,0,0,2,Month-to-month,Fibre optic,Bank transfer,True,True,True,0
C003666,16,70.17,1133.63,1,0,4,Month-to-month,Fibre optic,Credit card,True,True,False,0
C003667,21,58.63,1235.48,3,1,3,Month-to-month,Fibre optic,Electronic cheque,True,False,True,0
C003668,24,93.46,2220.01,3,2,5,Month-to-month,Fibre optic,Bank transfer,True,False,True,1
C003669,23,49.42,1156.49,0,1,1,One year,DSL,Bank transfer,False,True,False,1
C003670,7,24.87,179.16,0,1,3,Month-to-month,None,Bank transfer,True,False,False,0
C003671,8,101.79,803.49,2,0,3,Month-to-month,Fibre optic,Bank transfer,True,False,False,1
C003672,2,81.35,159.29,2,0,3,One year,Fibre optic,Electronic cheque,False,False,False,1
C003673,12,48.0,586.76,0,0,0,Month-to-month,DSL,Bank transfer,False,False,True,0
C003674,8,57.66,453.0,0,0,5,Month-to-month,DSL,Credit card,False,False,False,1
C003675,11,80.34,851.87,3,1,4,Month-to-month,Fibre optic,Electronic cheque,True,False,False,0
C003676,13,91.12,1209.54,1,0,5,One year,Fibre optic,Credit card,False,False,True,1
C003677,17,22.96,384.13,0,0,5,Month-to-month,None,Bank transfer,False,False,True,0
C003678,14,22.34,317.59,3,1,2,Month-to-month,None,Post,True,False,True,1
C003679,14,94.87,1275.44,0,0,2,One year,Fibre optic,Bank transfer,True,False,False,0
C003680,20,98.92,1992.71,1,1,0,Two year,Fibre optic,Post,True,False,False,0
C003681,15,42.74,641.24,1,2,4,One year,Fibre optic,Post,False,False,False,0
C003682,28,66.82,1916.41,3,0,1,Two year,DSL,Post,True,False,True,0
C003683,15,101.39,1441.66,1,0,2,One year,Fibre optic,Electronic cheque,False,False,False,1
C003684,41,86.52,3409.29,1,0,4,Month-to-month,Fibre optic,Electronic cheque,False,False,False,1
C003685,7,54.86,398.1,1,0,1,Month-to-month,DSL,Credit card,True,False,False,0
C003686,12,61.25,732.86,0,2,4,Month-to-month,DSL,Bank transfer,False,True,True,0
C003687,9,77.2,670.82,0,0,5,Month-to-month,Fibre optic,Electronic cheque,True,False,False,0
C003688,18,70.0,1275.23,0,0,2,Month-to-month,Fibre optic,Bank transfer,False,False,False,0
C003689,7,39.86,274.77,0,0,3,Month-to-month,DSL,Electronic cheque,False,False,False,1
C003690,4,34.79,136.19,1,2,0,One year,DSL,Electronic cheque,True,True,False,0
C003691,8,64.2,539.08,0,2,2,One year,DSL,Bank transfer,True,False,False,0
C003692,5,25.42,125.34,0,1,4,Month-to-month,None,Electronic cheque,True,False,False,0
C003693,13,22.22,271.58,0,1,0,Month-to-month,None,Electronic cheque,False,False,True,1
C003694,17,24.81,417.42,0,1,3,Month-to-month,None,Credit card,True,False,False,0
C003695,4,23.74,92.67,0,1,3,Month-to-month,None,Electronic cheque,True,True,False,1
C003696,11,54.24,554.1,2,0,2,Month-to-month,DSL,Electronic cheque,True,False,True,0
C003697,31,93.36,2951.05,0,0,3,Month-to-month,DSL,Bank transfer,True,False,False,0
C003698,37,100.74,3866.67,2,0,5,Month-to-month,Fibre optic,Bank transfer,True,False,False,0
C003699,26,72.08,1893.23,5,0,5,Two year,Fibre optic,Bank transfer,True,False,False,0
C003700,1,103.96,103.38,0,1,1,Month-to-month,Fibre optic,Credit card,True,False,False,1
C003701,16,40.09,632.41,0,0,4,One year,DSL,,False,False,False,0
C003702,33,17.56,575.79,1,0,1,Month-to-month,None,Electronic cheque,True,False,False,1
C003703,11,54.9,619.16,0,1,3,Month-to-month,DSL,Bank transfer,True,False,False,0
C003704,5,60.5,283.34,1,0,1,Month-to-month,Fibre optic,Post,True,False,False,0
C003705,32,15.0,479.33,2,0,1,Two year,None,Bank transfer,True,False,False,0
C003706,35,88.41,3189.98,0,0,5,Month-to-month,Fibre optic,Bank transfer,True,False,True,0
C003707,15,89.02,1281.05,2,0,1,Month-to-month,Fibre optic,Post,False,True,False,1
C003708,5,110.73,568.6,1,0,5,Two year,Fibre optic,Credit card,True,False,False,1
C003709,3,67.02,210.65,0,0,1,Month-to-month,Fibre optic,Credit card,True,True,False,0
C003710,19,16.37,305.46,3,0,3,Month-to-month,None,Bank transfer,True,False,False,1
C003711,9,83.47,720.29,2,0,5,One year,Fibre optic,Bank transfer,False,False,True,0
C003712,14,75.66,1038.95,1,0,2,Month-to-month,Fibre optic,Bank transfer,True,False,False,1
C003713,13,15.0,196.95,2,1,0,Two year,None,Post,False,False,False,0
C003714,7,76.42,574.58,1,1,0,Month-to-month,Fibre optic,Electronic cheque,True,False,True,1
C003715,3,80.58,236.0,1,1,5,One year,Fibre optic,Credit card,False,False,False,0
C003716,11,111.06,1194.46,1,1,5,Month-to-month,Fibre optic,Electronic cheque,True,False,False,1
C003717,17,39.61,670.84,1,1,4,Two year,DSL,Credit card,True,False,False,0
C003718,17,99.67,1700.34,2,0,0,Two year,Fibre optic,Credit card,True,True,False,1
C003719,9,21.04,189.22,0,0,2,Two year,None,Post,True,False,True,0
C003720,34,52.57,1697.54,0,0,0,Two year,DSL,Credit card,False,False,False,0
C003721,6,33.35,192.69,1,0,1,One year,DSL,Post,True,False,False,1
C003722,29,23.61,701.2,0,1,2,Month-to-month,DSL,Credit card,False,False,True,1
C003723,16,92.4,1535.17,2,0,5,Month-to-month,Fibre optic,Post,True,False,False,0
C003724,11,55.57,586.78,0,1,3,Month-to-month,DSL,Credit card,True,False,False,1
C003725,21,72.78,1584.0,3,0,4,Month-to-month,Fibre optic,Credit card,True,True,False,1
C003726,13,44.72,540.75,2,1,3,Month-to-month,DSL,Electronic cheque,False,False,False,1
C003727,4,53.7,216.47,0,2,0,One year,DSL,Bank transfer,False,False,False,0
C003728,6,54.41,323.13,0,1,3,One year,DSL,Bank transfer,False,False,False,0
C003729,12,61.38,744.22,1,0,2,Two year,DSL,Credit card,False,True,False,0
C003730,10,15.0,143.85,0,1,2,Month-to-month,None,Credit card,True,True,True,0
C003731,29,20.8,617.67,1,0,5,One year,None,Bank transfer,True,False,False,0
C003732,9,71.72,639.21,1,0,2,One year,Fibre optic,Electronic cheque,False,False,False,1
C003733,9,15.0,131.83,0,0,4,Two year,None,Credit card,True,False,False,0
C003734,8,33.44,263.74,0,0,1,One year,DSL,Bank transfer,False,True,True,0
C003735,7,17.41,124.51,0,0,3,Month-to-month,None,Electronic cheque,False,False,False,0
C003736,8,85.79,684.69,1,0,1,Month-to-month,Fibre optic,Post,True,False,False,1
C003737,5,79.61,401.77,0,1,4,Two year,Fibre optic,Credit card,True,False,True,0
C003738,17,85.94,1490.66,1,1,1,One year,Fibre optic,Credit card,True,True,False,1
C003739,14,51.33,702.75,0,1,2,Two year,DSL,Electronic cheque,True,False,False,0
C003740,13,58.51,745.89,1,0,0,One year,DSL,Bank transfer,True,False,False,1
C003741,3,31.86,102.96,1,0,4,One year,DSL,Credit card,True,True,False,0
C003742,20,96.61,1853.62,0,0,1,One year,Fibre optic,Credit card,False,False,False,0
C003743,21,99.12,1947.3,1,1,1,Two year,Fibre optic,Post,True,True,False,1
C003744,40,21.45,837.32,0,1,0,Two year,None,Credit card,False,False,False,0
C003745,20,64.66,1280.31,0,0,4,Month-to-month,DSL,Bank transfer,False,False,False,0
C003746,45,82.96,3813.48,2,0,5,Month-to-month,Fibre optic,Credit card,False,False,False,1
C003747,9,99.4,876.26,0,1,3,Month-to-month,Fibre optic,Post,True,True,True,0
C003748,41,69.23,2902.37,1,0,3,Month-to-month,DSL,Post,True,False,False,0
C003749,21,57.46,1188.47,0,0,5,Two year,DSL,Electronic cheque,True,False,True,0
C003750,19,97.02,1870.58,2,1,1,Two year,Fibre optic,Electronic cheque,False,False,False,1
C003751,13,67.5,906.08,0,0,5,Month-to-month,Fibre optic,Electronic cheque,False,False,False,0
C003752,11,80.49,868.15,0,0,3,Month-to-month,DSL,Post,True,False,False,1
C003753,9,38.06,351.04,2,1,2,Month-to-month,DSL,Credit card,True,False,False,1
C003754,42,63.63,2577.95,0,0,4,Two year,DSL,,True,True,False,0
C003755,13,30.9,402.25,0,1,2,One year,None,Post,True,False,False,0
C003756,21,15.0,316.61,0,0,5,Month-to-month,None,Bank transfer,False,False,False,0
C003757,24,78.21,1883.26,0,0,4,Month-to-month,DSL,Credit card,False,False,True,0
C003758,24,126.21,3049.38,1,0,4,One year,Fibre optic,Electronic cheque,True,False,True,0
C003759,17,24.75,423.02,1,3,3,Month-to-month,None,Credit card,True,True,True,1
C003760,41,65.62,2444.95,0,2,2,Two year,DSL,Credit card,True,False,False,0
C003761,20,50.27,1010.06,1,0,0,Two year,DSL,Credit card,True,False,False,1
C003762,9,58.19,497.22,0,3,1,Month-to-month,DSL,Post,False,True,False,1
C003763,11,56.71,612.21,0,0,2,Month-to-month,DSL,Electronic cheque,False,False,False,0
C003764,4,23.4,95.79,0,0,5,Month-to-month,None,Electronic cheque,False,False,False,0
C003765,18,17.41,317.9,0,0,1,Month-to-month,None,Credit card,False,False,False,0
C003766,22,69.88,1603.76,1,0,0,Month-to-month,Fibre optic,Electronic cheque,False,False,True,1
C003767,24,56.79,1377.82,1,0,5,Month-to-month,DSL,Post,False,False,False,1
C003768,21,15.0,307.34,0,0,5,Month-to-month,None,Credit card,False,False,False,0
C003769,13,57.88,722.24,1,0,0,Two year,DSL,Electronic cheque,True,False,True,0
C003770,15,52.25,811.0,0,1,5,Month-to-month,DSL,Credit card,True,True,True,1
C003771,15,58.51,848.29,0,1,4,Two year,DSL,Electronic cheque,False,False,False,0
C003772,29,15.0,419.21,0,1,2,Month-to-month,None,Electronic cheque,True,True,True,0
C003773,2,94.89,189.91,4,1,5,Month-to-month,Fibre optic,Electronic cheque,True,False,False,1
C003774,10,76.61,792.7,1,0,2,Month-to-month,Fibre optic,Credit card,True,False,False,0
C003775,6,86.23,517.83,2,0,4,Month-to-month,Fibre optic,Post,True,False,False,1
C003776,52,41.7,2145.31,1,1,0,Month-to-month,DSL,Credit card,True,False,False,0
C003777,33,75.16,2421.46,2,0,0,Two year,Fibre optic,Post,False,False,False,0
C003778,11,24.56,272.93,1,0,5,Two year,None,Bank transfer,True,False,False,0
C003779,4,16.8,63.51,1,0,2,Month-to-month,None,Credit card,True,False,True,1
C003780,6,68.21,391.27,1,1,2,Month-to-month,Fibre optic,Bank transfer,False,True,False,0
C003781,29,118.58,3351.81,0,1,0,Month-to-month,DSL,Bank transfer,True,False,False,0
C003782,4,15.0,58.53,2,2,0,One year,None,Credit card,True,False,False,1
C003783,15,62.11,913.94,0,0,3,Month-to-month,Fibre optic,Post,True,False,False,0
C003784,25,70.34,1806.98,0,0,2,Month-to-month,DSL,Electronic cheque,False,False,False,0
C003785,5,68.87,357.37,1,1,3,Two year,DSL,Electronic cheque,True,True,False,0
C003786,15,48.73,709.77,1,0,3,Two year,DSL,Bank transfer,True,True,False,0
C003787,11,95.73,1043.21,2,0,2,One year,Fibre optic,Post,True,False,False,1
C003788,10,85.2,831.23,1,2,2,Month-to-month,Fibre optic,Credit card,True,False,False,1
C003789,8,68.41,536.86,0,0,0,Month-to-month,DSL,Electronic cheque,True,False,False,0
C003790,27,53.83,1474.82,1,1,1,Month-to-month,DSL,Post,True,False,False,0
C003791,37,92.34,3528.19,1,1,0,One year,Fibre optic,Bank transfer,True,False,False,0
C003792,12,114.53,1423.99,1,1,2,One year,Fibre optic,Credit card,False,False,True,1
C003793,19,68.84,1308.09,1,0,2,Month-to-month,DSL,Post,True,False,False,1
C003794,15,54.1,766.08,0,2,2,Two year,DSL,Bank transfer,False,True,True,1
C003795,3,21.25,61.07,1,0,4,Month-to-month,None,Credit card,False,False,False,0
C003796,12,18.71,212.67,1,0,5,One year,None,Post,False,False,True,0
C003797,2,85.77,176.58,2,1,4,Month-to-month,Fibre optic,Bank transfer,False,False,True,1
C003798,10,51.85,508.03,1,0,1,Month-to-month,Fibre optic,Electronic cheque,False,False,False,0
C003799,14,22.97,322.46,1,0,1,Month-to-month,None,,True,False,False,0
C003800,24,74.41,1864.9,0,1,2,One year,DSL,Credit card,True,False,True,0
C003801,18,26.01,452.52,0,0,5,Month-to-month,None,,True,False,False,0
C003802,27,77.66,2075.08,0,0,5,Month-to-month,Fibre optic,Electronic cheque,False,True,False,1
C003803,7,94.22,660.27,2,0,0,One year,Fibre optic,Credit card,True,False,False,1
C003804,34,69.06,2242.99,3,0,2,One year,Fibre optic,Electronic cheque,True,False,False,0
C003805,37,38.7,1465.2,0,0,2,One year,DSL,Post,False,False,False,0
C003806,2,95.21,197.07,3,1,3,One year,Fibre optic,Bank transfer,True,False,True,1
C003807,3,70.55,215.74,1,0,0,One year,Fibre optic,Credit card,False,False,True,1
C003808,14,30.71,438.44,2,1,3,One year,DSL,Electronic cheque,True,False,False,0
C003809,9,102.91,927.94,0,0,5,Month-to-month,Fibre optic,Electronic cheque,True,False,False,1
C003810,11,18.82,,0,0,4,Month-to-month,None,Electronic cheque,True,False,False,0
C003811,18,23.45,436.98,2,1,2,Month-to-month,None,Credit card,True,False,False,1
C003812,28,125.27,3619.1,5,0,2,Month-to-month,Fibre optic,Post,True,False,False,1
C003813,7,65.39,462.99,0,0,0,Month-to-month,DSL,Electronic cheque,False,False,False,0
C003814,31,62.66,1891.0,1,1,1,Month-to-month,DSL,,False,False,True,0
C003815,8,25.7,189.4,0,0,5,Month-to-month,DSL,Credit card,False,True,True,0
C003816,56,23.67,1377.96,0,0,4,One year,None,Bank transfer,True,False,True,0
C003817,34,85.12,3038.13,1,0,1,One year,Fibre optic,Electronic cheque,False,False,False,0
C003818,9,27.32,241.37,1,1,4,One year,None,Bank transfer,True,False,False,1
C003819,4,54.71,226.22,1,1,2,Two year,DSL,Bank transfer,True,False,True,0
C003820,9,31.75,267.12,1,0,5,Month-to-month,None,Bank transfer,True,False,False,0
C003821,8,19.95,162.94,3,0,5,Month-to-month,None,Post,True,True,True,0
C003822,22,91.97,2046.92,2,1,1,Month-to-month,Fibre optic,Electronic cheque,False,False,False,1
C003823,2,27.11,53.14,1,1,0,Month-to-month,None,Electronic cheque,False,False,True,1
C003824,3,79.77,253.37,1,0,1,Month-to-month,Fibre optic,Bank transfer,False,True,False,0
C003825,22,54.19,1182.55,0,0,4,Two year,DSL,Electronic cheque,True,False,False,0
C003826,8,59.25,487.17,0,1,0,Month-to-month,DSL,Electronic cheque,False,True,False,1
C003827,10,79.97,844.35,1,0,0,Month-to-month,DSL,Post,False,False,False,1
C003828,25,69.31,,0,1,0,Month-to-month,DSL,Electronic cheque,False,False,False,1
C003829,29,70.19,2089.14,4,0,1,Month-to-month,Fibre optic,Bank transfer,True,False,True,1
C003830,33,45.9,1512.52,1,0,2,One year,DSL,Electronic cheque,True,False,False,0
C003831,24,47.77,1157.5,1,0,3,One year,DSL,Credit card,True,False,False,0
C003832,13,71.3,899.77,0,0,4,One year,DSL,Credit card,False,False,True,0
C003833,12,95.98,1156.24,0,1,4,One year,Fibre optic,Post,False,True,False,0
C003834,11,17.57,194.26,0,0,0,Month-to-month,None,Electronic cheque,False,False,False,0
C003835,5,60.11,301.56,1,0,4,Month-to-month,Fibre optic,Electronic cheque,True,False,False,1
C003836,7,88.14,638.37,2,3,0,One year,Fibre optic,Post,True,False,True,1
C003837,30,21.77,658.52,0,1,4,Month-to-month,None,Post,False,False,True,0
C003838,8,50.94,,1,0,2,Month-to-month,Fibre optic,Electronic cheque,True,False,False,1
C003839,5,121.09,615.17,0,0,1,Month-to-month,Fibre optic,Post,False,False,False,1
C003840,32,74.01,2326.16,1,0,4,One year,Fibre optic,Credit card,True,False,False,0
C003841,17,16.82,287.49,1,0,5,Month-to-month,None,Post,False,False,False,0
C003842,43,28.28,,1,0,0,Two year,DSL,Electronic cheque,False,True,True,1
C003843,40,99.96,4083.31,4,0,0,Month-to-month,Fibre optic,Post,False,True,False,1
C003844,6,79.95,482.5,3,0,3,Month-to-month,Fibre optic,Post,True,False,False,1
C003845,14,50.97,726.44,0,1,2,Month-to-month,DSL,Credit card,False,False,False,1
C003846,6,123.16,742.16,0,2,2,Month-to-month,Fibre optic,Post,True,False,False,1
C003847,6,15.99,102.56,0,1,1,Month-to-month,None,Electronic cheque,True,False,False,0
C003848,10,43.95,435.05,0,1,1,One year,None,Electronic cheque,True,False,False,1
C003849,23,15.0,339.45,1,0,5,Month-to-month,None,Electronic cheque,False,False,True,0
C003850,23,85.93,2013.12,1,2,5,Month-to-month,Fibre optic,Post,True,False,False,0
C003851,21,90.25,1870.89,0,1,0,Month-to-month,Fibre optic,Electronic cheque,True,False,False,1
C003852,13,34.47,458.86,1,0,5,Month-to-month,None,Electronic cheque,False,False,False,0
C003853,23,63.1,1398.6,1,0,0,Two year,DSL,Post,False,True,False,0
C003854,5,74.12,372.46,1,1,1,Month-to-month,DSL,Post,True,False,False,0
C003855,17,77.73,1340.26,2,3,3,One year,Fibre optic,Electronic cheque,True,False,False,1
C003856,15,60.16,872.7,2,1,2,Month-to-month,Fibre optic,Electronic cheque,True,False,False,1
C003857,12,108.78,1321.19,2,0,2,Month-to-month,Fibre optic,Credit card,False,False,False,1
C003858,18,25.36,429.84,0,0,1,Two year,None,Electronic cheque,False,False,False,0
C003859,6,52.98,318.34,2,0,1,Month-to-month,DSL,Post,True,False,False,0
C003860,21,18.14,394.66,0,0,2,Two year,None,Bank transfer,True,False,False,0
C003861,15,103.49,1513.09,0,1,0,Month-to-month,Fibre optic,Post,True,True,True,0
C003862,4,20.4,81.47,0,1,1,Month-to-month,None,Electronic cheque,True,False,True,0
C003863,14,48.97,,0,3,1,Two year,DSL,Credit card,True,True,False,0
C003864,10,102.68,1048.57,1,1,0,Month-to-month,Fibre optic,Post,True,False,False,1
C003865,31,85.27,2708.58,2,0,0,Two year,Fibre optic,Credit card,False,False,True,0
C003866,5,92.0,467.61,2,0,2,Two year,Fibre optic,Electronic cheque,True,False,False,1
C003867,6,52.99,325.22,0,0,5,Month-to-month,DSL,Electronic cheque,True,False,True,1
C003868,19,67.21,1251.72,4,1,3,Month-to-month,DSL,Bank transfer,False,False,True,0
C003869,13,58.88,763.45,1,0,3,Two year,DSL,Electronic cheque,True,False,True,0
C003870,12,94.66,1096.8,0,0,2,Month-to-month,Fibre optic,Electronic cheque,True,False,True,1
C003871,56,81.3,4429.76,0,0,0,One year,Fibre optic,Post,True,False,False,0
C003872,23,96.7,2212.16,1,1,1,Month-to-month,Fibre optic,Electronic cheque,True,False,True,1
C003873,11,104.91,1195.51,3,1,4,Month-to-month,Fibre optic,Credit card,False,True,False,1
C003874,3,58.3,170.44,0,0,3,Month-to-month,DSL,Post,False,False,False,0
C003875,11,45.28,502.97,0,0,5,One year,DSL,Post,True,False,True,1
C003876,5,45.64,222.3,1,0,4,One year,Fibre optic,Electronic cheque,True,True,False,1
C003877,7,57.14,385.77,0,0,5,One year,Fibre optic,Post,True,False,False,1
C003878,7,60.88,443.89,1,1,1,Month-to-month,Fibre optic,Electronic cheque,True,False,False,1
C003879,29,95.02,2850.65,2,0,4,Month-to-month,Fibre optic,Bank transfer,True,False,False,1
C003880,4,15.96,62.36,2,0,5,Month-to-month,None,Electronic cheque,True,False,True,0
C003881,27,15.0,401.06,0,0,0,Month-to-month,None,Electronic cheque,False,False,False,0
C003882,20,73.32,1474.41,0,1,0,Month-to-month,Fibre optic,Electronic cheque,True,False,False,1
C003883,20,59.83,1160.87,1,1,1,One year,DSL,Bank transfer,False,False,False,0
C003884,7,66.28,471.13,1,0,2,Month-to-month,DSL,Bank transfer,False,False,True,0
C003885,25,86.68,2063.51,0,0,1,Month-to-month,Fibre optic,Credit card,False,False,True,0
C003886,6,102.84,607.41,0,1,0,One year,Fibre optic,Electronic cheque,True,False,False,1
C003887,38,53.44,2009.56,2,0,3,Month-to-month,DSL,Credit card,True,False,True,0
C003888,30,50.98,1550.38,0,0,4,Two year,DSL,Bank transfer,False,False,False,0
C003889,42,16.11,702.17,1,0,2,Month-to-month,None,Credit card,False,False,False,0
C003890,15,43.19,627.38,3,0,5,Month-to-month,DSL,Credit card,False,False,False,0
C003891,13,109.35,1415.18,0,0,4,Two year,Fibre optic,Bank transfer,True,False,False,1
C003892,11,22.3,249.44,0,0,3,One year,None,Credit card,True,False,True,0
C003893,56,93.85,5240.16,1,1,0,Two year,Fibre optic,Electronic cheque,True,False,False,0
C003894,22,65.17,1424.52,0,0,2,Month-to-month,DSL,Post,True,False,False,1
C003895,5,28.24,144.54,1,1,4,Month-to-month,None,Electronic cheque,True,True,False,1
C003896,35,56.36,,2,1,3,One year,Fibre optic,Electronic cheque,False,True,False,0
C003897,13,73.16,944.11,0,0,5,Month-to-month,DSL,Electronic cheque,False,False,True,0
C003898,1,91.94,92.03,1,1,4,One year,Fibre optic,Electronic cheque,True,False,False,1
C003899,8,79.22,632.76,0,1,5,Month-to-month,DSL,Electronic cheque,False,False,False,0
C003900,30,70.28,2057.05,2,0,2,Month-to-month,Fibre optic,Credit card,False,False,False,1
C003901,20,18.79,385.52,1,0,0,Month-to-month,None,Bank transfer,True,False,True,0
C003902,23,73.41,1701.89,2,0,5,One year,Fibre optic,Electronic cheque,False,False,False,0
C003903,35,27.95,879.92,1,0,4,Month-to-month,None,Credit card,True,False,False,0
C003904,3,67.65,206.52,3,0,1,Two year,Fibre optic,Credit card,True,True,False,0
C003905,8,26.87,213.84,0,1,0,Month-to-month,None,Electronic cheque,True,False,False,0
C003906,15,66.23,1019.11,1,0,1,Month-to-month,Fibre optic,Electronic cheque,False,True,False,1
C003907,30,49.57,1545.85,0,0,2,Month-to-month,DSL,Bank transfer,True,False,True,0
C003908,6,16.02,96.3,0,0,5,One year,None,Bank transfer,True,False,True,0
C003909,11,19.31,207.45,1,0,2,Two year,None,Post,False,False,False,0
C003910,14,100.16,1440.04,0,1,4,Month-to-month,Fibre optic,Credit card,False,True,False,0
C003911,8,76.91,642.42,1,0,3,Month-to-month,Fibre optic,Bank transfer,False,False,True,1
C003912,14,58.44,826.1,2,0,0,One year,DSL,Electronic cheque,True,False,False,0
C003913,13,28.18,365.72,2,1,0,Month-to-month,DSL,Post,False,False,False,1
C003914,9,34.75,321.59,1,0,2,One year,DSL,Electronic cheque,True,False,True,0
C003915,25,80.35,,1,0,2,One year,Fibre optic,Electronic cheque,True,False,False,0
C003916,22,64.52,1423.65,0,1,5,Month-to-month,DSL,Post,True,True,False,1
C003917,26,26.97,691.86,0,0,4,One year,DSL,Bank transfer,True,False,False,0
C003918,27,22.53,618.73,0,0,2,One year,None,Electronic cheque,True,True,False,0
C003919,4,87.95,349.62,4,0,1,Month-to-month,Fibre optic,Credit card,False,False,True,1
C003920,4,30.52,121.45,1,0,0,Month-to-month,None,Electronic cheque,False,False,False,1
C003921,23,48.83,1142.22,5,0,0,Month-to-month,DSL,Electronic cheque,True,False,False,1
C003922,10,59.73,622.08,1,0,3,One year,DSL,Post,False,False,False,1
C003923,9,80.79,741.08,2,2,0,One year,Fibre optic,Electronic cheque,False,False,False,0
C003924,8,30.19,247.46,0,1,0,Month-to-month,DSL,Electronic cheque,True,False,True,1
C003925,26,84.18,2257.58,0,0,0,Month-to-month,Fibre optic,Electronic cheque,True,False,True,0
C003926,53,29.55,1551.82,2,0,1,Month-to-month,None,Bank transfer,False,False,False,0
C003927,27,44.86,1218.76,0,0,5,Month-to-month,DSL,Electronic cheque,True,False,True,1
C003928,10,78.49,782.38,0,0,0,Month-to-month,Fibre optic,Bank transfer,True,False,True,0
C003929,25,114.75,2869.66,1,0,3,Month-to-month,Fibre optic,Electronic cheque,True,False,False,1
C003930,4,58.62,231.95,1,0,5,Month-to-month,DSL,Credit card,False,False,False,0
C003931,12,83.25,994.17,3,0,0,One year,Fibre optic,Bank transfer,True,False,False,0
C003932,3,86.67,257.84,1,0,3,One year,Fibre optic,Electronic cheque,True,True,False,1
C003933,10,57.32,560.64,0,0,0,Month-to-month,DSL,Credit card,True,False,False,1
C003934,16,74.48,1103.84,0,0,2,One year,Fibre optic,Electronic cheque,True,False,False,1
C003935,60,67.62,4061.46,3,1,5,Month-to-month,Fibre optic,,False,False,False,1
C003936,32,89.08,2983.61,1,0,2,Month-to-month,Fibre optic,Electronic cheque,True,False,False,0
C003937,3,31.59,96.26,1,1,3,Two year,None,Bank transfer,False,False,False,0
C003938,3,93.79,280.11,0,1,2,Month-to-month,Fibre optic,Electronic cheque,True,False,False,1
C003939,8,99.9,767.39,1,0,2,Month-to-month,Fibre optic,Credit card,True,False,False,1
C003940,46,23.47,1051.43,0,0,0,Month-to-month,None,Credit card,True,False,False,0
C003941,3,59.65,169.15,1,1,2,One year,Fibre optic,Electronic cheque,True,False,False,1
C003942,8,96.91,784.61,0,1,2,Month-to-month,DSL,Electronic cheque,True,False,False,1
C003943,8,55.02,429.58,0,0,3,Two year,DSL,Electronic cheque,True,False,True,0
C003944,19,34.69,681.15,0,0,2,Month-to-month,DSL,Electronic cheque,True,True,False,0
C003945,26,67.15,1623.93,2,1,0,Month-to-month,DSL,Bank transfer,False,False,False,1
C003946,22,87.6,1895.77,0,1,3,Month-to-month,Fibre optic,Electronic cheque,False,False,True,1
C003947,17,39.63,693.69,0,3,2,One year,DSL,Credit card,True,False,False,0
C003948,4,21.13,81.18,1,0,1,Month-to-month,None,Credit card,True,False,True,1
C003949,15,86.34,1243.47,0,0,2,Two year,Fibre optic,Credit card,True,True,False,0
C003950,35,37.64,1293.33,0,0,5,Two year,DSL,Bank transfer,True,False,True,0
C003951,43,17.26,716.29,2,1,5,Month-to-month,None,Electronic cheque,True,True,False,0
C003952,19,86.6,1623.25,0,0,2,Month-to-month,Fibre optic,Electronic cheque,False,False,True,0
C003953,3,57.07,,1,1,5,Month-to-month,DSL,Electronic cheque,False,False,False,1
C003954,19,64.29,1263.35,0,0,1,One year,DSL,Bank transfer,False,False,False,0
C003955,13,74.24,986.77,1,0,0,One year,Fibre optic,Electronic cheque,False,False,True,0
C003956,3,76.22,224.56,0,1,3,Month-to-month,Fibre optic,Electronic cheque,False,False,True,1
C003957,6,104.46,591.07,1,0,3,Two year,Fibre optic,Credit card,False,False,True,1
C003958,7,18.42,125.27,0,0,2,Month-to-month,None,Credit card,True,False,False,0
C003959,24,58.2,1425.35,3,0,1,Two year,Fibre optic,Bank transfer,False,False,False,0
C003960,42,29.47,1264.43,0,1,1,Two year,None,Credit card,True,False,False,0
C003961,21,63.52,1306.32,2,1,0,Month-to-month,Fibre optic,Electronic cheque,True,False,False,1
C003962,24,104.08,2527.4,2,0,5,Month-to-month,Fibre optic,Bank transfer,True,False,True,0
C003963,14,66.93,892.23,1,0,2,Month-to-month,DSL,Post,True,False,True,0
C003964,9,99.16,888.39,1,0,3,Two year,Fibre optic,Electronic cheque,False,False,False,0
C003965,21,92.17,1857.0,2,0,0,Month-to-month,Fibre optic,Bank transfer,True,False,True,1
C003966,18,87.64,1591.66,2,1,4,Two year,Fibre optic,Bank transfer,True,False,False,1
C003967,7,76.49,527.33,0,1,3,Month-to-month,Fibre optic,Bank transfer,False,True,False,1
C003968,17,106.4,1790.76,1,0,4,Month-to-month,Fibre optic,Post,False,False,False,1
C003969,14,87.04,1215.67,1,1,3,Two year,Fibre optic,Credit card,False,False,True,1
C003970,11,59.0,612.89,2,0,2,Month-to-month,Fibre optic,Post,False,False,True,1
C003971,9,63.2,568.15,0,0,1,One year,Fibre optic,Post,True,False,False,0
C003972,19,25.45,499.34,0,0,5,Month-to-month,None,Credit card,True,False,False,0
C003973,9,106.61,961.09,3,0,5,Month-to-month,Fibre optic,Post,True,False,True,0
C003974,53,110.64,6043.23,1,1,0,Month-to-month,Fibre optic,,True,False,False,1
C003975,21,104.55,2167.34,1,1,0,Month-to-month,Fibre optic,Credit card,False,False,False,1
C003976,19,82.42,1576.43,1,0,1,One year,Fibre optic,Post,False,False,False,1
C003977,12,24.27,294.21,1,0,5,Month-to-month,None,Electronic cheque,False,False,False,1
C003978,10,31.63,322.15,2,2,1,Month-to-month,None,Electronic cheque,True,False,False,0
C003979,2,67.2,138.13,0,0,1,Month-to-month,Fibre optic,Credit card,True,False,False,1
C003980,8,21.03,161.16,0,0,1,One year,None,Electronic cheque,True,False,False,0
C003981,3,109.97,322.15,0,1,3,Two year,Fibre optic,Electronic cheque,True,False,True,0
C003982,3,15.0,45.65,0,0,4,One year,None,Bank transfer,True,False,True,0
C003983,5,28.44,143.76,0,0,3,Two year,None,Post,True,False,False,0
C003984,33,44.74,1475.19,2,0,0,Month-to-month,Fibre optic,Electronic cheque,True,True,False,1
C003985,33,27.36,973.74,2,0,5,Month-to-month,None,Credit card,True,False,False,0
C003986,8,106.39,853.52,2,0,1,Month-to-month,Fibre optic,Electronic cheque,False,False,False,1
C003987,4,89.17,359.78,2,0,3,Month-to-month,Fibre optic,Bank transfer,True,False,False,1
C003988,10,78.6,754.12,1,0,1,One year,Fibre optic,Electronic cheque,True,False,False,0
C003989,23,77.34,1829.11,0,0,0,One year,Fibre optic,,False,True,True,0
C003990,28,71.48,2006.94,0,1,4,Month-to-month,Fibre optic,Bank transfer,True,False,True,0
C003991,17,66.08,1125.46,0,2,1,Two year,DSL,Credit card,False,False,True,0
C003992,19,122.3,2456.03,0,0,5,Month-to-month,Fibre optic,Electronic cheque,False,False,True,1
C003993,17,115.93,1960.82,0,1,0,One year,Fibre optic,Electronic cheque,True,False,True,1
C003994,3,70.21,217.68,0,0,0,Month-to-month,Fibre optic,Bank transfer,True,False,False,1
C003995,4,53.91,222.76,1,0,5,One year,DSL,Credit card,True,False,False,0
C003996,43,51.17,,2,0,0,Month-to-month,DSL,Electronic cheque,False,False,True,0
C003997,17,82.35,1339.64,0,0,5,Two year,Fibre optic,Electronic cheque,True,False,False,0
C003998,2,96.31,188.94,1,1,0,Two year,Fibre optic,Credit card,False,False,False,1
C003999,20,81.67,1687.66,1,1,2,Month-to-month,DSL,Credit card,False,False,False,0
C004000,6,74.22,440.09,0,0,3,Month-to-month,DSL,Bank transfer,False,False,False,0
C004001,30,108.04,3119.61,0,0,4,One year,Fibre optic,Post,False,True,False,0
C004002,28,63.44,1783.86,1,0,2,One year,DSL,Bank transfer,True,False,True,1
C004003,22,63.37,1349.13,0,2,2,Month-to-month,DSL,Electronic cheque,False,False,False,0
C004004,16,80.29,1248.6,0,1,4,One year,Fibre optic,Bank transfer,True,False,False,0
C004005,35,101.6,,4,1,2,Two year,Fibre optic,Bank transfer,True,False,False,1
C004006,37,20.01,762.09,0,1,5,One year,None,Electronic cheque,False,False,False,0
C004007,6,68.31,,1,0,0,Month-to-month,DSL,Bank transfer,True,False,True,1
C004008,22,26.06,549.87,0,0,1,Two year,DSL,Electronic cheque,False,False,False,1
C004009,9,64.34,582.63,1,1,0,Month-to-month,DSL,Electronic cheque,True,False,False,1
C004010,6,107.4,654.17,3,2,2,Month-to-month,Fibre optic,Post,True,False,False,1
C004011,37,57.79,2093.54,1,1,0,Two year,DSL,Credit card,True,False,False,0
C004012,25,50.99,1243.8,1,1,1,Month-to-month,DSL,Bank transfer,True,False,True,0
C004013,17,78.3,1396.58,1,0,5,Month-to-month,Fibre optic,Credit card,False,False,True,0
C004014,7,77.17,519.68,4,0,1,One year,Fibre optic,Bank transfer,True,False,False,0
C004015,38,66.1,2556.88,1,1,2,Two year,Fibre optic,Electronic cheque,True,False,False,0
C004016,6,86.91,528.35,2,0,4,Month-to-month,Fibre optic,Electronic cheque,True,False,True,1
C004017,5,15.66,83.91,0,0,3,Month-to-month,None,Credit card,True,False,True,0
C004018,14,93.33,1350.75,1,0,2,Month-to-month,Fibre optic,Electronic cheque,True,False,True,1
C004019,23,40.42,885.69,0,0,0,Month-to-month,DSL,Credit card,True,False,False,1
C004020,11,68.01,720.41,1,0,3,Month-to-month,Fibre optic,Electronic cheque,False,False,True,1
C004021,16,81.72,1280.13,2,0,2,Month-to-month,DSL,Electronic cheque,False,False,True,0
C004022,9,53.63,483.73,0,1,3,Two year,DSL,Credit card,True,False,False,0
C004023,10,80.93,766.82,4,1,3,One year,Fibre optic,Credit card,False,False,False,1
C004024,47,55.55,2637.99,1,1,5,Two year,DSL,Bank transfer,False,False,True,0
C004025,13,67.88,889.2,0,0,2,Two year,DSL,Electronic cheque,False,False,False,0
C004026,37,68.04,2484.1,1,0,3,Two year,Fibre optic,Electronic cheque,True,False,False,0
C004027,3,15.0,46.57,1,0,4,One year,None,Bank transfer,False,False,False,0
C004028,30,58.76,1793.46,0,0,1,Month-to-month,DSL,Bank transfer,True,True,False,0
C004029,7,84.4,611.83,3,0,3,Two year,Fibre optic,Electronic cheque,True,False,False,1
C004030,25,26.69,719.58,0,1,5,Month-to-month,None,Bank transfer,False,False,False,1
C004031,7,69.01,469.86,0,1,0,Month-to-month,DSL,Electronic cheque,True,False,True,1
C004032,10,41.96,426.08,0,0,4,Month-to-month,Fibre optic,,False,False,False,0
C004033,5,82.91,407.34,1,1,2,Month-to-month,DSL,Electronic cheque,True,False,True,1
C004034,26,21.62,574.11,0,0,2,Month-to-month,None,Bank transfer,True,False,True,0
C004035,28,64.98,1797.4,0,0,0,One year,DSL,Credit card,False,False,False,0
C004036,8,64.66,511.61,2,0,1,Month-to-month,DSL,Electronic cheque,True,False,False,0
C004037,3,16.89,49.07,1,0,1,Month-to-month,None,Post,True,False,False,1
C004038,36,97.01,3546.84,1,0,3,Month-to-month,Fibre optic,Electronic cheque,True,False,True,1
C004039,8,62.04,521.8,1,0,2,Two year,DSL,Bank transfer,True,True,False,0
C004040,13,92.57,1165.93,0,0,3,Month-to-month,Fibre optic,Electronic cheque,True,False,False,1
C004041,6,29.36,165.41,1,1,1,Month-to-month,None,Bank transfer,False,False,True,0
C004042,24,99.66,2441.14,1,0,2,One year,Fibre optic,Electronic cheque,False,False,False,0
C004043,24,53.48,1333.24,2,1,1,Two year,DSL,Credit card,True,False,True,0
C004044,40,54.52,2349.88,0,0,1,Month-to-month,DSL,Electronic cheque,True,False,False,0
C004045,31,26.52,819.11,0,0,0,One year,None,Post,True,False,False,0
C004046,30,73.11,2184.95,1,0,3,Month-to-month,DSL,Electronic cheque,False,False,True,0
C004047,14,55.77,794.99,1,0,5,Two year,DSL,Credit card,True,False,False,0
C004048,12,54.96,,0,1,0,One year,DSL,Post,True,False,False,1
C004049,24,29.34,689.04,1,0,1,One year,DSL,Credit card,False,False,True,0
C004050,13,93.8,1252.64,0,0,3,Month-to-month,Fibre optic,Credit card,True,True,False,1
C004051,32,82.4,2528.79,1,0,3,One year,Fibre optic,Bank transfer,False,False,False,0
C004052,6,62.36,362.85,0,0,5,Month-to-month,DSL,Post,True,True,True,0
C004053,2,56.5,108.0,0,1,0,Month-to-month,DSL,Bank transfer,True,True,False,1
C004054,22,45.28,974.43,0,1,5,One year,DSL,Post,False,True,False,0
C004055,9,60.14,535.62,0,2,2,One year,DSL,Electronic cheque,False,False,True,1
C004056,5,57.05,283.0,0,0,1,Month-to-month,DSL,Post,True,False,True,1
C004057,57,72.95,4130.11,3,0,2,Two year,Fibre optic,Electronic cheque,True,False,False,0
C004058,15,73.51,1127.83,2,0,2,Month-to-month,DSL,Credit card,False,False,False,1
C004059,4,72.15,287.12,2,0,2,One year,DSL,Electronic cheque,True,True,False,1
C004060,8,64.4,502.71,0,0,5,Month-to-month,Fibre optic,Electronic cheque,False,False,True,1
C004061,12,84.92,982.8,1,0,4,Month-to-month,Fibre optic,Electronic cheque,True,False,False,0
C004062,21,79.41,1648.92,2,0,3,Two year,Fibre optic,Credit card,False,False,True,0
C004063,8,15.0,126.92,0,0,4,Month-to-month,None,Electronic cheque,False,True,False,1
C004064,13,88.29,1156.7,1,0,1,Two year,DSL,Bank transfer,False,False,False,1
C004065,18,68.5,1296.12,1,1,4,Month-to-month,DSL,Electronic cheque,True,True,False,0
C004066,20,71.17,1334.62,1,0,1,One year,DSL,Electronic cheque,False,False,False,0
C004067,14,54.02,734.82,1,0,2,Month-to-month,DSL,Credit card,True,True,False,1
C004068,46,17.82,774.86,1,1,0,One year,None,Bank transfer,True,True,False,0
C004069,24,70.71,1690.3,0,1,4,Two year,Fibre optic,Electronic cheque,False,False,False,0
C004070,23,89.63,2090.05,3,0,5,One year,Fibre optic,Credit card,True,False,False,1
C004071,23,15.0,354.6,0,0,4,Month-to-month,None,Electronic cheque,True,False,False,0
C004072,32,20.45,668.91,0,1,0,One year,None,Electronic cheque,False,False,False,0
C004073,17,79.64,1392.69,1,1,3,One year,Fibre optic,Electronic cheque,False,False,False,1
C004074,6,15.0,89.38,0,0,1,Month-to-month,None,Bank transfer,False,True,False,0
C004075,20,47.4,932.06,1,0,3,One year,Fibre optic,Credit card,True,False,True,0
C004076,22,47.92,1024.75,0,0,2,One year,DSL,Electronic cheque,True,False,True,1
C004077,35,96.94,3551.51,0,0,3,One year,Fibre optic,Electronic cheque,True,True,True,0
C004078,5,23.63,120.92,1,2,5,Month-to-month,None,Credit card,False,False,True,0
C004079,7,68.11,471.22,0,1,2,Month-to-month,Fibre optic,Bank transfer,True,False,False,0
C004080,15,76.59,1150.63,0,0,0,Two year,Fibre optic,Electronic cheque,False,False,True,0
C004081,23,26.31,623.72,0,0,4,One year,None,Electronic cheque,False,False,True,0
C004082,4,96.47,377.77,3,0,0,Month-to-month,Fibre optic,Electronic cheque,False,False,True,1
C004083,6,101.28,612.54,3,1,1,Two year,Fibre optic,Electronic cheque,True,True,True,1
C004084,27,55.72,1495.82,0,3,5,Month-to-month,DSL,Credit card,True,False,False,1
C004085,5,28.25,146.64,0,0,3,Month-to-month,DSL,Electronic cheque,True,False,False,1
C004086,7,69.05,478.86,1,0,1,One year,DSL,Electronic cheque,True,False,True,1
C004087,28,15.0,428.74,0,0,5,One year,None,Credit card,False,True,True,0
C004088,23,26.26,586.11,0,1,1,Two year,None,Credit card,False,False,False,0
C004089,8,47.39,366.62,0,2,2,One year,DSL,Electronic cheque,True,False,True,1
C004090,21,86.59,1751.6,1,2,3,Month-to-month,DSL,Electronic cheque,True,False,False,1
C004091,18,54.1,1002.39,2,0,2,Month-to-month,DSL,Electronic cheque,True,False,False,1
C004092,13,101.51,1345.23,2,2,1,Month-to-month,Fibre optic,Credit card,True,False,False,1
C004093,11,77.32,884.57,1,0,0,Two year,Fibre optic,Electronic cheque,False,False,False,0
C004094,20,95.71,1950.56,2,1,3,Month-to-month,Fibre optic,,False,False,False,1
C004095,5,79.93,401.23,1,1,3,Month-to-month,DSL,Electronic cheque,False,False,True,0
C004096,20,45.15,895.56,1,2,5,Month-to-month,DSL,Credit card,True,False,True,0
C004097,17,25.17,441.08,1,0,3,Month-to-month,None,Credit card,False,False,False,0
C004098,18,118.26,2168.62,0,0,5,Month-to-month,Fibre optic,Credit card,True,False,False,0
C004099,6,63.65,372.74,1,0,1,One year,DSL,Bank transfer,True,False,False,1
C004100,36,58.6,2073.95,0,0,4,Month-to-month,DSL,Credit card,False,False,True,1
C004101,8,56.68,455.68,3,0,5,Two year,DSL,Electronic cheque,True,False,False,0
C004102,10,69.85,698.83,0,0,5,Two year,DSL,Bank transfer,False,False,False,0
C004103,13,60.48,804.95,0,1,4,Month-to-month,DSL,Credit card,True,False,True,0
C004104,23,75.45,1770.63,0,2,5,Two year,Fibre optic,Post,False,False,False,0
C004105,17,63.49,1054.61,0,1,5,Month-to-month,DSL,Credit card,False,False,True,0
C004106,3,85.55,,2,1,1,Month-to-month,Fibre optic,Credit card,True,False,False,1
C004107,14,24.2,322.06,1,0,1,Month-to-month,Fibre optic,Electronic cheque,True,False,True,0
C004108,15,53.66,804.89,0,1,3,Two year,DSL,Credit card,True,True,False,0
C004109,37,88.4,3448.24,1,2,1,One year,Fibre optic,Bank transfer,False,False,False,0
C004110,11,37.32,407.95,0,1,2,Month-to-month,None,Electronic cheque,True,False,False,0
C004111,21,38.39,805.69,1,1,2,One year,DSL,Electronic cheque,False,False,False,0
C004112,72,85.88,6231.04,1,0,2,One year,Fibre optic,Electronic cheque,True,False,False,0
C004113,32,47.88,1532.95,0,2,0,One year,DSL,Credit card,False,False,False,0
C004114,6,63.25,365.65,1,1,1,Month-to-month,DSL,Electronic cheque,False,False,False,1
C004115,25,54.0,1322.09,1,0,0,Two year,DSL,Electronic cheque,False,False,False,0
C004116,20,90.09,1788.28,3,1,3,One year,Fibre optic,Electronic cheque,True,False,True,0
C004117,11,118.3,1362.78,1,1,1,Month-to-month,Fibre optic,Electronic cheque,False,False,False,1
C004118,25,71.93,1863.15,3,1,2,Two year,Fibre optic,Credit card,False,False,True,1
C004119,6,62.1,359.82,0,0,1,Month-to-month,DSL,,False,True,True,0
C004120,9,115.47,1080.98,0,1,1,One year,Fibre optic,Electronic cheque,False,False,False,1
C004121,13,55.52,759.53,0,1,4,One year,DSL,Electronic cheque,True,False,True,0
C004122,11,36.12,402.62,1,1,2,Month-to-month,DSL,Electronic cheque,True,False,False,1
C004123,23,87.44,1974.74,3,1,2,Month-to-month,Fibre optic,Electronic cheque,True,False,False,1
C004124,14,55.26,775.2,2,1,4,One year,DSL,Electronic cheque,False,False,False,1
C004125,10,102.75,1075.88,1,0,5,Two year,Fibre optic,Electronic cheque,False,True,True,1
C004126,32,94.33,2916.26,0,1,4,Two year,Fibre optic,Bank transfer,True,False,True,0
C004127,23,57.39,1303.63,1,1,2,One year,Fibre optic,Electronic cheque,True,True,True,1
C004128,4,88.12,356.75,3,1,1,Month-to-month,Fibre optic,Post,True,True,False,1
C004129,4,45.56,180.33,1,0,3,Month-to-month,DSL,Credit card,False,False,False,0
C004130,10,87.75,833.13,0,0,5,One year,DSL,Credit card,True,True,True,0
C004131,4,116.56,450.08,2,0,1,Month-to-month,Fibre optic,Electronic cheque,False,False,False,1
C004132,29,83.88,2332.55,0,1,0,One year,DSL,Credit card,False,False,True,0
C004133,9,57.53,510.86,1,0,3,Month-to-month,DSL,Bank transfer,True,False,False,0
C004134,21,54.74,1211.68,0,1,1,Month-to-month,DSL,Post,False,True,False,1
C004135,25,90.79,2364.07,0,1,5,One year,Fibre optic,Bank transfer,False,True,False,0
C004136,2,68.08,136.31,0,1,0,One year,Fibre optic,Credit card,False,False,False,0
C004137,9,79.02,725.0,0,1,1,One year,DSL,Electronic cheque,True,False,False,1
C004138,12,48.31,582.79,0,0,3,Month-to-month,DSL,Post,False,False,True,0
C004139,18,50.1,896.6,2,0,1,Two year,DSL,Bank transfer,True,True,True,0
C004140,27,38.69,1045.81,0,0,5,Month-to-month,DSL,Credit card,True,False,False,1
C004141,59,76.15,4449.42,3,1,5,One year,Fibre optic,Electronic cheque,True,False,False,0
C004142,43,48.2,1993.51,0,0,0,One year,DSL,Bank transfer,True,False,False,0
C004143,14,47.26,662.24,0,1,4,Month-to-month,DSL,Bank transfer,True,False,True,0
C004144,14,20.91,285.72,0,0,3,One year,None,Bank transfer,False,False,False,0
C004145,40,81.25,3199.58,2,2,5,One year,Fibre optic,Post,True,False,True,0
C004146,15,80.32,1221.43,0,1,4,Month-to-month,DSL,Electronic cheque,False,False,True,0
C004147,9,85.24,730.49,2,0,4,One year,Fibre optic,Credit card,False,False,False,0
C004148,29,93.53,2621.87,1,0,3,Month-to-month,Fibre optic,Post,True,True,False,1
C004149,19,17.51,332.58,0,0,4,Two year,None,Bank transfer,True,False,False,0
C004150,4,23.03,88.84,1,0,5,Month-to-month,None,,True,False,True,0
C004151,11,100.64,1085.65,0,0,0,Month-to-month,Fibre optic,Electronic cheque,False,True,False,0
C004152,5,54.53,279.63,1,0,3,One year,DSL,Electronic cheque,False,False,True,0
C004153,1,94.32,93.52,2,1,4,Month-to-month,Fibre optic,Bank transfer,False,False,True,1
C004154,47,62.73,2881.47,1,2,2,Two year,DSL,Credit card,False,True,True,0
C004155,16,103.52,1695.24,0,0,2,Month-to-month,Fibre optic,Bank transfer,True,False,False,1
C004156,12,24.18,275.05,0,1,0,Month-to-month,None,Electronic cheque,True,False,True,1
C004157,10,58.91,563.32,0,1,0,Month-to-month,DSL,Credit card,True,False,False,1
C004158,15,15.02,215.98,0,0,3,Month-to-month,None,Electronic cheque,True,False,False,1
C004159,10,57.98,567.93,1,1,2,Month-to-month,Fibre optic,Bank transfer,False,False,True,1
C004160,6,60.05,343.27,0,0,1,Month-to-month,DSL,Credit card,False,False,True,0
C004161,10,24.14,254.72,0,0,2,Month-to-month,None,Bank transfer,False,True,True,0
C004162,38,61.01,2137.51,2,0,4,Month-to-month,Fibre optic,Post,True,True,True,0
C004163,28,80.11,2270.79,4,1,0,Month-to-month,Fibre optic,Electronic cheque,True,True,False,1
C004164,10,79.13,781.52,3,3,4,Month-to-month,Fibre optic,Electronic cheque,False,False,False,1
C004165,50,50.95,2551.86,0,0,1,Month-to-month,DSL,Credit card,True,False,True,0
C004166,14,64.19,883.14,0,2,2,Month-to-month,DSL,Bank transfer,True,False,False,0
C004167,8,104.25,828.1,3,0,2,Month-to-month,Fibre optic,Credit card,True,True,True,1
C004168,19,31.69,584.08,1,0,3,Month-to-month,None,Bank transfer,True,False,True,1
C004169,42,83.72,,1,0,4,Month-to-month,Fibre optic,Electronic cheque,True,True,False,1
C004170,36,28.86,997.8,0,0,4,Month-to-month,None,Bank transfer,True,False,True,0
C004171,8,15.0,119.41,2,0,1,Two year,None,Electronic cheque,True,False,False,0
C004172,5,67.56,361.98,1,0,3,Month-to-month,DSL,Post,True,False,False,0
C004173,11,130.0,1463.57,0,0,5,Month-to-month,Fibre optic,Credit card,True,True,False,0
C004174,22,58.76,1244.66,1,0,1,One year,Fibre optic,Bank transfer,False,False,False,1
C004175,26,61.28,1654.13,1,2,4,Month-to-month,DSL,Electronic cheque,True,False,True,1
C004176,33,65.69,2188.08,2,2,4,Month-to-month,Fibre optic,Post,True,False,True,0
C004177,17,89.85,1506.51,1,1,4,One year,Fibre optic,Post,False,False,False,0
C004178,17,21.13,367.78,0,0,5,One year,None,Credit card,False,False,False,0
C004179,16,15.0,249.51,2,0,0,Two year,None,Credit card,True,False,True,0
C004180,30,101.13,2966.62,0,1,3,Two year,Fibre optic,Credit card,True,False,False,0
C004181,26,91.65,2349.63,0,0,0,One year,Fibre optic,Post,False,False,False,0
C004182,8,101.89,802.76,2,1,0,One year,Fibre optic,Bank transfer,True,False,True,1
C004183,24,24.32,593.46,0,1,1,Month-to-month,None,Electronic cheque,True,False,False,0
C004184,29,46.64,1388.34,2,1,2,Two year,Fibre optic,Electronic cheque,True,False,True,0
C004185,30,15.74,481.2,2,1,5,One year,None,Bank transfer,False,False,False,0
C004186,19,27.09,499.74,0,1,5,Month-to-month,None,Electronic cheque,True,False,False,0
C004187,18,73.81,1403.91,1,0,5,Month-to-month,DSL,Electronic cheque,False,True,False,0
C004188,14,15.0,204.78,0,1,4,One year,None,Credit card,False,False,False,0
C004189,16,84.46,1362.1,2,0,1,Month-to-month,Fibre optic,Bank transfer,True,False,False,1
C004190,45,75.05,3358.98,3,1,4,Two year,DSL,Credit card,False,False,False,1
C004191,16,72.46,1122.66,1,0,4,Month-to-month,DSL,Post,True,True,False,1
C004192,8,61.77,497.77,1,0,3,Two year,Fibre optic,Post,False,False,True,0
C004193,19,63.24,1204.27,2,0,3,Month-to-month,DSL,Credit card,True,False,False,0
C004194,25,68.77,1755.46,1,0,1,One year,DSL,Electronic cheque,True,False,True,0
C004195,29,84.68,2452.97,1,0,4,Month-to-month,Fibre optic,Electronic cheque,False,False,False,1
C004196,6,53.19,321.37,1,0,1,Month-to-month,DSL,Post,False,False,False,1
C004197,39,127.51,5242.56,2,0,1,Month-to-month,Fibre optic,Electronic cheque,True,False,False,0
C004198,25,55.86,1388.77,2,0,2,Month-to-month,Fibre optic,Credit card,False,True,False,0
C004199,38,35.88,1296.2,0,0,4,Month-to-month,DSL,Post,True,False,True,0
C004200,4,75.59,310.81,1,0,0,Two year,Fibre optic,Credit card,True,False,True,1
C004201,31,67.14,2135.48,0,1,5,Month-to-month,DSL,Bank transfer,True,False,True,0
C004202,6,23.21,133.4,1,0,5,One year,None,Electronic cheque,False,False,False,0
C004203,12,104.34,1206.07,1,0,3,One year,Fibre optic,Post,True,False,False,1
C004204,25,15.0,369.31,0,0,1,Month-to-month,None,,True,False,True,0
C004205,5,63.41,308.24,1,2,5,Two year,Fibre optic,Electronic cheque,True,True,False,1
C004206,10,19.42,192.15,0,0,3,One year,None,Credit card,False,True,True,0
C004207,4,73.96,293.16,2,0,5,One year,Fibre optic,Electronic cheque,True,False,False,1
C004208,25,126.7,3158.16,0,1,4,Two year,Fibre optic,Bank transfer,True,False,True,1
C004209,8,61.46,510.43,1,0,0,One year,DSL,Bank transfer,False,True,False,0
C004210,15,103.98,1657.71,0,1,1,Two year,Fibre optic,Post,False,False,False,0
C004211,20,59.47,1144.61,3,0,5,Month-to-month,Fibre optic,Electronic cheque,True,True,False,1
C004212,19,79.15,1508.78,2,0,5,Month-to-month,Fibre optic,Post,False,False,False,0
C004213,18,79.33,1474.87,3,0,0,One year,DSL,Bank transfer,True,False,False,0
C004214,17,65.36,1152.3,0,0,0,Month-to-month,Fibre optic,Electronic cheque,True,True,False,1
C004215,4,83.85,320.81,1,0,2,One year,Fibre optic,Bank transfer,True,False,False,0
C004216,13,69.16,899.12,2,1,4,Month-to-month,Fibre optic,Bank transfer,False,False,False,1
C004217,17,99.88,1744.71,0,0,3,Month-to-month,Fibre optic,Bank transfer,False,False,False,0
C004218,16,92.17,1437.66,0,1,2,Two year,Fibre optic,Bank transfer,False,False,False,1
C004219,14,97.3,1336.8,0,1,4,Month-to-month,Fibre optic,Post,False,False,False,0
C004220,8,100.68,827.99,1,1,1,Month-to-month,Fibre optic,Electronic cheque,False,False,False,1
C004221,18,80.9,1435.6,0,0,3,One year,Fibre optic,Post,False,False,True,1
C004222,21,103.06,2203.58,3,1,1,One year,Fibre optic,Bank transfer,True,False,True,1
C004223,11,61.33,709.17,0,2,4,Two year,DSL,Electronic cheque,False,False,False,1
C004224,30,52.22,1577.04,1,0,0,Month-to-month,DSL,Bank transfer,True,False,False,1
C004225,40,49.52,,0,0,0,Two year,Fibre optic,Bank transfer,True,False,False,0
C004226,15,71.57,1094.82,2,1,0,One year,Fibre optic,Post,True,False,False,0
C004227,8,78.29,634.5,0,0,5,Two year,DSL,Bank transfer,False,False,False,0
C004228,5,96.0,472.92,1,0,3,Month-to-month,Fibre optic,Electronic cheque,False,False,True,1
C004229,12,51.84,623.92,0,0,5,Month-to-month,DSL,Post,True,False,False,0
C004230,15,70.17,1077.44,0,0,0,Month-to-month,Fibre optic,Bank transfer,False,False,True,0
C004231,5,21.58,108.77,0,0,4,One year,DSL,Post,False,False,False,0
C004232,12,80.24,937.44,4,1,5,Month-to-month,Fibre optic,Electronic cheque,False,False,False,0
C004233,29,83.79,2489.69,0,1,2,Month-to-month,Fibre optic,Electronic cheque,False,False,True,1
C004234,2,15.0,29.82,0,1,1,One year,None,Post,True,True,False,0
C004235,16,24.77,392.6,0,1,4,Month-to-month,None,Electronic cheque,True,True,False,0
C004236,10,86.96,827.17,2,3,5,Month-to-month,Fibre optic,Post,True,False,False,1
C004237,15,86.18,1345.35,2,0,5,Month-to-month,Fibre optic,,True,False,False,1
C004238,41,98.65,4111.29,1,1,5,Two year,Fibre optic,Credit card,True,False,False,0
C004239,14,20.48,283.39,2,0,2,One year,None,Electronic cheque,True,False,True,0
C004240,13,50.42,667.94,2,0,2,One year,Fibre optic,Credit card,False,False,True,0
C004241,24,63.85,1583.86,1,0,5,Two year,DSL,Bank transfer,True,True,False,0
C004242,19,27.89,544.02,1,1,3,One year,None,Credit card,False,False,False,0
C004243,16,19.9,315.18,0,3,5,Month-to-month,DSL,Bank transfer,True,False,False,0
C004244,19,19.44,358.86,0,1,2,One year,None,Electronic cheque,True,False,True,0
C004245,34,59.78,1998.59,0,1,4,Two year,DSL,Bank transfer,False,False,True,0
C004246,27,75.61,2063.45,0,0,1,Month-to-month,Fibre optic,Bank transfer,False,False,False,0
C004247,12,15.02,173.26,2,0,1,One year,None,Post,False,False,False,0
C004248,40,80.25,3383.8,3,1,5,Month-to-month,Fibre optic,Post,False,False,False,1
C004249,10,84.38,852.1,1,2,5,Two year,Fibre optic,Electronic cheque,False,True,False,1
C004250,16,57.02,941.79,1,1,5,One year,DSL,,True,True,False,0
C004251,18,25.5,446.74,1,1,5,Two year,DSL,Credit card,True,True,True,0
C004252,12,55.04,663.65,1,0,1,One year,DSL,Electronic cheque,False,False,True,0
C004253,37,80.04,2909.74,2,0,5,Month-to-month,Fibre optic,Credit card,True,True,False,0
C004254,11,79.01,822.02,2,1,1,Month-to-month,Fibre optic,Bank transfer,True,False,False,1
C004255,14,59.11,842.59,1,0,2,Two year,DSL,Credit card,False,False,False,0
C004256,30,97.14,3024.99,1,1,4,Month-to-month,Fibre optic,Electronic cheque,True,False,False,1
C004257,10,28.0,300.02,0,1,0,Month-to-month,None,Electronic cheque,False,False,False,1
C004258,5,24.51,123.65,1,0,1,One year,None,Electronic cheque,True,False,False,0
C004259,16,75.57,1194.18,2,1,4,Month-to-month,Fibre optic,Credit card,True,False,False,1
C004260,6,21.08,,2,2,3,Month-to-month,None,Electronic cheque,True,False,True,0
C004261,6,110.81,650.79,0,1,4,Month-to-month,Fibre optic,Post,True,False,True,0
C004262,2,47.67,93.66,2,0,1,Month-to-month,DSL,Electronic cheque,True,False,True,1
C004263,2,123.96,247.4,0,0,3,One year,Fibre optic,Credit card,False,False,True,1
C004264,2,20.97,40.79,1,0,2,Month-to-month,None,Credit card,True,False,False,1
C004265,43,41.85,1752.12,2,2,3,Month-to-month,DSL,Post,True,False,False,1
C004266,2,76.1,159.17,1,1,1,Two year,DSL,Bank transfer,True,False,False,0
C004267,6,17.99,105.1,2,1,2,Month-to-month,None,Bank transfer,True,False,False,1
C004268,14,90.81,,1,1,2,One year,Fibre optic,Credit card,True,False,False,0
C004269,23,67.14,1505.5,2,0,4,Month-to-month,Fibre optic,Electronic cheque,True,False,False,1
C004270,25,80.8,2010.95,5,0,2,Month-to-month,Fibre optic,Bank transfer,False,False,False,1
C004271,8,71.96,581.86,5,0,0,One year,Fibre optic,,False,True,True,1
C004272,16,28.31,454.53,0,0,3,One year,DSL,Credit card,True,False,False,0
C004273,13,50.34,637.98,1,0,2,Two year,Fibre optic,Electronic cheque,True,False,False,0
C004274,15,39.61,610.07,0,0,2,Month-to-month,DSL,Electronic cheque,True,False,False,0
C004275,17,43.39,740.38,0,0,2,Month-to-month,DSL,Post,False,True,True,0
C004276,20,16.18,307.06,2,0,5,Month-to-month,None,Bank transfer,True,False,False,0
C004277,9,56.29,520.48,1,0,3,Month-to-month,DSL,Electronic cheque,True,False,False,1
C004278,11,45.51,501.73,3,0,0,Month-to-month,DSL,Credit card,False,True,False,0
C004279,57,73.6,4175.04,1,1,4,Two year,DSL,Electronic cheque,True,True,True,0
C004280,10,15.2,153.18,1,0,2,One year,None,Credit card,True,False,False,0
C004281,16,19.16,291.09,3,1,3,Month-to-month,None,Credit card,True,True,False,1
C004282,14,34.36,469.33,0,0,5,Month-to-month,DSL,Electronic cheque,True,True,False,1
C004283,16,109.78,1765.86,4,0,0,Month-to-month,Fibre optic,Post,True,False,False,1
C004284,31,56.02,1684.61,1,0,0,Month-to-month,Fibre optic,Credit card,True,False,False,1
C004285,13,75.71,1004.87,1,0,4,One year,Fibre optic,Post,True,False,True,1
C004286,5,48.93,235.27,0,1,4,Two year,DSL,,True,False,False,0
C004287,9,50.98,456.61,2,0,5,Month-to-month,DSL,Electronic cheque,True,False,False,0
C004288,13,108.05,1462.27,1,1,0,Month-to-month,Fibre optic,Electronic cheque,False,False,False,1
C004289,17,53.83,891.25,1,1,2,Month-to-month,DSL,Credit card,True,False,False,0
C004290,8,75.84,606.94,0,3,2,Month-to-month,Fibre optic,Electronic cheque,False,True,False,0
C004291,9,62.39,546.07,1,0,4,Two year,DSL,Bank transfer,False,False,False,0
C004292,18,37.33,640.79,2,0,5,One year,None,Electronic cheque,False,False,False,0
C004293,18,49.45,906.5,2,0,2,Two year,Fibre optic,Credit card,False,False,False,0
C004294,28,83.38,2331.04,2,0,1,Two year,Fibre optic,Post,False,False,True,1
C004295,9,49.1,442.84,0,0,3,Month-to-month,Fibre optic,Credit card,False,True,True,0
C004296,22,73.83,1638.71,0,0,0,One year,DSL,Post,True,False,False,0
C004297,14,55.21,753.59,3,0,1,One year,DSL,Credit card,True,False,False,0
C004298,10,92.9,895.3,1,1,1,Month-to-month,Fibre optic,Credit card,True,False,False,1
C004299,14,70.99,999.35,1,1,4,Month-to-month,Fibre optic,Electronic cheque,True,False,False,1
C004300,15,26.48,414.83,0,1,2,One year,None,Post,True,False,False,0
C004301,5,100.58,507.7,3,0,1,Two year,Fibre optic,Electronic cheque,False,False,False,1
C004302,5,74.13,354.92,2,1,3,Month-to-month,Fibre optic,Bank transfer,False,False,False,1
C004303,24,64.24,1677.69,0,0,0,Two year,DSL,Credit card,True,False,False,0
C004304,11,60.16,637.23,4,1,2,Two year,DSL,Electronic cheque,True,True,True,1
C004305,17,44.5,714.93,0,1,5,Two year,DSL,Electronic cheque,False,False,False,0
C004306,23,15.0,363.21,1,0,5,Month-to-month,None,Electronic cheque,True,False,False,0
C004307,14,73.96,1010.18,2,1,0,Month-to-month,Fibre optic,Credit card,True,False,False,1
C004308,22,50.55,1095.58,0,2,5,One year,Fibre optic,Bank transfer,False,True,False,0
C004309,15,130.0,2017.85,2,0,4,Month-to-month,Fibre optic,Electronic cheque,False,False,False,0
C004310,16,79.57,1336.83,0,0,5,Month-to-month,DSL,Credit card,True,True,False,1
C004311,32,45.86,1459.52,1,1,0,One year,DSL,Electronic cheque,False,False,False,0
C004312,13,39.42,523.86,0,0,4,Month-to-month,DSL,Post,True,False,False,1
C004313,24,52.22,1321.4,0,0,2,Month-to-month,DSL,Credit card,False,False,True,0
C004314,4,92.21,355.77,1,1,4,Two year,Fibre optic,Credit card,True,False,False,0
C004315,17,18.83,322.89,0,0,1,Month-to-month,DSL,Bank transfer,True,False,True,0
C004316,38,67.19,2523.72,0,0,2,Two year,Fibre optic,Bank transfer,True,False,True,0
C004317,60,21.23,1227.6,1,0,0,Month-to-month,None,Credit card,True,False,False,1
C004318,4,23.59,96.99,1,0,4,Month-to-month,None,Bank transfer,True,False,True,0
C004319,11,52.85,602.22,1,0,5,Month-to-month,DSL,Credit card,True,True,True,1
C004320,6,102.15,624.67,1,0,1,Month-to-month,Fibre optic,Post,False,False,True,1
C004321,13,40.85,540.22,1,0,4,Month-to-month,DSL,Bank transfer,False,False,False,0
C004322,27,30.86,826.33,0,0,5,Two year,DSL,Electronic cheque,True,False,False,0
C004323,33,64.57,2151.3,4,1,4,Two year,Fibre optic,Credit card,True,False,False,0
C004324,34,75.7,,2,0,5,Month-to-month,Fibre optic,Credit card,True,False,False,1
C004325,4,88.96,380.87,0,1,1,Month-to-month,Fibre optic,Electronic cheque,True,False,True,1
C004326,15,24.56,350.56,0,0,4,One year,None,Credit card,True,True,False,1
C004327,9,58.78,519.36,2,1,5,Month-to-month,DSL,Bank transfer,True,False,True,0
C004328,13,19.01,245.71,2,0,4,Month-to-month,None,Post,False,True,True,1
C004329,10,67.42,683.89,0,1,4,Month-to-month,DSL,Bank transfer,False,False,True,0
C004330,4,29.64,123.85,1,2,5,Month-to-month,None,Electronic cheque,False,False,False,1
C004331,33,102.62,3490.33,0,0,5,Month-to-month,Fibre optic,Electronic cheque,True,False,False,1
C004332,8,45.89,363.9,1,2,4,Month-to-month,DSL,Bank transfer,False,False,False,0
C004333,9,90.26,828.04,1,0,1,One year,Fibre optic,Bank transfer,False,False,False,1
C004334,38,45.38,1718.52,1,0,3,Month-to-month,DSL,Post,False,False,False,1
C004335,3,64.08,,1,0,2,Month-to-month,Fibre optic,Bank transfer,True,True,True,1
C004336,20,77.97,1607.72,0,0,5,Month-to-month,DSL,Credit card,True,False,False,0
C004337,29,28.24,753.66,0,1,0,Month-to-month,None,Bank transfer,True,False,False,0
C004338,36,48.92,1746.88,0,1,2,Two year,DSL,Credit card,True,False,False,0
C004339,19,25.55,471.24,0,1,4,One year,None,Bank transfer,False,False,False,0
C004340,24,51.92,1213.13,1,0,5,Two year,DSL,Post,False,False,False,0
C004341,29,63.29,1801.71,2,0,2,Month-to-month,Fibre optic,Credit card,True,False,False,1
C004342,13,17.09,209.7,1,2,4,Month-to-month,None,Electronic cheque,True,False,False,0
C004343,7,74.35,540.49,0,1,1,Month-to-month,DSL,Credit card,True,False,False,1
C004344,40,63.36,2728.49,0,0,5,Month-to-month,DSL,Electronic cheque,True,False,False,0
C004345,22,87.07,1926.59,0,1,3,One year,Fibre optic,Electronic cheque,True,False,True,0
C004346,15,81.63,1283.86,1,0,1,Month-to-month,Fibre optic,Electronic cheque,True,True,False,1
C004347,4,15.0,58.82,0,0,0,Month-to-month,None,Post,True,False,False,1
C004348,1,63.86,66.41,0,0,2,Month-to-month,DSL,Credit card,False,False,False,0
C004349,20,22.02,434.3,0,3,1,Month-to-month,None,Electronic cheque,True,False,False,0
C004350,1,34.69,34.1,1,0,2,Month-to-month,None,Post,True,False,True,1
C004351,15,68.47,1032.11,0,1,5,One year,Fibre optic,Credit card,False,False,False,0
C004352,8,61.61,519.73,3,0,4,Two year,DSL,Bank transfer,True,False,False,0
C004353,10,48.81,505.07,1,1,3,Month-to-month,DSL,Credit card,True,False,True,1
C004354,34,15.98,567.31,1,1,3,Month-to-month,None,Credit card,False,False,False,0
C004355,8,91.53,700.93,0,1,4,Month-to-month,Fibre optic,Bank transfer,True,False,False,0
C004356,16,92.68,1434.12,1,0,1,Month-to-month,Fibre optic,Bank transfer,True,False,True,1
C004357,8,28.77,226.82,0,2,0,One year,None,Bank transfer,False,False,False,0
C004358,18,85.62,1609.82,1,0,2,Month-to-month,DSL,,False,False,False,0
C004359,17,45.9,796.66,2,2,3,Two year,Fibre optic,Post,True,False,True,0
C004360,15,72.84,1034.19,0,2,5,Two year,Fibre optic,Electronic cheque,True,False,False,0
C004361,29,19.12,,0,0,5,Month-to-month,None,Credit card,True,False,False,0
C004362,3,90.35,265.62,3,1,3,Two year,Fibre optic,Electronic cheque,True,False,False,1
C004363,3,70.82,211.61,1,1,2,One year,Fibre optic,Electronic cheque,True,False,False,1
C004364,5,49.09,262.19,1,0,4,Two year,DSL,Bank transfer,True,False,False,0
C004365,17,32.55,550.18,1,1,1,Month-to-month,None,Electronic cheque,True,False,False,1
C004366,21,122.16,2534.88,2,0,0,Two year,Fibre optic,Post,False,True,False,0
C004367,0,68.42,66.01,0,0,3,Month-to-month,Fibre optic,Bank transfer,True,False,False,1
C004368,21,15.0,322.94,0,1,2,Month-to-month,None,Post,False,False,False,0
C004369,11,80.19,878.84,0,0,1,Two year,DSL,Credit card,True,False,False,0
C004370,40,53.7,2092.78,2,0,5,Month-to-month,Fibre optic,Electronic cheque,True,True,False,0
C004371,19,19.0,368.06,0,0,5,Month-to-month,None,Bank transfer,False,False,False,0
C004372,37,30.5,1116.24,0,0,5,Month-to-month,Fibre optic,Credit card,True,False,False,0
C004373,33,30.68,1006.1,2,2,3,Month-to-month,None,,False,False,False,1
C004374,11,20.61,219.74,0,0,5,Month-to-month,None,Post,True,False,False,0
C004375,27,87.41,2223.53,1,0,0,Month-to-month,Fibre optic,Electronic cheque,True,False,False,1
C004376,11,49.24,554.77,1,1,5,Month-to-month,DSL,Post,False,False,True,0
C004377,44,27.77,1236.69,2,0,0,Two year,None,Electronic cheque,True,False,False,0
C004378,12,71.19,862.07,0,0,1,Month-to-month,Fibre optic,Post,False,False,False,0
C004379,21,66.84,1397.55,2,4,3,Two year,Fibre optic,Bank transfer,True,False,True,1
C004380,49,108.27,5214.83,1,1,2,One year,Fibre optic,Post,False,False,True,0
C004381,22,45.51,1004.04,0,1,0,One year,DSL,Electronic cheque,True,False,False,0
C004382,10,36.17,369.05,0,0,4,One year,DSL,Electronic cheque,True,False,False,0
C004383,5,130.0,657.49,1,1,2,Two year,Fibre optic,Electronic cheque,True,False,False,0
C004384,3,97.16,285.27,2,0,1,Month-to-month,Fibre optic,Electronic cheque,False,False,True,0
C004385,20,106.31,2187.54,2,1,0,One year,Fibre optic,Bank transfer,False,True,False,1
C004386,14,65.23,914.69,1,1,4,Two year,DSL,Credit card,True,False,False,0
C004387,5,74.97,375.21,4,0,3,One year,Fibre optic,Post,True,False,False,1
C004388,25,90.22,2218.04,1,0,3,Month-to-month,Fibre optic,,True,False,False,0
C004389,24,56.5,1337.19,0,2,4,One year,DSL,Bank transfer,False,False,False,0
C004390,14,108.22,1524.45,1,0,3,One year,Fibre optic,Electronic cheque,True,False,False,0
C004391,39,65.47,2451.03,1,2,0,Month-to-month,Fibre optic,Credit card,False,True,False,1
C004392,3,97.62,289.23,1,1,5,One year,Fibre optic,Post,False,False,False,1
C004393,11,105.37,1140.43,2,1,2,Two year,Fibre optic,Electronic cheque,True,True,True,1
C004394,22,29.71,649.56,0,0,4,Month-to-month,None,,True,False,False,0
C004395,6,70.51,426.56,0,0,1,Month-to-month,DSL,Electronic cheque,False,False,False,1
C004396,26,70.01,1743.99,0,1,0,Month-to-month,DSL,Electronic cheque,True,True,False,0
C004397,32,61.64,2072.2,0,0,2,One year,DSL,Electronic cheque,True,False,False,1
C004398,1,87.82,,0,0,0,Month-to-month,Fibre optic,Bank transfer,False,False,False,0
C004399,39,15.0,595.05,1,1,1,One year,None,Bank transfer,True,False,False,1
C004400,21,69.8,1507.16,0,0,5,Month-to-month,Fibre optic,Electronic cheque,True,False,False,0
C004401,10,24.07,253.92,0,0,2,Two year,None,Electronic cheque,True,False,False,0
C004402,4,96.12,386.36,1,0,1,One year,Fibre optic,Bank transfer,False,False,True,0
C004403,29,51.89,1464.06,0,0,0,Two year,DSL,Electronic cheque,False,False,False,1
C004404,5,66.74,321.11,0,1,1,Month-to-month,DSL,Credit card,False,True,False,1
C004405,21,106.08,2257.97,0,1,5,Month-to-month,Fibre optic,Electronic cheque,True,False,False,1
C004406,5,76.93,380.62,4,0,3,One year,Fibre optic,Electronic cheque,True,False,False,1
C004407,15,122.12,1921.82,1,1,2,Month-to-month,Fibre optic,Credit card,False,False,True,1
C004408,28,82.62,2263.75,4,0,4,Month-to-month,Fibre optic,Electronic cheque,False,False,False,1
C004409,10,87.44,848.05,1,0,5,Month-to-month,Fibre optic,Credit card,True,True,False,1
C004410,39,63.43,2394.83,0,0,3,Month-to-month,DSL,Electronic cheque,True,False,False,0
C004411,22,89.38,2104.77,2,0,1,One year,Fibre optic,Electronic cheque,False,False,False,1
C004412,6,130.0,817.56,2,1,4,Month-to-month,Fibre optic,Bank transfer,False,False,True,1
C004413,4,30.45,118.11,1,1,0,Month-to-month,None,Bank transfer,True,False,False,0
C004414,8,63.47,502.71,0,0,2,Month-to-month,DSL,Electronic cheque,False,False,False,0
C004415,14,15.0,207.55,0,0,1,Month-to-month,None,Electronic cheque,True,False,False,0
C004416,42,63.52,2527.7,1,0,5,Month-to-month,DSL,Electronic cheque,False,False,True,0
C004417,47,47.71,2234.72,1,1,4,Two year,DSL,Bank transfer,False,False,True,0
C004418,9,19.95,183.16,0,1,4,Two year,None,Electronic cheque,False,False,True,0
C004419,9,18.67,168.42,1,0,4,Two year,None,Credit card,True,True,True,0
C004420,25,16.01,397.21,0,1,2,Month-to-month,None,Post,True,False,False,0
C004421,25,53.93,1332.43,4,0,0,Month-to-month,DSL,Electronic cheque,True,True,True,0
C004422,35,88.88,3072.52,0,1,4,Month-to-month,DSL,Electronic cheque,True,False,False,1
C004423,36,64.34,2330.27,3,2,3,One year,Fibre optic,Credit card,True,False,False,1
C004424,7,17.98,131.3,1,0,0,One year,None,Credit card,False,False,True,0
C004425,3,117.87,349.74,1,2,5,One year,Fibre optic,Bank transfer,True,False,False,1
C004426,23,77.28,1736.98,0,1,5,Month-to-month,DSL,Electronic cheque,True,False,False,0
C004427,17,73.97,1223.39,4,0,5,One year,Fibre optic,Electronic cheque,False,True,False,1
C004428,2,60.6,128.05,0,0,1,Two year,DSL,Bank transfer,True,False,False,0
C004429,3,70.84,224.37,1,0,0,Month-to-month,DSL,Credit card,False,True,False,1
C004430,22,76.18,1674.0,0,0,0,Two year,Fibre optic,Electronic cheque,True,False,True,0
C004431,13,58.09,757.93,0,0,4,One year,DSL,Bank transfer,False,False,False,1
C004432,22,78.98,,1,0,2,Month-to-month,Fibre optic,Electronic cheque,True,False,False,0
C004433,6,62.41,361.98,1,0,4,Two year,Fibre optic,Credit card,True,False,True,0
C004434,23,101.22,2326.59,4,0,4,Two year,Fibre optic,Bank transfer,False,False,True,1
C004435,19,104.85,1904.54,1,0,4,One year,Fibre optic,Post,False,False,False,1
C004436,25,31.53,769.22,0,0,0,Month-to-month,None,Bank transfer,True,False,False,1
C004437,10,84.32,830.72,2,3,4,Month-to-month,Fibre optic,Bank transfer,True,False,True,1
C004438,8,29.18,240.95,1,0,1,One year,None,Electronic cheque,True,False,False,1
C004439,4,93.01,372.77,1,1,1,Month-to-month,Fibre optic,Bank transfer,False,False,False,1
C004440,11,120.48,1286.43,1,0,1,Month-to-month,Fibre optic,Bank transfer,True,False,False,1
C004441,31,21.5,688.39,0,1,3,Month-to-month,None,Electronic cheque,True,False,True,0
C004442,37,49.57,1827.2,1,1,0,Month-to-month,DSL,Bank transfer,False,False,False,0
C004443,5,52.66,255.45,2,0,0,One year,DSL,Post,True,False,False,1
C004444,14,16.89,240.88,1,0,0,Month-to-month,None,Electronic cheque,True,False,False,0
C004445,42,54.0,2279.21,3,0,5,Month-to-month,Fibre optic,Post,True,False,False,1
C004446,46,66.49,2854.03,2,0,2,Month-to-month,DSL,Electronic cheque,False,True,False,1
C004447,11,26.75,295.65,1,0,1,Month-to-month,None,Electronic cheque,True,False,False,0
C004448,33,42.97,1388.79,0,1,0,Month-to-month,DSL,Electronic cheque,False,True,False,0
C004449,29,83.87,2371.97,3,2,0,Month-to-month,Fibre optic,Electronic cheque,True,True,False,1
C004450,27,68.82,1840.37,0,0,5,Month-to-month,Fibre optic,Electronic cheque,True,False,False,0
C004451,3,89.54,253.87,1,1,1,Month-to-month,Fibre optic,Bank transfer,True,False,False,1
C004452,9,88.06,786.84,0,1,0,One year,Fibre optic,,False,False,False,1
C004453,13,39.24,514.24,1,0,5,Month-to-month,DSL,Electronic cheque,True,False,False,1
C004454,13,15.0,190.12,2,1,0,One year,None,,True,False,False,0
C004455,14,30.28,420.15,2,0,1,Month-to-month,None,Post,True,False,False,0
C004456,49,49.18,2412.8,0,0,1,One year,DSL,Bank transfer,True,True,False,0
C004457,11,57.73,643.93,2,0,4,One year,DSL,Electronic cheque,True,False,False,0
C004458,20,93.65,1907.54,0,1,3,Month-to-month,Fibre optic,Electronic cheque,True,False,False,1
C004459,19,60.92,1135.91,1,0,3,One year,DSL,Credit card,True,False,False,1
C004460,14,15.0,208.26,1,0,4,One year,None,Electronic cheque,False,False,False,0
C004461,5,21.81,104.01,1,0,3,Month-to-month,None,Post,True,False,False,0
C004462,16,74.65,1170.89,0,0,1,One year,DSL,Post,False,False,False,0
C004463,2,18.2,37.84,1,0,0,One year,None,Bank transfer,True,False,False,1
C004464,21,16.7,340.33,0,0,1,Month-to-month,None,Bank transfer,True,False,False,0
C004465,1,40.46,41.88,0,0,0,Two year,Fibre optic,Credit card,False,True,False,0
C004466,20,27.7,535.26,1,0,1,Month-to-month,None,Bank transfer,True,False,True,0
C004467,9,41.66,382.8,3,1,2,One year,DSL,Bank transfer,False,False,False,1
C004468,6,15.0,90.63,3,0,5,Two year,None,Credit card,False,False,False,0
C004469,25,75.7,1986.57,1,0,2,Two year,DSL,Bank transfer,True,True,False,0
C004470,10,94.25,873.6,0,0,2,One year,Fibre optic,Bank transfer,True,False,False,0
C004471,15,42.55,622.91,1,0,1,One year,Fibre optic,Post,True,False,False,0
C004472,3,32.04,100.92,1,1,4,Month-to-month,DSL,Electronic cheque,False,False,False,0
C004473,39,94.62,3701.08,1,0,5,Month-to-month,Fibre optic,Credit card,True,False,False,0
C004474,16,115.84,1883.71,1,0,5,Two year,Fibre optic,Bank transfer,False,False,False,0
C004475,16,77.63,1210.51,3,1,5,Month-to-month,Fibre optic,Electronic cheque,False,False,False,1
C004476,21,37.36,759.2,0,1,3,Two year,Fibre optic,Electronic cheque,True,False,False,0
C004477,1,47.13,48.83,0,0,3,Month-to-month,DSL,Credit card,True,False,False,0
C004478,41,49.46,2024.18,0,0,2,Month-to-month,DSL,Electronic cheque,False,False,False,0
C004479,11,68.71,829.36,1,0,3,Month-to-month,DSL,Credit card,True,False,True,1
C004480,40,28.45,1143.05,0,1,5,Month-to-month,None,Electronic cheque,True,False,False,0
C004481,11,93.07,1047.75,3,0,3,Month-to-month,Fibre optic,Credit card,False,True,False,1
C004482,9,79.16,734.99,2,0,0,Month-to-month,Fibre optic,Electronic cheque,False,False,False,0
C004483,20,70.11,1422.93,1,0,2,Two year,Fibre optic,Bank transfer,True,False,False,1
C004484,56,74.02,4246.15,0,0,1,One year,Fibre optic,Bank transfer,True,True,False,1
C004485,33,64.05,2197.29,1,1,4,One year,DSL,Credit card,False,False,True,0
C004486,22,80.25,1763.79,2,2,2,Month-to-month,DSL,Electronic cheque,True,False,False,0
C004487,20,99.19,1950.08,1,2,1,Month-to-month,Fibre optic,,True,False,False,0
C004488,16,43.75,720.66,3,1,1,One year,DSL,Bank transfer,True,False,True,0
C004489,38,15.0,597.82,1,0,4,Month-to-month,None,Electronic cheque,True,False,False,0
C004490,26,69.64,1771.87,0,0,4,Month-to-month,DSL,Credit card,True,False,True,0
C004491,4,88.04,370.06,3,1,1,Two year,Fibre optic,Bank transfer,True,False,False,1
C004492,6,77.71,450.12,0,2,1,Month-to-month,Fibre optic,Bank transfer,False,False,False,1
C004493,23,110.56,2547.15,0,1,5,Two year,Fibre optic,Electronic cheque,True,False,False,0
C004494,5,32.36,154.39,0,0,5,Month-to-month,None,Electronic cheque,True,True,True,1
C004495,16,78.41,1184.84,1,1,0,Month-to-month,Fibre optic,Post,False,False,False,0
C004496,27,36.37,975.28,0,1,4,Month-to-month,DSL,Credit card,True,False,False,0
C004497,20,98.89,2007.4,0,1,4,Two year,Fibre optic,Electronic cheque,False,True,False,0
C004498,4,57.49,229.2,0,1,4,One year,DSL,Bank transfer,False,False,False,0
C004499,7,53.66,396.71,0,0,3,One year,DSL,Electronic cheque,True,False,False,0
C004500,21,66.17,1338.94,0,1,3,Month-to-month,Fibre optic,Bank transfer,False,False,False,0
C004501,52,37.78,1964.37,1,1,4,Two year,DSL,Electronic cheque,True,False,False,0
C004502,14,64.03,876.86,0,0,5,One year,DSL,Credit card,True,True,False,0
C004503,28,49.99,1381.68,1,0,2,One year,Fibre optic,Credit card,False,False,True,0
C004504,21,70.23,1446.32,2,0,5,One year,Fibre optic,Electronic cheque,False,False,False,0
C004505,9,15.0,133.31,5,1,0,One year,None,Electronic cheque,True,False,True,0
C004506,28,66.99,1867.35,0,2,1,One year,DSL,Bank transfer,False,False,False,0
C004507,3,72.24,208.46,2,0,5,Month-to-month,Fibre optic,,True,True,False,1
C004508,27,82.76,2303.62,0,0,0,Two year,Fibre optic,Electronic cheque,False,False,False,0
C004509,21,21.87,476.02,0,0,0,Month-to-month,None,Electronic cheque,True,False,False,0
C004510,9,46.49,420.01,1,0,5,Two year,DSL,Post,True,False,False,0
C004511,6,71.91,428.98,1,0,3,Month-to-month,Fibre optic,Bank transfer,True,False,False,1
C004512,10,91.03,902.76,2,0,0,Month-to-month,Fibre optic,Electronic cheque,False,False,False,1
C004513,8,39.43,324.46,1,0,0,Month-to-month,DSL,Credit card,True,False,False,0
C004514,12,64.72,753.03,0,1,3,One year,DSL,Credit card,True,False,False,0
C004515,11,81.35,909.58,1,0,0,Month-to-month,Fibre optic,Electronic cheque,True,False,False,1
C004516,9,47.9,426.27,0,1,4,Two year,DSL,Electronic cheque,True,False,False,0
C004517,3,70.25,207.89,0,1,0,One year,DSL,Post,True,False,True,0
C004518,5,82.65,411.61,1,0,0,Month-to-month,Fibre optic,Credit card,True,True,True,1
C004519,31,44.32,1380.2,1,0,0,Month-to-month,DSL,Bank transfer,True,False,True,0
C004520,9,47.81,411.72,3,0,1,One year,DSL,Electronic cheque,False,False,True,0
C004521,12,99.2,1156.23,0,1,5,Two year,Fibre optic,Electronic cheque,True,False,False,1
C004522,10,15.0,147.16,0,0,4,Month-to-month,None,Electronic cheque,False,False,True,0
C004523,39,115.04,4522.84,4,0,1,Two year,Fibre optic,Credit card,False,False,False,0
C004524,8,85.52,646.46,0,0,4,Month-to-month,DSL,Electronic cheque,True,True,False,1
C004525,7,50.04,359.93,0,0,5,One year,DSL,Electronic cheque,True,False,False,0
C004526,22,22.91,527.24,0,0,1,One year,None,Electronic cheque,False,False,False,1
C004527,17,84.76,1405.6,2,0,2,Month-to-month,Fibre optic,Electronic cheque,False,False,False,0
C004528,22,61.32,1349.28,0,0,1,Month-to-month,Fibre optic,Post,True,False,False,0
C004529,21,73.2,1582.85,0,1,2,One year,DSL,Credit card,True,False,False,0
C004530,29,51.46,1488.28,0,0,5,Month-to-month,DSL,Electronic cheque,False,False,True,1
C004531,4,59.4,235.46,1,0,2,Month-to-month,DSL,Electronic cheque,False,False,True,1
C004532,20,39.59,813.01,0,1,0,Month-to-month,None,,False,False,False,0
C004533,7,25.09,182.17,1,0,0,One year,None,Post,True,False,False,0
C004534,2,89.36,175.69,1,0,2,Month-to-month,DSL,Electronic cheque,True,True,False,1
C004535,21,66.78,1376.8,2,1,3,Month-to-month,Fibre optic,Credit card,True,False,False,0
C004536,20,31.47,638.13,1,1,2,Two year,None,Post,True,False,False,0
C004537,15,17.14,252.2,0,0,3,One year,None,Credit card,True,False,True,0
C004538,29,72.36,2034.14,1,0,3,Month-to-month,Fibre optic,Credit card,True,False,False,0
C004539,7,53.03,364.55,0,0,3,Month-to-month,DSL,Bank transfer,False,True,False,0
C004540,24,32.26,750.65,0,0,2,Month-to-month,None,Bank transfer,True,False,True,1
C004541,13,74.05,925.11,2,1,3,Month-to-month,DSL,Bank transfer,True,False,False,0
C004542,14,38.39,563.29,0,0,1,Month-to-month,DSL,Post,True,False,True,0
C004543,2,56.9,109.33,0,0,1,Month-to-month,DSL,Post,True,False,True,0
C004544,29,121.73,3535.15,1,1,4,Month-to-month,Fibre optic,Electronic cheque,True,True,True,1
C004545,20,48.15,908.85,0,0,5,One year,DSL,Credit card,True,False,False,0
C004546,23,47.08,1134.03,1,0,3,Month-to-month,Fibre optic,Electronic cheque,True,False,False,0
C004547,6,15.0,90.15,1,0,0,Month-to-month,None,Electronic cheque,True,False,False,0
C004548,18,72.26,1359.38,1,0,3,Two year,Fibre optic,Post,True,False,False,0
C004549,13,21.6,274.05,1,0,1,Month-to-month,None,Bank transfer,True,False,False,0
C004550,20,15.0,321.53,0,0,5,One year,None,Bank transfer,True,False,False,0
C004551,17,94.9,1556.51,2,0,1,Month-to-month,Fibre optic,Credit card,True,False,True,1
C004552,44,83.21,3722.36,3,0,4,One year,Fibre optic,Post,False,True,False,0
C004553,35,20.04,649.55,1,0,5,Month-to-month,None,Electronic cheque,True,False,False,0
C004554,12,105.66,1250.39,2,1,2,Month-to-month,Fibre optic,Credit card,False,False,False,1
C004555,21,61.38,1286.28,1,0,2,Two year,DSL,Bank transfer,True,False,True,0
C004556,11,15.0,165.0,1,0,4,Month-to-month,None,Electronic cheque,True,False,False,0
C004557,28,70.15,1935.53,1,0,5,Month-to-month,Fibre optic,Electronic cheque,False,False,True,0
C004558,13,26.64,350.54,0,0,5,Month-to-month,None,Bank transfer,True,False,False,0
C004559,10,76.37,751.67,0,0,5,Month-to-month,Fibre optic,Post,True,False,True,0
C004560,18,49.45,928.72,1,0,1,Month-to-month,DSL,Electronic cheque,True,False,False,0
C004561,34,102.54,3536.1,3,0,0,Month-to-month,Fibre optic,Electronic cheque,True,False,False,1
C004562,30,83.41,2402.07,0,0,2,Month-to-month,Fibre optic,Bank transfer,False,False,False,0
C004563,10,81.17,821.48,1,1,4,One year,Fibre optic,Electronic cheque,False,True,False,0
C004564,42,24.6,1031.41,4,1,4,Two year,None,Electronic cheque,False,False,True,0
C004565,7,66.06,430.23,0,0,3,Month-to-month,Fibre optic,Post,True,True,False,1
C004566,9,56.56,532.26,1,0,4,Two year,DSL,Credit card,True,False,False,0
C004567,28,106.78,2898.65,2,0,4,Month-to-month,Fibre optic,Electronic cheque,True,False,False,1
C004568,2,44.45,89.2,0,1,1,Month-to-month,DSL,Electronic cheque,False,True,False,1
C004569,15,114.16,1732.06,2,1,4,One year,Fibre optic,Bank transfer,True,False,True,1
C004570,12,51.26,615.43,0,0,2,One year,DSL,Electronic cheque,True,False,True,0
C004571,43,65.82,2896.71,0,1,2,Month-to-month,DSL,Electronic cheque,True,False,True,0
C004572,6,15.53,95.61,1,1,2,Two year,None,Bank transfer,False,False,False,0
C004573,6,53.38,322.1,1,0,4,Two year,DSL,Electronic cheque,False,False,False,0
C004574,47,83.72,3821.97,4,1,1,Month-to-month,Fibre optic,Electronic cheque,False,False,False,1
C004575,12,78.77,948.1,2,1,4,One year,Fibre optic,Credit card,False,False,True,1
C004576,33,80.48,2749.39,0,0,1,One year,DSL,Bank transfer,False,False,False,0
C004577,10,19.04,189.65,0,1,4,Two year,None,Post,True,False,True,0
C004578,9,63.91,549.92,0,2,3,One year,DSL,Post,True,False,False,0
C004579,34,115.49,4061.1,1,1,0,Month-to-month,Fibre optic,Post,True,False,True,1
C004580,55,60.93,3304.5,1,0,4,One year,Fibre optic,Electronic cheque,True,False,False,0
C004581,36,76.74,2835.5,1,2,1,Month-to-month,Fibre optic,Bank transfer,False,False,True,0
C004582,10,48.72,479.15,2,1,5,One year,DSL,Electronic cheque,True,False,False,0
C004583,15,15.0,228.45,0,0,2,One year,None,Post,True,True,False,0
C004584,7,25.66,178.19,1,0,0,One year,None,Post,False,False,False,1
C004585,8,61.19,480.37,4,0,0,Month-to-month,Fibre optic,Electronic cheque,True,True,True,1
C004586,7,90.78,644.77,2,0,1,Month-to-month,Fibre optic,Credit card,True,True,False,1
C004587,11,79.87,857.65,2,0,3,One year,Fibre optic,Credit card,False,False,False,0
C004588,16,125.9,1909.13,4,1,4,Month-to-month,Fibre optic,Electronic cheque,False,False,False,1
C004589,15,99.57,1525.79,0,0,4,Month-to-month,Fibre optic,Post,False,False,False,0
C004590,25,65.03,1597.39,0,0,3,Month-to-month,DSL,Post,True,False,False,0
C004591,17,90.15,1545.56,0,0,4,Two year,Fibre optic,Credit card,False,False,False,1
C004592,23,71.06,1646.33,2,0,5,Month-to-month,DSL,Credit card,True,False,False,0
C004593,26,72.63,1926.85,0,1,0,One year,DSL,Post,True,False,False,0
C004594,10,69.59,714.66,2,1,5,Month-to-month,Fibre optic,Credit card,True,False,True,0
C004595,13,67.56,891.08,0,0,5,Two year,DSL,Credit card,True,False,False,0
C004596,72,61.15,4484.53,1,0,0,Month-to-month,Fibre optic,Bank transfer,False,False,False,0
C004597,9,88.69,819.99,2,0,1,Month-to-month,Fibre optic,Bank transfer,False,False,False,1
C004598,24,73.07,1725.19,0,0,0,Month-to-month,DSL,Credit card,True,False,False,0
C004599,5,79.63,390.75,1,1,4,Month-to-month,DSL,Bank transfer,False,False,False,0
C004600,26,64.07,1695.59,1,0,3,Two year,DSL,Post,True,False,False,0
C004601,8,54.18,411.26,0,0,1,One year,Fibre optic,Electronic cheque,True,False,True,1
C004602,15,82.83,1195.14,1,1,2,One year,DSL,Post,True,False,True,0
C004603,4,59.08,224.47,1,0,0,One year,Fibre optic,Credit card,True,False,True,0
C004604,14,79.97,1156.75,1,0,1,Two year,Fibre optic,Post,True,False,False,0
C004605,15,59.04,914.4,0,1,0,Two year,Fibre optic,Credit card,False,False,False,0
C004606,13,49.26,656.2,0,1,1,One year,DSL,Credit card,False,False,False,0
C004607,21,95.96,2017.86,3,1,0,Month-to-month,DSL,Electronic cheque,False,False,False,1
C004608,32,69.04,2179.25,2,0,3,Month-to-month,DSL,Electronic cheque,True,False,False,1
C004609,6,58.65,349.48,1,1,1,One year,DSL,Credit card,True,False,False,0
C004610,13,15.0,197.22,2,2,1,One year,None,Bank transfer,False,False,False,0
C004611,2,61.53,125.62,0,2,0,One year,DSL,Bank transfer,False,False,False,0
C004612,17,41.4,680.28,0,0,0,Month-to-month,DSL,Credit card,False,False,False,0
C004613,6,24.48,150.03,2,0,4,One year,None,Bank transfer,True,False,False,0
C004614,15,15.0,232.28,0,0,5,Month-to-month,None,Electronic cheque,True,False,False,0
C004615,17,84.34,1468.83,0,0,2,Month-to-month,Fibre optic,Credit card,False,False,False,1
C004616,3,67.39,193.14,1,0,4,Two year,Fibre optic,Electronic cheque,False,False,False,1
C004617,19,34.32,666.57,1,0,4,One year,DSL,Electronic cheque,False,False,False,0
C004618,31,17.06,527.61,0,1,5,Month-to-month,None,Bank transfer,False,True,False,0
C004619,23,59.67,1436.65,1,0,0,Month-to-month,Fibre optic,Credit card,True,False,False,1
C004620,6,65.18,389.58,1,1,1,One year,Fibre optic,Electronic cheque,True,False,False,1
C004621,14,77.32,1118.27,4,0,1,Month-to-month,DSL,Electronic cheque,False,False,False,1
C004622,15,90.01,1409.45,3,0,0,Month-to-month,Fibre optic,Credit card,False,False,True,1
C004623,13,111.67,1487.06,2,0,4,One year,Fibre optic,Credit card,True,False,False,0
C004624,4,54.52,214.49,1,1,4,One year,DSL,Electronic cheque,True,True,True,0
C004625,7,70.57,501.14,0,2,0,Month-to-month,Fibre optic,Electronic cheque,True,False,True,1
C004626,12,39.68,464.65,0,1,2,Month-to-month,DSL,Electronic cheque,True,False,True,1
C004627,17,102.42,1711.87,2,0,3,One year,Fibre optic,Electronic cheque,True,True,False,0
C004628,9,47.39,441.39,1,1,5,Month-to-month,DSL,Credit card,False,False,False,0
C004629,2,27.53,55.14,2,2,3,Month-to-month,None,Electronic cheque,True,False,False,1
C004630,10,70.73,704.35,0,0,4,Month-to-month,Fibre optic,Post,True,False,False,1
C004631,44,105.28,4861.92,1,0,4,Month-to-month,Fibre optic,Bank transfer,True,False,False,0
C004632,20,81.81,1705.07,0,0,1,Two year,Fibre optic,Post,True,False,False,0
C004633,17,82.0,1348.99,1,0,5,Month-to-month,Fibre optic,Credit card,True,False,False,1
C004634,7,36.15,253.89,2,1,5,Two year,DSL,Bank transfer,True,False,False,0
C004635,10,77.67,767.58,1,2,1,Month-to-month,Fibre optic,Electronic cheque,False,False,True,0
C004636,2,44.56,88.48,0,1,0,One year,DSL,Credit card,True,False,False,1
C004637,7,29.31,,0,1,4,Month-to-month,DSL,Post,False,False,True,1
C004638,19,15.0,290.83,0,0,0,One year,None,Credit card,True,False,False,0
C004639,17,74.41,1204.89,1,1,4,Two year,DSL,Electronic cheque,False,False,False,1
C004640,9,30.05,279.6,0,0,2,Month-to-month,None,Bank transfer,False,False,False,0
C004641,13,15.0,192.34,1,0,1,Month-to-month,None,Credit card,False,True,True,1
C004642,15,109.13,1658.56,1,0,5,Two year,Fibre optic,Electronic cheque,False,False,False,1
C004643,9,59.62,547.7,1,0,2,Two year,DSL,Bank transfer,True,False,True,0
C004644,20,75.33,1540.76,0,0,3,Two year,Fibre optic,Electronic cheque,True,False,True,0
C004645,17,24.75,413.65,0,1,2,Month-to-month,None,Post,True,False,True,0
C004646,10,91.22,924.37,1,0,3,Month-to-month,Fibre optic,Credit card,True,False,False,1
C004647,5,51.7,265.18,0,0,4,Month-to-month,DSL,Electronic cheque,True,False,False,0
C004648,10,72.66,723.82,1,0,2,One year,DSL,Electronic cheque,True,True,False,0
C004649,9,74.86,664.6,0,1,0,Month-to-month,Fibre optic,Post,True,True,False,1
C004650,9,56.8,495.85,1,0,0,Month-to-month,DSL,Bank transfer,True,True,False,0
C004651,3,73.36,232.02,0,0,3,One year,DSL,Electronic cheque,False,False,True,0
C004652,37,104.24,3718.74,1,0,2,Month-to-month,Fibre optic,Electronic cheque,False,False,True,1
C004653,35,69.35,2360.06,1,0,0,One year,Fibre optic,Electronic cheque,False,False,False,1
C004654,13,90.04,1178.89,2,1,4,Month-to-month,DSL,Electronic cheque,True,True,False,1
C004655,17,35.68,588.58,0,0,2,Two year,None,Electronic cheque,False,False,True,0
C004656,20,59.98,1264.55,2,1,3,Month-to-month,DSL,Electronic cheque,True,False,False,0
C004657,13,44.41,556.38,2,2,5,One year,DSL,Bank transfer,True,False,False,0
C004658,18,29.51,534.24,0,0,3,Month-to-month,DSL,Electronic cheque,True,False,False,0
C004659,22,67.92,1535.86,2,0,0,Month-to-month,DSL,Electronic cheque,True,False,True,1
C004660,16,63.63,981.53,1,0,2,Month-to-month,Fibre optic,Bank transfer,True,False,True,0
C004661,25,63.54,1550.53,1,0,2,Two year,DSL,Credit card,False,False,True,0
C004662,8,31.53,253.18,2,0,4,Month-to-month,None,Bank transfer,False,False,True,0
C004663,14,29.56,405.76,1,0,1,Month-to-month,None,Credit card,True,False,True,1
C004664,72,51.18,3731.96,0,0,2,One year,DSL,Electronic cheque,True,True,True,0
C004665,29,109.05,3141.91,4,1,2,Month-to-month,Fibre optic,Electronic cheque,True,False,True,1
C004666,17,89.49,1526.45,1,0,4,Month-to-month,Fibre optic,Electronic cheque,True,False,False,1
C004667,6,37.75,231.16,0,0,1,Month-to-month,None,Bank transfer,False,False,False,0
C004668,15,66.07,965.18,1,1,3,Month-to-month,DSL,Electronic cheque,True,False,False,1
C004669,28,79.76,2233.84,0,0,1,Month-to-month,Fibre optic,Electronic cheque,True,False,False,0
C004670,24,63.8,1520.83,1,1,5,Month-to-month,DSL,Bank transfer,True,False,False,0
C004671,2,47.88,93.16,0,1,5,Month-to-month,DSL,Electronic cheque,False,False,False,0
C004672,3,17.66,54.27,2,0,0,Month-to-month,None,Electronic cheque,True,True,False,1
C004673,3,55.29,157.64,0,1,4,One year,DSL,Electronic cheque,False,False,True,0
C004674,20,98.6,1891.82,1,1,4,One year,Fibre optic,Electronic cheque,True,True,False,0
C004675,3,69.41,212.5,1,1,5,Month-to-month,DSL,Bank transfer,True,False,True,1
C004676,6,24.98,143.55,0,0,0,Month-to-month,None,Credit card,True,False,False,0
C004677,13,92.0,1257.51,0,1,1,One year,Fibre optic,,False,False,True,0
C004678,31,66.59,1973.5,1,2,5,Month-to-month,DSL,Electronic cheque,True,False,False,0
C004679,21,93.83,2060.24,0,2,3,Two year,Fibre optic,Electronic cheque,True,False,True,0
C004680,12,64.6,796.41,3,0,5,Month-to-month,DSL,Credit card,True,False,False,1
C004681,25,48.59,1156.6,2,0,3,Month-to-month,DSL,,True,True,False,0
C004682,53,104.93,5567.19,1,0,2,Month-to-month,Fibre optic,Credit card,True,False,False,1
C004683,15,20.78,298.45,2,0,2,One year,None,,True,False,True,0
C004684,4,103.29,402.94,1,0,4,Month-to-month,Fibre optic,Credit card,True,False,False,0
C004685,6,70.89,419.34,1,0,5,Month-to-month,DSL,Electronic cheque,True,False,True,1
C004686,6,70.99,,1,0,0,Month-to-month,DSL,Electronic cheque,True,False,True,0
C004687,8,87.85,687.67,1,0,1,One year,Fibre optic,Post,True,False,False,1
C004688,11,43.01,469.64,0,1,3,Month-to-month,DSL,Credit card,True,False,False,0
C004689,18,85.29,1524.24,1,2,2,One year,Fibre optic,Electronic cheque,False,False,False,1
C004690,4,90.06,344.89,1,0,5,Month-to-month,Fibre optic,Credit card,True,False,True,1
C004691,5,18.44,90.84,1,1,0,Month-to-month,None,Credit card,True,False,True,1
C004692,22,118.82,2627.91,0,0,0,Month-to-month,Fibre optic,Post,True,False,False,0
C004693,9,15.0,137.92,1,0,1,Two year,None,Credit card,True,False,True,0
C004694,7,61.3,461.32,4,1,2,Month-to-month,Fibre optic,Bank transfer,True,False,False,1
C004695,12,74.85,928.09,2,1,4,Month-to-month,Fibre optic,Electronic cheque,True,False,False,1
C004696,35,77.71,2644.07,2,0,1,Two year,DSL,Electronic cheque,True,False,False,0
C004697,24,107.68,2542.41,3,2,3,Month-to-month,Fibre optic,Bank transfer,False,False,True,1
C004698,23,53.71,1248.94,2,0,2,Month-to-month,DSL,Electronic cheque,True,True,True,0
C004699,43,46.37,2069.72,0,0,1,Month-to-month,DSL,Post,True,True,True,0
C004700,18,88.16,1669.77,1,2,4,One year,Fibre optic,Electronic cheque,False,True,False,1
C004701,46,70.27,3064.54,2,1,1,Month-to-month,DSL,Post,False,True,False,1
C004702,48,34.63,1711.55,0,0,2,Two year,None,Bank transfer,True,False,False,0
C004703,4,15.0,57.68,2,1,5,One year,None,Electronic cheque,True,False,False,0
C004704,3,76.98,228.98,1,0,2,Month-to-month,Fibre optic,Post,False,False,False,0
C004705,6,71.57,441.97,0,0,1,Month-to-month,Fibre optic,Credit card,True,False,False,0
C004706,32,77.71,2424.47,0,2,2,One year,DSL,Post,False,False,False,0
C004707,12,45.27,535.41,2,0,1,Two year,DSL,Electronic cheque,True,True,True,0
C004708,11,58.66,682.43,3,1,1,Two year,DSL,Credit card,True,True,False,0
C004709,26,69.0,1880.81,1,0,1,Month-to-month,Fibre optic,Post,True,False,False,1
C004710,9,25.93,236.58,0,1,4,One year,None,Credit card,True,False,False,0
C004711,17,56.22,902.63,1,1,1,One year,DSL,Bank transfer,True,False,False,0
C004712,22,39.09,817.54,0,1,0,Two year,DSL,Credit card,True,False,False,1
C004713,6,66.72,401.86,1,0,3,Month-to-month,DSL,Electronic cheque,False,False,False,1
C004714,5,99.49,504.4,5,0,4,One year,Fibre optic,Electronic cheque,True,False,False,1
C004715,15,36.24,547.83,1,1,0,One year,DSL,Electronic cheque,False,False,False,1
C004716,16,107.76,1670.62,1,0,1,Two year,Fibre optic,Bank transfer,False,False,False,0
C004717,25,60.92,1520.28,1,2,4,One year,DSL,Electronic cheque,False,False,False,1
C004718,6,35.88,221.94,1,1,3,Two year,DSL,Electronic cheque,False,False,False,0
C004719,8,112.71,897.26,2,0,1,Month-to-month,Fibre optic,Bank transfer,True,False,True,0
C004720,48,23.52,1098.01,0,0,5,Month-to-month,None,Credit card,True,False,True,0
C004721,29,56.99,1656.84,1,0,0,Month-to-month,DSL,Credit card,True,True,True,0
C004722,13,45.2,595.98,0,2,2,Two year,DSL,Electronic cheque,False,False,False,0
C004723,32,53.5,1693.44,0,0,4,Month-to-month,DSL,Credit card,True,False,True,1
C004724,6,110.74,670.53,2,0,1,One year,Fibre optic,Electronic cheque,True,False,False,1
C004725,12,113.03,1348.95,0,0,4,Two year,Fibre optic,Post,True,False,False,1
C004726,16,86.94,1330.7,2,0,0,Two year,Fibre optic,Credit card,True,False,False,0
C004727,11,71.73,781.22,1,2,5,One year,Fibre optic,Post,True,True,False,1
C004728,11,20.36,230.72,1,3,3,One year,None,Credit card,True,False,False,0
C004729,24,33.16,786.48,1,0,5,Month-to-month,DSL,Credit card,True,False,True,0
C004730,29,30.66,943.07,1,0,3,Month-to-month,DSL,Bank transfer,True,False,False,0
C004731,10,66.78,630.31,4,1,0,Month-to-month,Fibre optic,Electronic cheque,True,False,False,1
C004732,4,92.86,376.15,0,0,5,One year,Fibre optic,Electronic cheque,True,False,False,0
C004733,3,61.8,188.7,2,1,1,Month-to-month,DSL,Bank transfer,False,False,False,0
C004734,2,18.44,35.65,2,0,5,Month-to-month,None,Post,False,False,True,1
C004735,43,87.69,3764.87,4,0,5,One year,Fibre optic,Credit card,True,False,False,0
C004736,24,30.83,690.74,1,0,3,Month-to-month,None,Electronic cheque,False,False,False,0
C004737,20,23.58,472.35,0,0,0,Two year,None,Post,True,False,False,0
C004738,9,97.93,869.61,3,0,0,Month-to-month,Fibre optic,Electronic cheque,True,False,False,1
C004739,9,17.15,155.99,0,0,5,Two year,None,Post,False,False,False,0
C004740,30,75.68,2309.68,2,0,3,Month-to-month,Fibre optic,Electronic cheque,True,False,False,1
C004741,3,90.03,268.44,1,1,1,One year,Fibre optic,Credit card,True,False,False,0
C004742,10,88.87,857.8,1,0,0,One year,Fibre optic,Credit card,False,False,True,0
C004743,33,28.75,910.02,3,1,1,Month-to-month,None,Electronic cheque,False,False,False,0
C004744,10,62.23,601.08,0,0,0,Month-to-month,Fibre optic,Post,True,False,False,1
C004745,23,63.7,,0,0,5,Two year,Fibre optic,Post,True,False,False,0
C004746,13,36.53,478.88,1,1,5,Month-to-month,DSL,Bank transfer,False,False,True,0
C004747,1,18.44,17.19,2,0,1,One year,None,Electronic cheque,False,False,True,0
C004748,13,78.98,1082.73,0,0,1,Month-to-month,Fibre optic,Post,False,False,False,0
C004749,15,73.34,1109.87,0,0,1,One year,Fibre optic,Credit card,False,False,True,1
C004750,12,79.64,941.42,2,1,4,Month-to-month,Fibre optic,Electronic cheque,False,False,False,1
C004751,5,105.38,514.97,0,1,2,One year,Fibre optic,Electronic cheque,True,False,False,1
C004752,12,64.14,759.46,2,0,1,One year,DSL,Electronic cheque,True,False,True,0
C004753,2,100.66,208.49,1,1,1,Month-to-month,Fibre optic,Bank transfer,False,False,False,1
C004754,10,53.25,545.28,0,0,0,Month-to-month,DSL,Bank transfer,True,False,False,1
C004755,24,66.59,1593.06,1,0,1,Two year,DSL,Electronic cheque,True,False,False,0
C004756,41,59.51,2513.59,0,0,2,One year,DSL,Post,True,True,True,0
C004757,36,80.07,2949.67,2,0,0,Two year,Fibre optic,Bank transfer,False,False,False,0
C004758,6,44.25,263.92,2,0,1,One year,DSL,Electronic cheque,True,False,True,0
C004759,3,57.56,178.35,1,0,1,One year,DSL,Bank transfer,True,False,False,0
C004760,16,15.0,249.21,1,1,4,One year,None,Electronic cheque,True,False,False,0
C004761,14,91.86,1331.19,0,0,5,Two year,Fibre optic,Electronic cheque,True,True,False,0
C004762,22,23.94,535.45,1,0,5,Month-to-month,None,Electronic cheque,True,False,False,0
C004763,8,100.98,820.41,1,3,4,Month-to-month,Fibre optic,Electronic cheque,False,False,False,1
C004764,15,45.84,669.64,1,0,3,Two year,DSL,Post,False,False,True,0
C004765,14,113.83,1500.78,1,0,2,Two year,Fibre optic,Electronic cheque,True,True,True,0
C004766,10,124.28,1252.68,1,1,1,Month-to-month,Fibre optic,Electronic cheque,True,False,False,1
C004767,3,31.55,93.98,0,0,2,Month-to-month,None,Electronic cheque,True,False,True,0
C004768,24,30.72,728.65,0,0,4,One year,DSL,Bank transfer,False,False,False,0
C004769,16,25.01,383.43,1,1,3,One year,None,Credit card,True,True,False,0
C004770,25,63.51,1623.08,1,0,1,Month-to-month,Fibre optic,Electronic cheque,True,False,True,0
C004771,30,17.62,525.67,1,0,2,One year,None,Electronic cheque,True,False,False,0
C004772,13,67.54,850.77,0,1,2,Month-to-month,DSL,Bank transfer,True,False,False,0
C004773,24,95.83,2252.77,1,0,5,Month-to-month,Fibre optic,Credit card,False,False,True,1
C004774,42,53.7,2181.89,1,0,2,One year,DSL,Credit card,True,False,False,0
C004775,51,25.52,1289.02,1,1,4,Month-to-month,None,Post,True,False,False,0
C004776,18,54.11,973.53,0,0,5,One year,DSL,Credit card,True,False,False,0
C004777,19,69.34,1336.33,0,0,1,Month-to-month,Fibre optic,Bank transfer,False,False,False,0
C004778,18,71.93,1223.65,2,2,0,Two year,Fibre optic,Post,True,False,True,0
C004779,21,120.4,2538.64,3,0,5,Month-to-month,Fibre optic,Credit card,True,False,False,1
C004780,29,123.67,3419.41,1,1,0,Two year,Fibre optic,Post,True,False,False,0
C004781,17,87.64,1470.71,0,0,1,One year,Fibre optic,Bank transfer,False,False,True,0
C004782,49,49.71,2466.02,0,1,1,Month-to-month,DSL,Post,False,False,False,0
C004783,44,101.24,,2,1,0,Two year,Fibre optic,Post,False,False,False,0
C004784,15,74.89,1053.8,0,0,3,Month-to-month,Fibre optic,Credit card,True,False,False,1
C004785,15,44.85,663.12,2,0,1,Month-to-month,Fibre optic,Bank transfer,False,False,False,0
C004786,10,39.46,413.07,2,0,0,Two year,DSL,Credit card,True,False,True,0
C004787,22,83.68,1897.65,4,0,0,Two year,Fibre optic,Credit card,True,False,False,1
C004788,11,15.0,177.08,1,0,3,One year,None,Electronic cheque,False,False,False,0
C004789,9,19.07,171.96,0,2,4,Two year,None,Bank transfer,False,False,False,0
C004790,22,24.42,525.51,0,1,5,Month-to-month,None,Bank transfer,True,True,False,1
C004791,5,101.38,500.72,3,0,2,Month-to-month,Fibre optic,Electronic cheque,True,False,True,1
C004792,29,51.85,1510.78,2,0,3,Month-to-month,DSL,Electronic cheque,True,False,False,1
C004793,22,88.35,1925.93,1,1,2,Month-to-month,Fibre optic,Bank transfer,False,False,False,1
C004794,43,68.71,3016.65,0,2,2,One year,DSL,Credit card,False,True,False,0
C004795,18,84.34,1542.66,0,0,3,Month-to-month,Fibre optic,Electronic cheque,False,True,False,0
C004796,25,71.1,1700.62,0,0,4,One year,DSL,Credit card,True,False,True,0
C004797,27,28.35,785.36,2,0,3,Month-to-month,None,Electronic cheque,True,False,False,1
C004798,35,39.99,1406.51,1,0,4,Month-to-month,DSL,Electronic cheque,True,True,True,0
C004799,17,53.53,953.15,0,1,3,One year,DSL,Electronic cheque,False,False,True,0
C004800,10,19.56,201.53,0,1,3,Month-to-month,None,Electronic cheque,False,False,False,0
C004801,18,58.55,1089.05,1,0,4,One year,DSL,Bank transfer,True,False,False,0
C004802,29,63.31,1831.66,0,0,2,One year,DSL,Bank transfer,True,False,True,0
C004803,32,83.46,2565.6,0,0,1,One year,Fibre optic,Bank transfer,True,False,False,1
C004804,3,24.0,74.84,2,1,0,Two year,None,Post,True,False,True,0
C004805,72,52.42,3859.4,0,0,2,Two year,DSL,Credit card,True,False,False,0
C004806,9,103.68,980.63,1,1,2,Month-to-month,Fibre optic,Credit card,True,False,False,0
C004807,25,39.53,974.21,0,0,1,One year,DSL,Credit card,True,False,True,1
C004808,37,57.41,2146.66,1,0,3,Month-to-month,Fibre optic,Electronic cheque,True,False,True,0
C004809,14,44.68,626.65,0,0,5,Month-to-month,DSL,Credit card,False,False,False,0
C004810,33,88.57,2867.09,0,0,3,One year,Fibre optic,Electronic cheque,True,False,False,0
C004811,3,100.54,286.78,3,0,0,One year,Fibre optic,Bank transfer,False,False,False,1
C004812,33,20.45,668.29,1,0,2,Two year,None,Electronic cheque,False,True,True,0
C004813,31,67.97,2057.44,0,1,0,One year,Fibre optic,Post,True,False,False,1
C004814,20,75.61,1569.55,0,0,5,One year,Fibre optic,Credit card,True,False,True,0
C004815,29,103.62,3037.85,3,0,5,One year,Fibre optic,Bank transfer,True,False,False,0
C004816,45,60.07,2663.84,1,0,5,Month-to-month,DSL,Credit card,False,True,False,0
C004817,38,53.11,2091.0,1,0,5,Month-to-month,DSL,,False,False,False,0
C004818,15,73.71,1135.78,2,0,2,Month-to-month,Fibre optic,Post,False,False,False,1
C004819,18,62.77,1135.83,0,0,4,One year,DSL,Post,False,False,True,0
C004820,13,45.35,589.78,1,0,0,Month-to-month,DSL,Credit card,True,False,False,0
C004821,11,90.92,972.13,0,0,5,Month-to-month,Fibre optic,Electronic cheque,True,False,False,0
C004822,27,71.37,1940.56,0,0,0,Month-to-month,DSL,Electronic cheque,True,False,False,1
C004823,13,64.0,828.76,1,1,2,One year,DSL,Electronic cheque,False,False,False,1
C004824,27,67.98,1902.3,1,1,3,Month-to-month,Fibre optic,Bank transfer,True,False,False,0
C004825,14,78.26,1111.48,1,1,5,Month-to-month,Fibre optic,Post,True,False,True,0
C004826,16,28.09,445.57,0,1,0,Month-to-month,DSL,Credit card,False,False,True,1
C004827,7,96.92,705.54,0,1,4,Month-to-month,Fibre optic,Post,False,False,True,1
C004828,27,67.64,1796.78,0,1,1,Month-to-month,DSL,Credit card,True,False,False,0
C004829,2,33.19,65.59,2,1,1,Two year,None,Post,True,False,False,0
C004830,34,70.14,2395.26,1,1,4,Month-to-month,Fibre optic,Credit card,False,False,True,1
C004831,62,81.25,5139.6,0,2,1,Month-to-month,Fibre optic,Bank transfer,True,True,False,1
C004832,16,96.25,1561.34,1,0,0,One year,Fibre optic,Bank transfer,False,False,False,0
C004833,15,100.46,1591.47,2,2,1,One year,Fibre optic,Credit card,False,False,False,0
C004834,3,58.98,180.31,0,1,0,Month-to-month,Fibre optic,Credit card,True,False,False,1
C004835,10,90.72,859.52,0,0,1,Month-to-month,Fibre optic,Electronic cheque,False,False,False,1
C004836,29,25.74,752.36,1,0,5,Two year,None,Bank transfer,False,False,False,0
C004837,32,20.06,644.6,1,1,4,Two year,None,Credit card,True,True,False,0
C004838,18,118.49,2079.66,0,0,3,Month-to-month,Fibre optic,Electronic cheque,True,False,False,1
C004839,28,21.23,592.0,1,1,1,One year,None,Electronic cheque,True,False,False,0
C004840,7,52.38,352.77,1,1,4,Month-to-month,DSL,Electronic cheque,False,False,False,0
C004841,21,89.75,1902.95,1,1,3,Month-to-month,Fibre optic,Electronic cheque,False,False,True,1
C004842,40,84.93,3389.59,0,0,3,Month-to-month,Fibre optic,Electronic cheque,True,False,True,0
C004843,24,51.43,1199.68,1,0,0,One year,DSL,Bank transfer,True,False,False,1
C004844,45,37.7,1673.78,1,0,3,Month-to-month,None,Credit card,True,False,False,0
C004845,46,20.59,982.34,1,0,4,Month-to-month,None,Post,True,False,False,1
C004846,22,15.0,331.39,1,1,2,Month-to-month,None,Electronic cheque,True,False,False,1
C004847,0,63.61,63.1,2,0,0,Month-to-month,Fibre optic,Post,True,False,False,1
C004848,32,71.63,2245.19,0,3,1,Month-to-month,Fibre optic,Post,True,False,False,1
C004849,5,74.83,381.26,2,0,0,Month-to-month,Fibre optic,Bank transfer,False,False,False,0
C004850,1,58.83,60.34,1,1,5,One year,DSL,Electronic cheque,False,False,False,1
C004851,2,19.38,39.65,0,0,4,Month-to-month,None,Electronic cheque,False,True,False,0
C004852,33,45.35,1526.75,0,1,5,Month-to-month,DSL,Electronic cheque,True,False,True,0
C004853,22,28.42,645.47,0,2,4,One year,None,Bank transfer,True,False,False,0
C004854,18,72.35,1290.38,2,1,1,Month-to-month,Fibre optic,Electronic cheque,True,False,False,1
C004855,23,84.13,1894.6,0,0,2,Month-to-month,DSL,Electronic cheque,True,True,False,1
C004856,2,59.7,120.78,2,0,4,Two year,DSL,Electronic cheque,True,False,False,0
C004857,13,97.12,1268.02,3,0,2,One year,Fibre optic,Electronic cheque,False,False,False,1
C004858,9,78.87,705.24,2,0,1,Month-to-month,DSL,Bank transfer,True,False,False,1
C004859,17,20.43,348.19,0,0,2,Month-to-month,None,Credit card,True,False,False,0
C004860,17,65.58,1182.59,1,0,4,Month-to-month,DSL,Bank transfer,True,False,False,1
C004861,23,97.48,2267.5,2,1,5,Month-to-month,Fibre optic,Electronic cheque,True,False,True,1
C004862,25,84.86,2170.86,1,1,4,Two year,DSL,Bank transfer,True,False,False,1
C004863,2,78.11,149.61,1,2,2,One year,DSL,Credit card,True,False,True,0
C004864,13,56.07,755.44,0,1,3,Month-to-month,DSL,Electronic cheque,False,True,False,1
C004865,15,18.6,279.71,1,0,5,Month-to-month,None,Bank transfer,True,False,False,0
C004866,5,87.23,438.45,1,2,4,Month-to-month,Fibre optic,Credit card,True,False,False,1
C004867,4,24.55,97.57,2,3,3,Month-to-month,None,Electronic cheque,False,False,True,1
C004868,4,93.26,359.92,1,1,4,Month-to-month,Fibre optic,Electronic cheque,False,False,False,0
C004869,28,60.06,1604.37,1,0,2,Month-to-month,DSL,Electronic cheque,False,False,False,0
C004870,3,47.01,137.74,1,0,3,Two year,DSL,Electronic cheque,False,False,True,0
C004871,3,72.94,241.98,1,1,3,One year,Fibre optic,Electronic cheque,True,False,False,1
C004872,16,37.79,632.63,0,0,0,Two year,DSL,Electronic cheque,False,False,False,0
C004873,21,46.49,981.12,0,1,5,Two year,DSL,Electronic cheque,True,False,False,0
C004874,15,78.43,1190.82,2,0,3,Two year,Fibre optic,Credit card,True,False,True,0
C004875,6,72.59,455.38,0,2,0,Two year,DSL,Bank transfer,True,False,False,0
C004876,4,76.68,308.88,0,0,4,Month-to-month,Fibre optic,Post,False,True,False,1
C004877,16,96.74,1460.11,1,0,2,Month-to-month,Fibre optic,Electronic cheque,True,False,False,1
C004878,14,89.78,1305.46,1,0,2,Month-to-month,Fibre optic,Electronic cheque,True,False,False,0
C004879,11,77.05,849.31,1,0,2,One year,Fibre optic,Credit card,True,False,False,0
C004880,27,108.57,2952.07,0,0,5,One year,Fibre optic,Electronic cheque,True,False,False,0
C004881,13,98.25,1276.5,3,0,2,Month-to-month,Fibre optic,Post,False,False,False,1
C004882,4,50.2,199.56,2,1,2,Two year,DSL,Bank transfer,False,False,False,0
C004883,11,40.92,461.06,1,0,1,One year,DSL,Credit card,True,False,False,0
C004884,22,78.28,1730.43,0,1,1,One year,DSL,Credit card,True,False,False,0
C004885,12,57.47,694.58,2,0,0,Month-to-month,Fibre optic,Post,False,False,False,0
C004886,22,70.15,1504.46,0,0,5,Month-to-month,Fibre optic,Bank transfer,True,True,False,0
C004887,25,93.33,2496.81,0,1,2,Month-to-month,Fibre optic,Post,True,False,False,1
C004888,13,57.3,774.65,0,1,2,Month-to-month,DSL,Bank transfer,True,False,False,0
C004889,15,51.0,788.61,0,0,4,One year,DSL,Post,True,False,False,0
C004890,12,58.01,729.81,1,1,0,Month-to-month,DSL,Bank transfer,False,True,False,1
C004891,23,18.13,419.05,0,0,5,Month-to-month,None,Bank transfer,False,False,False,1
C004892,11,50.84,576.68,2,1,1,Month-to-month,DSL,Post,True,False,False,1
C004893,21,104.75,2256.94,1,1,5,One year,Fibre optic,Post,False,False,True,1
C004894,18,29.5,533.57,3,0,1,Month-to-month,DSL,Credit card,False,True,True,0
C004895,2,91.52,182.75,4,0,2,Two year,Fibre optic,Electronic cheque,True,False,True,1
C004896,22,53.32,1173.26,4,0,5,Month-to-month,Fibre optic,Bank transfer,True,False,True,1
C004897,16,44.86,722.43,0,1,0,Two year,DSL,Post,True,False,False,1
C004898,35,94.1,3167.32,0,0,1,Month-to-month,Fibre optic,Post,False,False,False,0
C004899,5,59.48,303.36,0,1,5,Month-to-month,Fibre optic,Post,False,False,False,1
C004900,18,92.08,1717.69,2,1,2,Two year,Fibre optic,Post,False,False,False,0
C004901,10,18.25,179.56,1,0,3,One year,None,Electronic cheque,True,False,False,0
C004902,2,15.85,31.24,0,0,2,One year,None,Credit card,True,False,True,0
C004903,2,69.97,137.21,0,1,2,One year,Fibre optic,Post,True,False,False,1
C004904,40,29.73,1177.39,2,0,2,Month-to-month,None,Credit card,False,False,False,0
C004905,18,29.67,516.08,0,0,0,One year,None,Post,False,True,False,0
C004906,13,79.3,1017.77,2,0,3,Month-to-month,Fibre optic,Credit card,False,False,False,1
C004907,3,94.17,291.39,2,0,1,One year,Fibre optic,Electronic cheque,True,False,True,1
C004908,39,75.38,2847.14,2,2,2,Two year,Fibre optic,Electronic cheque,True,False,False,1
C004909,8,113.84,905.77,2,0,2,Two year,Fibre optic,Credit card,False,False,False,0
C004910,19,113.71,2209.44,0,1,1,One year,Fibre optic,Credit card,True,False,False,0
C004911,16,20.59,333.37,1,0,0,One year,None,Electronic cheque,True,False,True,0
C004912,51,33.2,1724.02,0,0,4,Month-to-month,None,Credit card,True,False,True,0
C004913,15,24.79,378.04,1,0,3,Month-to-month,DSL,Electronic cheque,True,True,True,0
C004914,9,90.7,821.61,0,0,2,Two year,Fibre optic,Electronic cheque,False,False,True,0
C004915,18,93.85,1632.84,0,0,0,One year,Fibre optic,Bank transfer,False,False,False,0
C004916,20,26.66,534.86,1,0,4,Month-to-month,None,Credit card,False,False,True,0
C004917,72,77.92,5507.53,2,1,1,One year,Fibre optic,Credit card,True,False,False,0
C004918,14,38.03,546.04,0,0,2,Month-to-month,DSL,Credit card,True,False,False,0
C004919,5,56.22,275.77,1,0,4,Two year,DSL,Bank transfer,True,False,False,0
C004920,11,46.05,522.13,0,0,5,Two year,DSL,Bank transfer,True,False,False,0
C004921,18,72.14,1303.35,1,0,2,Month-to-month,DSL,Electronic cheque,False,False,False,1
C004922,21,60.38,1287.27,0,0,5,Month-to-month,DSL,Credit card,True,False,False,0
C004923,3,80.47,246.25,2,0,2,One year,DSL,Post,True,False,False,1
C004924,10,39.9,415.72,0,1,5,Month-to-month,None,Bank transfer,True,False,True,0
C004925,49,74.66,3759.5,2,0,2,Two year,Fibre optic,Electronic cheque,False,False,False,0
C004926,7,71.81,497.73,0,0,3,Month-to-month,Fibre optic,Credit card,False,True,True,0
C004927,28,103.82,2972.75,1,0,5,Month-to-month,Fibre optic,Electronic cheque,False,False,False,1
C004928,11,91.72,1024.13,0,0,0,Month-to-month,DSL,Electronic cheque,False,False,False,1
C004929,15,118.18,1824.84,2,1,3,One year,Fibre optic,Bank transfer,False,True,False,1
C004930,3,20.03,60.44,1,0,3,One year,None,Bank transfer,True,False,False,0
C004931,12,70.23,883.19,0,1,2,Two year,Fibre optic,Post,True,True,False,1
C004932,18,105.88,1922.29,0,0,2,Two year,Fibre optic,Credit card,True,True,False,0
C004933,14,29.06,389.16,1,2,3,One year,DSL,,False,False,True,0
C004934,13,120.52,1576.3,1,1,0,Month-to-month,Fibre optic,Electronic cheque,True,False,False,1
C004935,23,89.07,2003.83,2,1,1,Month-to-month,Fibre optic,Bank transfer,True,False,False,0
C004936,4,54.43,215.77,3,0,2,Two year,DSL,Electronic cheque,False,False,False,0
C004937,19,85.56,1626.14,2,1,3,Month-to-month,Fibre optic,Credit card,False,False,False,1
C004938,1,89.79,91.42,1,1,4,Two year,Fibre optic,Credit card,True,False,False,0
C004939,33,63.79,2087.63,1,1,0,Two year,DSL,Bank transfer,False,False,False,0
C004940,13,74.99,1021.98,0,1,3,One year,DSL,Credit card,True,False,False,0
C004941,26,91.11,2381.93,1,0,1,One year,Fibre optic,Credit card,False,False,False,0
C004942,0,40.48,40.32,0,0,4,Two year,DSL,Electronic cheque,True,False,False,0
C004943,24,63.57,1576.01,2,1,3,One year,Fibre optic,Electronic cheque,True,True,False,1
C004944,8,16.24,131.45,1,0,5,One year,None,Post,True,False,False,0
C004945,15,95.82,1380.15,3,1,0,Month-to-month,Fibre optic,Bank transfer,False,False,False,1
C004946,24,36.84,857.53,0,0,4,Month-to-month,DSL,Electronic cheque,True,False,True,0
C004947,14,76.81,1134.31,1,1,0,Month-to-month,Fibre optic,Credit card,True,False,True,1
C004948,22,118.55,2615.92,1,1,3,Two year,Fibre optic,Credit card,False,True,True,1
C004949,11,101.9,1122.6,2,1,4,One year,Fibre optic,Bank transfer,True,True,True,0
C004950,35,20.33,740.65,0,0,3,One year,None,Credit card,True,False,False,0
C004951,13,80.48,1049.05,0,1,4,Month-to-month,Fibre optic,Electronic cheque,True,False,True,1
C004952,13,57.91,747.1,0,0,3,Two year,DSL,Post,True,False,False,0
C004953,14,91.29,1282.44,2,0,5,Month-to-month,Fibre optic,Electronic cheque,True,False,True,0
C004954,15,19.69,293.14,1,0,1,One year,None,Credit card,True,True,False,0
C004955,4,86.97,347.96,1,0,4,Month-to-month,Fibre optic,Credit card,False,False,False,1
C004956,6,15.0,90.55,1,0,0,Two year,None,Electronic cheque,False,False,True,0
C004957,29,113.79,3351.79,3,1,1,One year,Fibre optic,Electronic cheque,True,False,True,1
C004958,26,16.68,432.03,0,2,3,Month-to-month,None,Electronic cheque,False,True,True,0
C004959,25,61.36,1536.23,0,1,3,Month-to-month,Fibre optic,Post,False,False,True,0
C004960,21,26.88,566.74,0,0,5,Month-to-month,None,Bank transfer,True,False,False,0
C004961,10,15.0,161.14,1,2,4,Month-to-month,None,Post,False,False,True,0
C004962,9,15.48,141.58,0,1,1,Month-to-month,None,Electronic cheque,True,False,False,1
C004963,14,26.8,347.01,0,2,3,Month-to-month,None,Credit card,True,False,False,1
C004964,32,90.9,2901.65,1,0,4,Month-to-month,Fibre optic,Bank transfer,False,False,False,1
C004965,17,68.64,1124.65,2,0,4,Month-to-month,Fibre optic,Electronic cheque,True,False,False,1
C004966,6,61.38,365.32,1,1,2,One year,Fibre optic,Electronic cheque,True,False,True,1
C004967,4,61.21,243.17,1,2,5,Month-to-month,Fibre optic,Post,True,False,False,1
C004968,27,85.08,2191.49,0,1,3,Month-to-month,Fibre optic,Credit card,True,True,False,1
C004969,39,76.61,3155.33,1,2,3,Two year,Fibre optic,Electronic cheque,True,False,True,0
C004970,3,74.58,225.0,0,1,2,Month-to-month,Fibre optic,Electronic cheque,False,False,False,1
C004971,27,83.08,2315.45,0,1,5,One year,Fibre optic,Electronic cheque,True,False,False,1
C004972,20,17.1,335.46,2,0,1,Two year,None,Post,False,False,True,0
C004973,7,75.15,526.08,4,0,5,One year,Fibre optic,Electronic cheque,False,False,False,1
C004974,17,72.12,1253.88,1,0,5,Month-to-month,Fibre optic,Credit card,False,False,False,1
C004975,5,25.85,124.65,1,1,3,Month-to-month,None,Electronic cheque,True,False,False,1
C004976,12,101.58,1315.18,3,0,2,Two year,Fibre optic,Electronic cheque,False,False,False,1
C004977,15,83.74,1303.59,0,0,4,Two year,Fibre optic,Post,False,False,False,0
C004978,35,90.04,3174.68,1,2,0,Month-to-month,Fibre optic,Electronic cheque,True,False,False,1
C004979,12,112.95,1332.74,3,0,0,One year,Fibre optic,Bank transfer,False,True,True,1
C004980,8,130.0,1047.77,0,1,2,Two year,Fibre optic,Electronic cheque,True,False,False,1
C004981,19,64.26,1143.01,0,1,1,Two year,DSL,Credit card,False,False,False,0
C004982,22,27.01,601.51,1,1,3,Month-to-month,DSL,Electronic cheque,True,True,False,0
C004983,8,19.4,162.28,0,0,5,Month-to-month,None,Electronic cheque,True,False,False,0
C004984,6,26.92,154.69,0,0,2,Month-to-month,None,Post,False,False,False,0
C004985,6,86.12,508.31,1,0,2,Month-to-month,Fibre optic,Electronic cheque,True,False,False,1
C004986,35,20.09,684.98,0,1,1,One year,None,Credit card,False,False,False,0
C004987,22,77.95,1775.53,2,1,3,Month-to-month,Fibre optic,Bank transfer,False,False,True,0
C004988,11,51.16,572.01,0,1,5,Month-to-month,DSL,Post,True,False,False,0
C004989,31,95.89,2922.75,0,0,3,Month-to-month,Fibre optic,Bank transfer,False,True,True,0
C004990,8,38.7,309.65,0,0,3,Two year,DSL,Bank transfer,False,False,False,0
C004991,14,55.01,774.59,1,0,0,Two year,DSL,Post,True,True,False,0
C004992,5,18.03,87.06,0,1,5,Two year,None,Credit card,False,False,False,0
C004993,30,98.09,2850.03,0,1,4,Two year,Fibre optic,Bank transfer,False,False,False,0
C004994,7,82.41,568.9,0,1,3,Two year,DSL,Electronic cheque,True,False,False,1
C004995,7,98.08,668.79,0,1,3,Month-to-month,Fibre optic,Credit card,False,False,False,1
C004996,19,71.1,1346.83,4,0,0,Month-to-month,Fibre optic,Credit card,True,False,False,1
C004997,1,81.29,79.38,1,0,1,Two year,Fibre optic,Electronic cheque,False,True,False,0
C004998,4,66.29,266.56,0,0,4,One year,DSL,Post,True,False,True,0
C004999,25,94.68,2363.47,2,0,5,Month-to-month,Fibre optic,Bank transfer,True,False,False,0
C005000,6,89.09,544.95,2,0,2,Two year,Fibre optic,Credit card,True,False,False,0
C005001,62,91.4,5716.86,2,2,0,Month-to-month,Fibre optic,Post,False,False,False,0
C005002,17,15.0,240.54,1,0,3,Two year,None,Bank transfer,False,False,False,0
C005003,2,46.2,91.21,2,0,2,One year,Fibre optic,Post,False,False,True,0
C005004,41,16.63,692.31,1,1,3,Month-to-month,None,Credit card,False,True,False,0
C005005,17,15.0,264.58,2,0,5,Two year,None,Electronic cheque,False,False,False,0
C005006,13,68.3,,0,0,5,One year,DSL,Bank transfer,True,False,False,0
C005007,17,72.01,1272.57,1,0,5,One year,DSL,Credit card,False,False,False,0
C005008,2,62.91,126.35,0,0,0,One year,Fibre optic,Electronic cheque,True,False,True,0
C005009,14,20.16,,2,0,4,Month-to-month,None,Post,False,False,True,1
C005010,7,74.62,552.09,0,1,3,Month-to-month,DSL,Credit card,False,True,False,0
C005011,14,45.8,657.8,1,0,0,Month-to-month,DSL,Post,False,False,False,1
C005012,10,105.24,1063.18,0,0,0,Month-to-month,Fibre optic,Bank transfer,False,False,False,1
C005013,16,16.06,261.44,1,0,2,Month-to-month,None,Bank transfer,True,False,False,1
C005014,11,52.67,546.62,0,0,0,Month-to-month,DSL,Post,True,False,False,0
C005015,9,59.34,527.17,0,0,2,Month-to-month,Fibre optic,,True,True,False,0
C005016,6,36.43,201.64,1,1,2,One year,DSL,Bank transfer,False,False,True,0
C005017,3,15.74,47.14,1,1,1,Month-to-month,None,Bank transfer,True,False,False,0
C005018,2,83.79,163.32,0,0,4,Month-to-month,Fibre optic,Post,False,False,False,1
C005019,4,108.68,413.97,4,0,2,Two year,Fibre optic,Bank transfer,False,False,False,0
C005020,23,17.23,401.81,0,0,0,Two year,None,Electronic cheque,False,False,True,0
C005021,6,89.34,524.89,1,0,2,Two year,Fibre optic,Post,True,False,True,0
C005022,8,17.33,,1,0,0,Month-to-month,None,Electronic cheque,True,False,True,0
C005023,8,63.88,517.46,1,0,5,One year,DSL,Post,False,False,False,0
C005024,10,23.53,224.86,0,1,2,Month-to-month,DSL,Bank transfer,True,False,False,1
C005025,20,61.69,1260.75,0,2,4,One year,Fibre optic,Credit card,False,False,False,0
C005026,11,55.13,607.5,0,0,0,Two year,DSL,Bank transfer,True,False,False,0
C005027,26,36.3,958.37,1,1,1,Month-to-month,None,Credit card,False,False,False,0
C005028,4,65.54,256.1,1,0,2,Two year,Fibre optic,Electronic cheque,False,False,False,0
C005029,24,79.36,1966.08,1,0,1,One year,DSL,Post,False,False,True,0
C005030,37,56.66,2097.97,4,1,0,Month-to-month,Fibre optic,Bank transfer,True,False,True,1
C005031,14,67.42,949.05,2,1,0,Month-to-month,Fibre optic,Credit card,False,False,False,1
C005032,5,89.68,443.1,3,1,5,Two year,Fibre optic,Credit card,True,False,True,1
C005033,21,39.47,792.97,1,0,1,Month-to-month,DSL,Credit card,True,False,False,0
C005034,14,23.06,323.61,0,0,1,Month-to-month,None,Bank transfer,True,False,True,0
C005035,18,115.94,2125.29,2,0,4,Month-to-month,Fibre optic,Post,True,True,False,0
C005036,27,20.77,557.84,1,1,2,Two year,None,Post,True,True,False,0
C005037,10,65.12,632.75,0,2,0,Month-to-month,Fibre optic,Bank transfer,True,False,False,1
C005038,9,87.3,776.0,0,1,1,Two year,Fibre optic,Post,False,False,False,0
C005039,71,67.09,4842.37,0,0,1,One year,DSL,Electronic cheque,False,False,False,0
C005040,21,92.59,1992.63,1,0,3,Month-to-month,Fibre optic,Credit card,True,False,False,1
C005041,30,49.32,1521.62,0,0,4,Month-to-month,DSL,Electronic cheque,False,True,False,1
C005042,26,29.84,798.99,1,0,0,One year,None,Credit card,True,False,False,0
C005043,31,34.98,1050.14,1,1,3,Month-to-month,DSL,Bank transfer,False,True,False,0
C005044,19,61.27,1179.04,1,2,1,Month-to-month,Fibre optic,Bank transfer,False,True,False,0
C005045,28,72.52,2043.06,4,1,1,Month-to-month,Fibre optic,Electronic cheque,False,False,False,1
C005046,8,100.11,792.79,0,1,1,Two year,Fibre optic,Bank transfer,True,False,False,0
C005047,3,75.08,213.13,0,0,2,One year,Fibre optic,Electronic cheque,False,False,False,1
C005048,6,83.53,495.08,0,2,5,Month-to-month,Fibre optic,Electronic cheque,False,False,False,1
C005049,13,76.53,1047.51,2,1,3,Month-to-month,Fibre optic,Electronic cheque,True,True,True,1
C005050,11,23.16,257.39,0,0,5,Month-to-month,None,Electronic cheque,False,False,False,1
C005051,14,76.13,1059.69,2,1,3,One year,Fibre optic,Electronic cheque,True,False,False,0
C005052,8,62.34,485.64,1,1,1,Month-to-month,Fibre optic,Post,True,False,False,1
C005053,1,18.95,19.32,0,1,5,Two year,None,Electronic cheque,True,False,False,0
C005054,10,71.41,749.31,0,0,3,Two year,DSL,Credit card,True,False,False,1
C005055,4,45.17,183.95,0,1,4,Month-to-month,DSL,Electronic cheque,True,False,True,0
C005056,14,66.64,899.59,0,0,5,Two year,DSL,Credit card,True,False,False,0
C005057,19,76.16,1405.43,1,1,2,One year,Fibre optic,Post,False,False,False,1
C005058,10,75.1,725.06,1,1,4,One year,Fibre optic,Credit card,True,False,True,0
C005059,5,66.62,354.24,0,1,0,Month-to-month,DSL,Credit card,False,False,False,0
C005060,15,50.56,764.49,2,1,4,Two year,DSL,Bank transfer,False,False,True,0
C005061,72,43.76,3219.09,2,0,4,Month-to-month,DSL,Credit card,False,False,False,0
C005062,21,97.18,2063.61,1,0,5,Two year,Fibre optic,Electronic cheque,True,False,False,0
C005063,22,56.11,1250.49,0,0,2,Month-to-month,DSL,Bank transfer,True,False,False,0
C005064,9,79.53,699.9,1,2,4,Month-to-month,Fibre optic,Post,False,False,False,1
C005065,7,17.49,118.77,0,0,2,Two year,None,Electronic cheque,False,False,False,0
C005066,31,102.32,3061.67,1,0,0,Month-to-month,Fibre optic,Electronic cheque,True,False,False,1
C005067,1,15.0,14.99,1,0,0,Month-to-month,None,Bank transfer,False,False,False,0
C005068,7,23.02,158.8,1,0,2,Two year,None,Credit card,False,False,True,0
C005069,43,78.29,3313.86,2,1,4,Month-to-month,Fibre optic,Credit card,False,True,True,0
C005070,13,54.31,708.25,2,0,3,Two year,Fibre optic,Electronic cheque,True,False,True,0
C005071,3,15.41,43.95,1,1,3,Two year,None,Electronic cheque,False,False,False,0
C005072,20,96.45,1858.14,1,1,5,Month-to-month,Fibre optic,Credit card,True,True,True,1
C005073,10,99.39,1027.17,3,2,5,One year,Fibre optic,Electronic cheque,False,False,True,1
C005074,2,46.58,96.95,0,3,3,Two year,DSL,Electronic cheque,True,False,False,0
C005075,17,67.58,1202.34,2,0,2,Two year,Fibre optic,Credit card,True,False,False,0
C005076,15,29.98,445.87,3,0,5,Month-to-month,None,Post,False,False,True,0
C005077,14,75.21,1050.49,0,1,0,One year,Fibre optic,Bank transfer,False,False,True,0
C005078,21,50.85,1103.32,2,1,1,One year,Fibre optic,Electronic cheque,False,False,True,1
C005079,5,75.51,359.71,0,1,2,Month-to-month,Fibre optic,Post,False,True,True,1
C005080,18,20.54,367.36,0,0,2,One year,None,Electronic cheque,False,False,False,0
C005081,16,83.24,1348.84,1,1,0,Month-to-month,Fibre optic,Electronic cheque,True,True,False,0
C005082,30,79.06,2352.34,2,2,1,Month-to-month,Fibre optic,Bank transfer,True,False,False,1
C005083,7,72.59,,2,0,3,Month-to-month,Fibre optic,Bank transfer,True,False,False,1
C005084,34,74.69,2547.13,2,0,4,Two year,Fibre optic,Electronic cheque,False,False,False,0
C005085,25,24.66,593.95,0,1,1,Month-to-month,None,Credit card,True,False,False,0
C005086,13,53.93,692.71,1,0,4,Month-to-month,DSL,Credit card,True,False,True,1
C005087,14,15.0,204.34,0,1,5,Month-to-month,None,Credit card,False,False,True,0
C005088,1,79.75,82.26,0,0,1,Month-to-month,DSL,Bank transfer,True,False,False,0
C005089,14,25.65,367.79,2,0,4,Two year,None,Electronic cheque,True,False,False,0
C005090,24,92.88,2279.59,1,1,3,Month-to-month,Fibre optic,Credit card,False,False,False,1
C005091,11,79.42,893.27,2,1,4,Month-to-month,Fibre optic,Bank transfer,True,False,False,0
C005092,30,78.98,2433.69,0,2,4,Two year,Fibre optic,Post,False,False,False,0
C005093,20,113.12,2420.12,0,1,1,Month-to-month,Fibre optic,Electronic cheque,True,False,False,1
C005094,52,102.96,5313.84,2,0,5,Month-to-month,Fibre optic,Credit card,True,False,True,0
C005095,8,59.65,477.45,0,1,3,Two year,DSL,Electronic cheque,False,False,False,0
C005096,23,83.5,,0,0,0,One year,DSL,Post,True,False,False,0
C005097,4,79.81,321.94,1,1,1,Month-to-month,DSL,Credit card,False,False,False,0
C005098,12,75.69,917.32,4,0,3,One year,Fibre optic,Post,False,False,False,0
C005099,21,57.85,1271.54,1,2,2,One year,Fibre optic,Electronic cheque,True,False,False,1
C005100,24,46.94,1178.61,1,0,4,One year,DSL,Credit card,True,False,True,0
C005101,11,51.19,567.32,1,0,4,Month-to-month,Fibre optic,Electronic cheque,False,False,False,1
C005102,32,76.22,2504.63,0,1,2,Two year,DSL,Electronic cheque,False,False,False,0
C005103,37,63.81,2256.08,0,0,4,One year,DSL,Post,True,False,True,0
C005104,8,100.71,820.51,1,0,1,One year,Fibre optic,Post,False,False,False,1
C005105,12,82.4,1045.87,4,0,0,Two year,Fibre optic,Electronic cheque,False,False,False,0
C005106,11,44.08,439.91,0,0,0,Two year,DSL,Electronic cheque,True,False,False,0
C005107,9,17.33,159.95,0,0,0,One year,None,Bank transfer,True,False,False,0
C005108,36,100.22,3715.33,2,1,4,Month-to-month,Fibre optic,Electronic cheque,False,False,True,1
C005109,35,71.75,2505.03,2,0,4,Month-to-month,Fibre optic,Electronic cheque,True,False,True,0
C005110,12,36.63,449.89,0,1,0,One year,DSL,Post,True,False,False,0
C005111,23,84.95,1933.62,0,2,2,Month-to-month,Fibre optic,Credit card,True,True,False,0
C005112,30,23.55,745.37,0,0,1,One year,None,Electronic cheque,True,False,False,0
C005113,17,109.45,1919.84,1,0,2,One year,Fibre optic,Post,True,False,False,1
C005114,11,61.16,681.41,2,1,4,One year,DSL,,False,False,False,0
C005115,7,92.3,621.54,1,0,1,Month-to-month,Fibre optic,Credit card,False,False,False,1
C005116,24,81.76,1924.78,2,1,4,Two year,Fibre optic,Bank transfer,False,True,False,0
C005117,4,54.23,202.9,1,1,1,One year,DSL,Post,True,False,False,0
C005118,11,95.71,1053.66,1,1,0,Month-to-month,Fibre optic,Electronic cheque,False,False,False,1
C005119,10,51.31,519.0,1,1,5,One year,DSL,Post,True,False,False,0
C005120,4,28.42,112.94,0,1,4,Month-to-month,None,Bank transfer,True,False,False,1
C005121,13,83.51,1077.66,0,0,3,One year,Fibre optic,Electronic cheque,True,True,False,1
C005122,12,100.62,1195.04,1,0,3,Month-to-month,Fibre optic,Post,True,False,False,1
C005123,6,15.0,,0,2,3,One year,None,Electronic cheque,True,False,True,0
C005124,35,98.06,3409.37,1,0,0,Month-to-month,Fibre optic,Credit card,False,False,False,0
C005125,24,61.91,1500.02,1,0,3,Month-to-month,DSL,Credit card,True,True,False,0
C005126,15,66.02,941.24,1,1,5,Month-to-month,Fibre optic,Bank transfer,False,False,False,1
C005127,27,78.77,2227.01,2,1,2,Month-to-month,Fibre optic,Bank transfer,True,False,False,1
C005128,31,110.18,3380.6,2,1,3,Two year,Fibre optic,Credit card,True,True,False,0
C005129,36,16.55,584.65,0,0,0,Two year,None,Electronic cheque,False,False,True,0
C005130,8,104.05,855.72,0,2,4,Month-to-month,Fibre optic,Post,False,True,False,1
C005131,27,33.28,930.79,1,3,1,Month-to-month,None,Post,True,False,True,0
C005132,12,59.21,749.64,0,0,5,One year,DSL,Bank transfer,True,False,False,0
C005133,17,67.38,1194.59,0,0,4,Month-to-month,DSL,Credit card,False,False,False,1
C005134,8,39.34,302.67,0,1,1,Month-to-month,DSL,Bank transfer,True,False,False,0
C005135,14,64.63,917.19,1,2,5,Month-to-month,Fibre optic,Credit card,False,False,False,1
C005136,27,48.73,1355.23,0,0,4,One year,DSL,Electronic cheque,False,False,False,0
C005137,42,55.31,2384.82,1,0,2,Two year,DSL,Credit card,False,False,False,0
C005138,13,15.0,186.58,1,0,5,Month-to-month,None,Electronic cheque,True,False,False,0
C005139,6,66.04,387.83,0,0,4,Two year,DSL,Bank transfer,True,False,False,0
C005140,46,55.44,2502.03,0,0,1,Two year,DSL,Electronic cheque,True,False,False,0
C005141,8,76.75,629.43,2,1,0,Two year,Fibre optic,Post,True,False,False,0
C005142,3,42.42,125.63,0,0,3,One year,DSL,Bank transfer,False,False,True,0
C005143,9,53.79,493.24,1,0,5,Two year,DSL,Post,True,False,False,1
C005144,30,33.18,991.74,0,2,2,One year,DSL,Electronic cheque,True,True,False,0
C005145,7,71.59,513.93,0,0,4,Two year,DSL,Credit card,True,False,False,0
C005146,5,21.17,106.87,0,0,4,Month-to-month,None,Credit card,True,False,True,1
C005147,16,67.85,1099.94,0,0,0,One year,Fibre optic,Bank transfer,False,False,False,0
C005148,42,57.94,2303.13,0,1,3,One year,Fibre optic,Electronic cheque,True,False,False,0
C005149,20,70.18,1370.29,1,0,2,Month-to-month,Fibre optic,Electronic cheque,False,False,True,0
C005150,4,64.68,264.92,5,0,2,Month-to-month,Fibre optic,Bank transfer,False,False,False,1
C005151,57,28.2,1597.82,0,1,2,Month-to-month,None,Electronic cheque,False,False,False,0
C005152,18,92.45,1615.66,3,0,3,Month-to-month,Fibre optic,Post,False,False,True,1
C005153,28,57.02,1531.34,1,0,1,Month-to-month,DSL,Post,False,False,False,0
C005154,3,69.32,197.54,0,3,0,Month-to-month,DSL,Electronic cheque,True,False,False,0
C005155,51,59.95,,1,1,1,Month-to-month,DSL,Bank transfer,False,False,False,1
C005156,10,15.72,167.0,1,2,5,One year,None,Credit card,True,False,True,0
C005157,3,95.26,271.63,2,0,5,Month-to-month,Fibre optic,Electronic cheque,False,False,False,1
C005158,17,72.75,1254.51,2,0,2,Month-to-month,DSL,Bank transfer,True,False,True,0
C005159,28,59.23,1646.8,1,1,0,Month-to-month,DSL,Post,True,False,False,0
C005160,22,21.45,470.82,0,1,3,Month-to-month,None,Electronic cheque,False,False,False,0
C005161,22,96.78,2147.68,0,0,4,Month-to-month,Fibre optic,Credit card,False,False,False,1
C005162,21,56.21,1128.73,1,0,3,Two year,DSL,Post,False,False,False,1
C005163,16,17.33,278.5,1,0,1,Month-to-month,None,Electronic cheque,False,False,True,0
C005164,3,64.7,204.76,0,0,2,Month-to-month,Fibre optic,Post,False,True,False,0
C005165,12,82.68,1002.64,2,0,3,One year,Fibre optic,Electronic cheque,False,False,True,0
C005166,11,82.13,908.85,1,2,0,Two year,Fibre optic,Post,True,False,False,1
C005167,36,99.61,3609.23,1,0,3,Month-to-month,Fibre optic,Post,True,False,False,0
C005168,30,59.55,1781.58,1,0,0,Month-to-month,DSL,Post,False,False,False,1
C005169,10,29.14,299.03,1,0,4,One year,None,Post,True,False,True,0
C005170,25,91.83,2382.67,0,0,2,Month-to-month,Fibre optic,,True,True,False,1
C005171,14,67.98,946.0,1,0,3,Month-to-month,Fibre optic,Post,False,False,False,0
C005172,3,72.99,210.01,3,1,4,Two year,Fibre optic,Credit card,False,False,False,0
C005173,1,33.78,34.84,3,2,4,Two year,None,Bank transfer,True,False,True,0
C005174,23,44.16,1014.5,0,0,0,One year,DSL,Electronic cheque,True,False,False,0
C005175,5,53.11,264.36,1,2,5,Month-to-month,DSL,Bank transfer,True,False,False,0
C005176,5,102.2,526.77,1,0,5,One year,Fibre optic,Bank transfer,False,False,False,1
C005177,8,50.83,405.12,0,1,1,Two year,DSL,Electronic cheque,True,False,False,0
C005178,23,91.03,2168.94,0,0,3,Two year,Fibre optic,Credit card,True,False,False,0
C005179,31,85.89,,0,0,1,Month-to-month,Fibre optic,Bank transfer,True,False,True,1
C005180,30,33.75,1048.76,2,0,5,Month-to-month,DSL,Credit card,False,False,False,0
C005181,2,55.96,113.68,2,1,4,Month-to-month,DSL,Electronic cheque,True,False,True,1
C005182,7,89.33,627.16,2,1,4,Two year,Fibre optic,Electronic cheque,False,False,False,1
C005183,6,56.72,336.99,0,0,5,Month-to-month,DSL,Credit card,True,False,True,0
C005184,23,56.56,1263.86,0,0,2,Month-to-month,DSL,Electronic cheque,True,False,False,0
C005185,8,117.67,980.44,4,0,1,Month-to-month,Fibre optic,Credit card,True,False,False,1
C005186,13,78.67,1027.02,1,1,3,Month-to-month,DSL,Electronic cheque,True,False,False,1
C005187,25,81.17,2001.02,3,0,5,Two year,Fibre optic,Bank transfer,True,True,False,0
C005188,15,15.44,236.15,0,0,5,Month-to-month,None,Bank transfer,True,False,False,0
C005189,18,60.55,1139.75,3,0,2,Month-to-month,Fibre optic,Credit card,True,True,False,1
C005190,12,77.29,933.99,1,0,0,One year,Fibre optic,Post,True,False,False,1
C005191,29,58.75,1759.58,0,0,0,One year,Fibre optic,Electronic cheque,False,False,False,0
C005192,31,29.55,949.24,2,2,5,One year,None,Electronic cheque,True,False,False,1
C005193,21,15.0,316.64,1,0,5,Two year,None,Bank transfer,False,False,False,0
C005194,31,25.8,794.78,0,0,5,Month-to-month,None,Bank transfer,False,False,False,0
C005195,70,40.39,2912.82,1,0,2,Month-to-month,DSL,Electronic cheque,True,False,True,0
C005196,25,62.66,1582.99,1,0,2,Month-to-month,DSL,Electronic cheque,True,True,False,1
C005197,14,60.15,850.32,0,1,4,One year,DSL,Credit card,False,False,False,0
C005198,19,26.86,510.16,0,0,2,Two year,DSL,Post,True,False,True,0
C005199,33,39.77,1324.55,0,0,4,Month-to-month,DSL,Post,True,False,False,0
C005200,10,23.99,236.94,2,1,2,One year,None,Bank transfer,True,False,False,0
C005201,10,56.99,562.75,1,1,4,One year,DSL,Credit card,True,False,False,0
C005202,18,52.39,1006.35,1,3,2,Two year,DSL,Post,True,False,False,0
C005203,14,39.34,550.48,0,0,4,Month-to-month,None,Electronic cheque,True,False,False,0
C005204,6,19.95,122.56,0,1,1,Month-to-month,None,Credit card,True,False,True,0
C005205,16,49.67,788.27,0,1,2,One year,DSL,Post,False,False,False,0
C005206,38,65.25,2584.2,0,0,4,Two year,DSL,Electronic cheque,False,False,False,0
C005207,20,16.19,327.77,1,0,0,One year,None,Electronic cheque,False,False,False,0
C005208,5,34.38,171.37,0,1,1,Two year,None,Electronic cheque,True,True,False,0
C005209,23,118.15,2568.18,1,0,2,Month-to-month,Fibre optic,Credit card,True,False,True,1
C005210,12,65.71,775.27,1,3,0,One year,Fibre optic,Credit card,False,False,True,0
C005211,55,100.63,5673.85,3,0,5,Month-to-month,Fibre optic,Credit card,False,False,False,1
C005212,22,75.01,1544.0,0,0,0,Month-to-month,Fibre optic,Credit card,True,False,False,1
C005213,9,51.34,450.46,2,1,5,Month-to-month,DSL,Bank transfer,True,False,True,1
C005214,24,92.64,2012.51,1,1,0,Month-to-month,Fibre optic,Credit card,False,False,False,1
C005215,17,24.33,386.03,0,1,1,Month-to-month,None,Bank transfer,False,False,False,0
C005216,35,59.23,2090.99,3,0,4,One year,Fibre optic,Electronic cheque,False,False,False,0
C005217,10,52.5,505.21,0,1,2,Two year,DSL,Post,False,False,False,0
C005218,22,80.46,1787.61,0,0,3,Month-to-month,Fibre optic,Electronic cheque,True,False,True,1
C005219,3,121.03,375.27,1,0,3,Month-to-month,Fibre optic,Credit card,False,False,False,1
C005220,16,42.9,680.85,0,0,0,Month-to-month,DSL,Electronic cheque,True,False,True,1
C005221,5,59.76,298.66,4,2,0,Month-to-month,DSL,Electronic cheque,True,False,False,1
C005222,17,26.0,433.72,2,1,5,Month-to-month,DSL,Post,True,False,False,0
C005223,20,18.35,370.22,0,0,2,One year,None,Post,False,True,False,0
C005224,21,67.84,1425.11,1,0,2,Two year,DSL,Electronic cheque,True,False,False,1
C005225,9,15.0,129.98,0,1,1,Month-to-month,None,Credit card,True,False,False,1
C005226,16,112.69,1778.28,2,0,5,One year,Fibre optic,Credit card,False,True,False,0
C005227,32,36.36,1210.19,0,2,4,One year,None,Bank transfer,True,False,True,0
C005228,45,34.8,1629.0,1,1,3,Month-to-month,None,Bank transfer,True,False,False,0
C005229,17,28.28,482.73,0,1,5,Month-to-month,None,Credit card,True,False,False,1
C005230,33,30.28,917.41,2,0,4,Month-to-month,None,Bank transfer,True,False,False,0
C005231,7,66.02,474.63,0,0,3,Month-to-month,Fibre optic,Electronic cheque,False,False,False,0
C005232,11,48.87,516.4,0,0,5,Two year,DSL,Bank transfer,True,False,True,0
C005233,18,35.89,635.07,1,0,0,Month-to-month,DSL,Electronic cheque,True,False,False,1
C005234,14,85.2,1194.66,2,0,5,Month-to-month,Fibre optic,Credit card,False,False,False,0
C005235,13,53.52,727.49,1,1,4,Month-to-month,DSL,Post,True,False,False,0
C005236,30,103.04,3068.24,2,1,2,Month-to-month,Fibre optic,Bank transfer,False,True,True,1
C005237,6,69.51,424.99,1,0,4,Two year,DSL,Bank transfer,True,False,True,0
C005238,6,73.28,417.16,0,0,0,Month-to-month,Fibre optic,Electronic cheque,True,False,True,1
C005239,4,46.84,188.74,1,2,0,One year,DSL,Electronic cheque,False,True,True,1
C005240,18,69.73,1293.64,0,0,5,Month-to-month,DSL,Bank transfer,True,False,False,0
C005241,12,89.23,1058.23,2,0,5,Month-to-month,Fibre optic,Post,False,False,False,1
C005242,28,74.36,,2,2,2,Month-to-month,Fibre optic,Electronic cheque,False,False,False,0
C005243,17,27.47,487.53,0,2,4,Two year,None,Electronic cheque,True,False,True,0
C005244,9,58.65,522.2,0,0,2,Month-to-month,Fibre optic,Electronic cheque,True,False,False,1
C005245,8,86.07,697.72,3,1,2,One year,Fibre optic,Electronic cheque,False,False,False,1
C005246,13,51.0,647.15,0,1,4,Month-to-month,DSL,Bank transfer,False,False,True,0
C005247,5,29.02,144.81,0,0,1,One year,DSL,Post,False,False,False,0
C005248,31,84.15,2526.16,0,1,4,One year,Fibre optic,Post,True,False,True,0
C005249,11,56.45,592.04,2,0,2,One year,DSL,Electronic cheque,True,True,False,1
C005250,4,15.0,59.14,0,0,3,Month-to-month,None,Electronic cheque,True,False,True,0
C005251,35,15.0,543.72,1,2,3,Month-to-month,None,Electronic cheque,True,True,False,0
C005252,13,38.19,500.41,0,0,4,Two year,DSL,Bank transfer,False,False,False,0
C005253,23,72.74,1711.48,1,2,0,One year,Fibre optic,Post,False,True,False,0
C005254,9,60.53,526.46,3,0,0,Month-to-month,Fibre optic,Post,True,False,False,1
C005255,36,35.35,1353.62,1,1,3,Month-to-month,DSL,Credit card,False,False,False,0
C005256,7,105.47,759.62,0,0,5,Month-to-month,Fibre optic,Electronic cheque,True,False,False,0
C005257,12,101.37,1180.64,2,0,4,Month-to-month,Fibre optic,Electronic cheque,True,False,True,1
C005258,2,33.92,66.9,1,0,3,Month-to-month,None,Electronic cheque,False,False,False,1
C005259,35,50.69,1692.56,2,0,2,Month-to-month,DSL,Post,True,True,True,1
C005260,8,99.51,756.71,2,0,1,Month-to-month,Fibre optic,Electronic cheque,True,False,False,1
C005261,19,47.54,914.01,0,0,3,One year,DSL,Electronic cheque,True,False,False,0
C005262,21,47.93,938.49,2,0,1,Two year,DSL,Credit card,True,False,False,0
C005263,32,78.55,2523.13,0,0,1,One year,Fibre optic,Electronic cheque,True,False,False,0
C005264,18,67.43,1186.97,1,0,3,Month-to-month,Fibre optic,Post,False,False,False,1
C005265,14,92.67,1318.39,3,0,5,One year,Fibre optic,Electronic cheque,True,False,False,1
C005266,29,15.0,436.49,0,1,4,Month-to-month,None,Electronic cheque,True,False,False,0
C005267,21,66.88,1344.41,0,0,3,One year,DSL,,False,True,False,0
C005268,12,79.8,950.21,1,0,4,Month-to-month,Fibre optic,Electronic cheque,True,True,False,1
C005269,37,86.43,3210.34,2,0,5,Month-to-month,DSL,Bank transfer,False,False,False,0
C005270,22,18.58,409.59,1,0,2,One year,None,Electronic cheque,False,False,False,0
C005271,5,71.86,358.2,0,0,4,Month-to-month,DSL,Electronic cheque,False,False,True,0
C005272,41,43.49,1848.69,1,0,0,One year,DSL,Post,True,False,True,0
C005273,9,65.46,608.49,2,0,3,One year,Fibre optic,Electronic cheque,False,False,True,1
C005274,31,82.33,2465.44,3,3,2,Month-to-month,Fibre optic,Electronic cheque,False,False,False,0
C005275,4,90.67,347.35,1,1,1,Month-to-month,Fibre optic,Electronic cheque,False,False,True,1
C005276,29,16.04,446.94,0,0,2,One year,None,Post,True,False,False,0
C005277,5,101.36,503.52,1,0,4,One year,Fibre optic,Electronic cheque,True,False,False,0
C005278,17,111.33,1903.98,0,2,0,Two year,Fibre optic,Credit card,True,False,True,0
C005279,21,27.12,600.26,1,0,5,Month-to-month,None,Credit card,True,False,True,0
C005280,12,105.21,1228.09,1,0,3,Two year,Fibre optic,Post,True,False,False,0
C005281,15,43.74,655.93,0,1,2,Month-to-month,DSL,Electronic cheque,True,True,False,0
C005282,6,17.38,103.51,2,2,3,Month-to-month,None,Bank transfer,True,True,False,1
C005283,27,94.26,2579.86,1,1,5,One year,Fibre optic,Bank transfer,True,False,False,0
C005284,18,84.31,1514.28,2,0,4,Month-to-month,Fibre optic,Electronic cheque,False,False,False,1
C005285,7,68.92,469.91,1,1,5,Month-to-month,Fibre optic,Electronic cheque,False,False,True,1
C005286,19,64.82,1236.49,1,1,0,Month-to-month,DSL,Credit card,True,False,False,0
C005287,19,17.93,358.15,1,0,2,Two year,None,Bank transfer,False,True,False,0
C005288,16,60.94,973.03,1,1,1,Two year,DSL,Electronic cheque,True,False,False,0
C005289,1,30.55,32.07,1,0,5,Two year,None,Bank transfer,True,True,False,0
C005290,11,18.39,201.61,0,0,3,Month-to-month,None,Electronic cheque,True,False,False,0
C005291,27,15.0,419.39,0,0,0,Month-to-month,None,,True,False,False,0
C005292,22,53.02,1145.99,2,2,4,Two year,DSL,Electronic cheque,False,False,False,0
C005293,22,74.51,1663.04,3,0,3,Month-to-month,Fibre optic,Bank transfer,True,False,False,0
C005294,18,70.61,1314.21,1,0,1,Month-to-month,DSL,Electronic cheque,True,False,False,1
C005295,29,95.04,2825.27,3,0,3,Month-to-month,Fibre optic,Bank transfer,False,False,True,0
C005296,9,120.92,1146.37,1,1,2,One year,Fibre optic,Electronic cheque,True,False,False,0
C005297,8,77.08,668.55,0,2,3,One year,Fibre optic,Electronic cheque,False,False,False,1
C005298,48,88.65,4064.4,1,0,3,Month-to-month,Fibre optic,Credit card,False,False,False,1
C005299,8,20.0,154.46,0,0,0,Month-to-month,None,Electronic cheque,False,False,True,1
C005300,5,49.03,234.54,1,0,3,One year,DSL,Bank transfer,False,False,False,0
C005301,12,45.86,582.17,1,2,0,One year,Fibre optic,Credit card,False,False,False,0
C005302,16,67.07,1053.5,3,0,3,Month-to-month,Fibre optic,Credit card,True,False,False,0
C005303,29,60.51,1736.49,2,0,0,Month-to-month,DSL,Electronic cheque,True,False,False,1
C005304,11,115.9,1294.88,1,0,2,Two year,Fibre optic,Electronic cheque,True,True,False,1
C005305,11,68.39,751.32,0,0,5,One year,Fibre optic,Bank transfer,True,False,False,1
C005306,15,63.1,956.64,1,0,3,One year,Fibre optic,Post,True,False,True,0
C005307,10,112.63,1106.08,1,0,0,One year,Fibre optic,Credit card,True,False,False,1
C005308,4,16.11,67.23,0,0,1,Two year,None,Post,True,False,False,0
C005309,5,30.8,148.92,0,0,0,Month-to-month,None,Credit card,True,False,False,0
C005310,35,70.38,2455.57,0,0,0,Month-to-month,DSL,Electronic cheque,False,True,True,1
C005311,25,108.3,2729.02,1,1,5,Month-to-month,Fibre optic,Electronic cheque,True,True,True,1
C005312,15,33.13,506.78,1,0,4,Two year,None,Electronic cheque,True,False,False,1
C005313,22,46.96,1045.02,2,1,5,Month-to-month,DSL,Credit card,True,False,True,1
C005314,26,62.35,1605.83,2,1,2,Month-to-month,Fibre optic,Electronic cheque,True,False,False,1
C005315,9,105.17,926.43,1,0,4,Month-to-month,Fibre optic,Credit card,False,False,False,0
C005316,6,60.78,383.75,1,0,1,One year,DSL,Electronic cheque,True,False,False,0
C005317,32,71.0,,0,0,4,One year,Fibre optic,Electronic cheque,True,False,False,0
C005318,1,78.8,80.77,3,0,5,Month-to-month,Fibre optic,Electronic cheque,True,False,True,1
C005319,22,59.02,1250.11,0,0,2,Month-to-month,DSL,Post,True,False,True,1
C005320,17,76.02,1310.12,2,0,2,One year,DSL,Credit card,True,False,True,1
C005321,30,24.93,769.21,1,0,2,Month-to-month,None,Bank transfer,True,True,False,0
C005322,23,21.54,475.38,1,0,3,One year,None,Bank transfer,True,False,False,0
C005323,22,80.04,1796.32,2,0,2,Month-to-month,Fibre optic,Credit card,False,False,True,1
C005324,7,109.18,749.44,0,1,0,Two year,Fibre optic,Electronic cheque,False,False,False,0
C005325,26,77.34,1870.82,3,0,1,Month-to-month,DSL,Electronic cheque,True,True,False,1
C005326,20,16.2,331.78,1,1,2,One year,None,Electronic cheque,True,False,False,0
C005327,7,66.36,449.71,0,1,1,Month-to-month,DSL,Bank transfer,True,False,False,0
C005328,17,23.35,388.82,0,0,0,Month-to-month,None,Electronic cheque,True,False,True,0
C005329,5,114.21,545.68,1,1,2,One year,Fibre optic,Electronic cheque,True,False,False,1
C005330,13,36.72,467.06,0,1,5,One year,DSL,Electronic cheque,False,False,False,0
C005331,61,80.82,5137.83,1,0,4,One year,Fibre optic,Electronic cheque,False,False,False,0
C005332,6,26.48,167.34,2,0,4,One year,None,Bank transfer,False,False,True,0
C005333,4,29.6,115.38,0,0,4,One year,None,Credit card,True,False,True,0
C005334,5,76.21,378.84,0,0,1,Two year,Fibre optic,Bank transfer,True,True,False,0
C005335,13,59.89,784.52,1,0,2,Month-to-month,DSL,Electronic cheque,True,False,True,1
C005336,24,91.67,2129.59,2,0,5,Two year,Fibre optic,Credit card,True,False,True,0
C005337,15,64.72,988.95,1,2,5,Month-to-month,Fibre optic,Bank transfer,True,False,True,1
C005338,4,86.63,361.2,2,0,5,Month-to-month,Fibre optic,Credit card,False,False,False,1
C005339,24,70.4,1626.94,1,0,4,One year,DSL,Bank transfer,True,False,False,0
C005340,2,26.06,54.23,1,0,2,Month-to-month,None,Post,True,False,False,1
C005341,5,70.97,341.92,2,0,3,Month-to-month,Fibre optic,Bank transfer,False,False,False,1
C005342,9,74.39,663.41,1,1,3,Month-to-month,DSL,Credit card,False,False,False,0
C005343,32,65.36,2248.01,0,2,2,Month-to-month,DSL,Electronic cheque,True,False,True,0
C005344,16,27.67,467.4,1,0,2,One year,DSL,Electronic cheque,False,False,False,0
C005345,16,67.29,1032.32,1,0,3,Month-to-month,Fibre optic,Post,False,False,True,0
C005346,4,81.62,334.63,0,0,4,Month-to-month,DSL,Credit card,True,True,True,1
C005347,10,78.26,751.23,1,0,4,Month-to-month,Fibre optic,Bank transfer,True,False,False,1
C005348,28,59.22,1683.64,2,0,0,Month-to-month,DSL,Electronic cheque,False,False,False,0
C005349,19,46.36,870.1,0,0,4,Month-to-month,DSL,Electronic cheque,False,False,False,0
C005350,25,49.08,1249.42,2,1,0,Month-to-month,DSL,Credit card,False,True,True,1
C005351,15,72.95,1104.9,1,0,2,Two year,Fibre optic,Electronic cheque,False,False,False,0
C005352,29,71.23,2080.63,1,0,5,One year,Fibre optic,Post,False,True,False,0
C005353,4,91.1,362.22,1,0,0,Month-to-month,Fibre optic,Credit card,True,False,True,1
C005354,13,99.88,1385.72,2,0,3,Month-to-month,Fibre optic,Electronic cheque,False,False,False,1
C005355,22,107.87,2338.21,1,1,3,Month-to-month,Fibre optic,Electronic cheque,False,False,False,1
C005356,3,81.98,241.04,0,1,2,Month-to-month,Fibre optic,Electronic cheque,True,False,True,0
C005357,1,41.15,43.08,2,0,5,Month-to-month,DSL,Electronic cheque,False,False,False,1
C005358,48,87.36,4062.09,1,2,2,Two year,Fibre optic,Post,True,True,True,0
C005359,16,76.41,1259.77,1,0,4,One year,DSL,Credit card,False,False,False,1
C005360,3,71.1,211.28,2,0,4,Month-to-month,Fibre optic,Post,False,False,False,1
C005361,16,111.32,1735.44,2,1,2,Month-to-month,Fibre optic,Electronic cheque,True,False,False,1
C005362,5,85.4,441.6,3,0,1,One year,Fibre optic,Post,True,True,False,1
C005363,7,94.63,668.48,1,0,0,Two year,Fibre optic,Electronic cheque,False,False,False,1
C005364,32,92.64,2970.7,2,0,2,Month-to-month,Fibre optic,Electronic cheque,False,False,False,1
C005365,9,67.76,613.27,1,2,2,Two year,DSL,Bank transfer,True,False,True,0
C005366,9,15.0,137.8,0,0,4,Month-to-month,None,Electronic cheque,True,False,True,0
C005367,5,74.55,356.54,0,0,0,One year,DSL,Credit card,True,False,False,1
C005368,11,47.67,541.5,1,1,2,Month-to-month,DSL,Credit card,False,False,False,1
C005369,17,61.35,989.06,0,0,0,One year,DSL,Credit card,True,False,False,0
C005370,9,21.86,190.28,1,1,4,Month-to-month,None,Post,True,False,False,0
C005371,57,20.72,1207.63,0,0,0,Month-to-month,None,Post,True,False,False,0
C005372,6,48.76,301.55,1,0,3,One year,DSL,Electronic cheque,True,False,False,1
C005373,6,58.34,344.41,0,0,0,One year,DSL,Bank transfer,False,False,False,0
C005374,11,83.59,942.79,1,1,2,One year,Fibre optic,Credit card,True,False,False,0
C005375,52,59.06,3040.62,3,0,4,Month-to-month,DSL,Bank transfer,False,False,False,0
C005376,25,85.45,2030.94,0,0,5,One year,DSL,Post,False,False,False,0
C005377,9,96.2,849.26,0,0,5,Month-to-month,Fibre optic,Bank transfer,False,False,False,0
C005378,9,66.99,577.68,2,1,3,One year,Fibre optic,Electronic cheque,False,False,False,0
C005379,6,89.91,539.29,0,0,4,Month-to-month,Fibre optic,Electronic cheque,False,False,True,1
C005380,11,83.02,920.69,0,1,3,Month-to-month,Fibre optic,Credit card,False,False,True,1
C005381,12,69.12,840.05,1,1,3,Month-to-month,Fibre optic,Electronic cheque,False,False,True,1
C005382,24,115.13,2651.97,1,0,0,Two year,Fibre optic,Credit card,False,False,False,0
C005383,20,66.91,1355.54,0,0,2,One year,DSL,Credit card,False,False,False,1
C005384,10,41.09,417.82,1,0,2,Month-to-month,DSL,Bank transfer,False,False,False,1
C005385,40,15.0,624.06,2,0,2,One year,None,Electronic cheque,True,False,False,1
C005386,8,73.4,577.23,0,0,2,Month-to-month,DSL,Post,True,False,True,0
C005387,4,73.06,282.85,3,2,1,Month-to-month,Fibre optic,Credit card,False,False,False,1
C005388,17,25.44,421.99,2,1,0,Month-to-month,DSL,Electronic cheque,True,False,False,1
C005389,31,33.05,1030.4,0,0,2,One year,DSL,Credit card,False,True,False,0
C005390,14,89.88,1256.97,1,1,1,Two year,Fibre optic,Credit card,True,False,False,1
C005391,4,23.65,94.08,0,1,4,Two year,DSL,Electronic cheque,False,False,False,1
C005392,16,96.0,1509.48,0,0,3,Month-to-month,Fibre optic,Credit card,False,False,False,1
C005393,18,80.21,1469.58,1,1,4,Month-to-month,Fibre optic,Electronic cheque,True,False,False,0
C005394,19,101.86,1966.44,1,0,5,Two year,Fibre optic,Post,True,False,False,0
C005395,17,54.6,920.46,1,1,4,Month-to-month,Fibre optic,Credit card,False,True,True,1
C005396,33,64.14,2264.67,0,0,5,One year,DSL,Electronic cheque,True,False,True,0
C005397,5,22.79,109.38,1,1,5,Two year,None,Credit card,False,False,False,0
C005398,0,26.53,26.1,0,0,5,Month-to-month,None,Electronic cheque,True,False,False,0
C005399,2,68.43,132.69,0,0,5,Month-to-month,DSL,Electronic cheque,True,False,False,1
C005400,4,52.89,206.68,2,1,2,Two year,Fibre optic,Post,True,False,True,0
C005401,27,50.36,1349.5,1,1,2,One year,Fibre optic,Electronic cheque,False,False,True,0
C005402,11,83.77,930.17,2,0,4,Two year,Fibre optic,Credit card,False,False,False,1
C005403,42,68.36,2873.08,1,0,0,One year,DSL,Electronic cheque,False,False,False,0
C005404,5,76.17,412.91,1,1,5,Month-to-month,DSL,Post,False,False,False,1
C005405,41,74.33,2898.54,1,1,2,Two year,DSL,Electronic cheque,True,True,True,0
C005406,7,72.38,501.15,0,2,5,One year,DSL,Electronic cheque,False,True,True,0
C005407,12,108.44,1325.96,3,0,3,Two year,Fibre optic,Electronic cheque,True,False,False,1
C005408,3,22.0,60.45,0,0,5,Month-to-month,None,Credit card,False,False,True,0
C005409,38,108.68,4219.12,3,2,5,Month-to-month,Fibre optic,,True,False,False,1
C005410,14,78.27,1141.81,1,0,0,Month-to-month,Fibre optic,Electronic cheque,True,True,False,0
C005411,58,65.22,3744.3,1,2,0,Month-to-month,DSL,Credit card,False,False,False,0
C005412,32,109.34,3426.1,0,0,5,Two year,Fibre optic,Bank transfer,False,True,False,0
C005413,12,82.16,971.0,1,0,5,Two year,Fibre optic,Credit card,False,False,False,1
C005414,8,17.65,142.61,0,0,0,Month-to-month,None,Credit card,True,False,False,0
C005415,28,78.26,2200.6,1,2,1,Two year,Fibre optic,Post,False,False,False,1
C005416,15,95.67,1460.81,0,0,3,Month-to-month,Fibre optic,Post,True,False,True,1
C005417,7,79.59,543.04,1,2,4,Two year,DSL,Electronic cheque,True,False,True,1
C005418,16,18.98,311.97,0,1,4,One year,None,Bank transfer,True,False,False,0
C005419,2,79.12,157.64,0,0,3,One year,DSL,Bank transfer,False,True,False,1
C005420,20,69.41,1493.96,0,1,3,One year,DSL,Bank transfer,True,True,False,0
C005421,23,84.13,1876.44,2,1,2,One year,Fibre optic,Credit card,False,False,True,0
C005422,5,45.28,235.98,0,0,2,Two year,DSL,Electronic cheque,False,True,False,0
C005423,34,60.75,2021.17,1,1,0,Month-to-month,DSL,Post,False,False,False,0
C005424,29,25.12,700.82,1,0,4,Two year,None,Credit card,True,False,True,0
C005425,18,62.78,1129.3,0,0,3,Month-to-month,DSL,Bank transfer,False,False,False,0
C005426,6,49.22,284.85,0,0,3,Month-to-month,DSL,Credit card,False,False,False,0
C005427,24,66.53,1613.83,1,0,3,One year,DSL,Electronic cheque,False,False,True,0
C005428,11,52.32,592.57,0,0,4,One year,DSL,Bank transfer,False,False,False,0
C005429,17,29.52,,2,0,4,Two year,None,Post,True,False,False,0
C005430,25,104.48,2546.69,3,2,0,Month-to-month,Fibre optic,Electronic cheque,True,False,False,0
C005431,4,26.25,108.07,0,0,2,Month-to-month,None,Electronic cheque,True,False,False,1
C005432,2,32.73,63.44,0,0,0,Month-to-month,None,Post,True,False,False,0
C005433,10,92.45,881.36,2,1,0,Two year,Fibre optic,Electronic cheque,True,True,True,0
C005434,52,100.29,5354.57,1,0,3,Two year,Fibre optic,Electronic cheque,True,False,False,0
C005435,60,57.11,3445.92,1,1,3,Two year,Fibre optic,,True,True,False,1
C005436,19,53.1,1007.4,3,0,3,Month-to-month,Fibre optic,Credit card,False,False,False,0
C005437,30,70.84,2065.73,0,1,4,Two year,Fibre optic,Bank transfer,True,False,False,0
C005438,14,96.83,1382.41,0,2,1,Month-to-month,Fibre optic,Post,True,False,False,0
C005439,16,87.58,1433.0,4,2,4,Two year,Fibre optic,Credit card,True,False,False,0
C005440,12,71.5,807.67,1,1,5,One year,Fibre optic,Electronic cheque,True,False,False,0
C005441,32,52.11,1812.47,1,0,5,Month-to-month,DSL,Bank transfer,False,False,False,0
C005442,42,87.24,3510.92,1,1,0,One year,Fibre optic,Bank transfer,True,False,False,0
C005443,16,83.06,,3,1,0,One year,Fibre optic,Credit card,True,False,False,1
C005444,16,55.94,882.18,2,1,1,Month-to-month,Fibre optic,Electronic cheque,True,False,True,1
C005445,13,71.13,868.94,0,1,5,Month-to-month,Fibre optic,Post,False,True,True,0
C005446,43,120.22,5018.62,1,0,4,One year,Fibre optic,Credit card,True,False,False,1
C005447,27,78.95,2092.56,2,1,5,Two year,Fibre optic,Credit card,True,False,True,0
C005448,6,60.6,359.38,0,1,2,One year,DSL,Post,True,False,True,1
C005449,51,78.12,3888.03,1,1,4,Month-to-month,Fibre optic,Electronic cheque,False,False,True,1
C005450,1,52.41,54.22,2,1,2,One year,DSL,Credit card,True,False,False,0
C005451,40,58.25,2352.29,3,0,1,Month-to-month,DSL,Post,True,False,True,0
C005452,31,71.94,2291.93,3,0,5,Month-to-month,DSL,Bank transfer,True,False,False,0
C005453,16,72.82,1153.41,0,0,1,Month-to-month,Fibre optic,Electronic cheque,False,False,False,0
C005454,15,107.89,1650.96,1,0,2,Month-to-month,Fibre optic,Post,True,False,False,0
C005455,13,57.31,749.38,0,0,0,Month-to-month,DSL,Bank transfer,True,False,False,0
C005456,6,32.85,201.57,0,0,0,Month-to-month,None,Electronic cheque,False,False,False,1
C005457,48,82.69,3843.81,3,0,5,Month-to-month,Fibre optic,Credit card,True,False,False,0
C005458,15,95.81,1488.01,0,2,5,One year,Fibre optic,Credit card,True,True,False,0
C005459,6,104.34,629.52,2,1,4,Month-to-month,Fibre optic,Credit card,False,False,False,1
C005460,46,57.66,2655.17,2,0,3,Month-to-month,Fibre optic,Post,False,False,False,0
C005461,21,86.27,1886.94,3,0,4,Month-to-month,Fibre optic,Bank transfer,False,False,False,1
C005462,22,67.75,1477.8,1,1,1,One year,DSL,Bank transfer,True,True,True,0
C005463,53,68.88,3610.66,0,0,0,Two year,DSL,Bank transfer,True,False,False,0
C005464,24,74.64,1862.3,2,0,0,Month-to-month,Fibre optic,Bank transfer,True,False,False,0
C005465,9,27.75,246.82,0,2,2,One year,None,Electronic cheque,False,False,False,0
C005466,24,94.62,2256.99,2,1,2,Two year,Fibre optic,Credit card,True,False,True,1
C005467,7,122.92,,0,0,3,One year,Fibre optic,Post,True,False,False,0
C005468,10,67.47,656.09,2,1,5,Month-to-month,DSL,Electronic cheque,True,False,False,0
C005469,19,87.47,1712.16,2,0,0,Month-to-month,Fibre optic,Electronic cheque,True,True,False,1
C005470,30,24.23,732.22,1,0,3,Month-to-month,None,Credit card,True,False,True,0
C005471,9,101.13,880.42,2,1,0,Month-to-month,Fibre optic,Post,True,False,True,1
C005472,13,109.45,1397.58,2,0,2,Month-to-month,Fibre optic,Bank transfer,False,False,True,0
C005473,13,57.45,725.82,0,1,0,Two year,DSL,Post,True,False,False,1
C005474,33,78.9,2631.67,0,2,2,Month-to-month,DSL,Credit card,True,True,True,0
C005475,15,46.42,705.98,1,0,1,Month-to-month,DSL,Electronic cheque,False,False,False,0
C005476,50,87.57,4298.56,4,0,1,Two year,Fibre optic,Electronic cheque,True,False,False,0
C005477,10,105.21,1018.62,0,1,4,One year,Fibre optic,Electronic cheque,False,False,True,1
C005478,10,68.42,649.78,0,1,2,Month-to-month,DSL,Credit card,True,False,False,0
C005479,40,15.28,637.69,0,1,2,Two year,None,Credit card,True,False,False,0
C005480,23,15.0,342.11,2,1,0,Month-to-month,None,Credit card,True,True,False,0
C005481,39,61.71,2446.63,1,0,5,Month-to-month,Fibre optic,Post,True,False,False,0
C005482,5,16.28,78.81,0,0,5,Month-to-month,None,Credit card,True,False,False,0
C005483,15,29.7,440.6,0,0,5,Month-to-month,None,Electronic cheque,True,False,False,0
C005484,19,44.77,821.09,1,0,1,Two year,DSL,Bank transfer,True,False,False,0
C005485,18,16.52,303.05,1,0,2,Month-to-month,None,Bank transfer,True,False,False,0
C005486,13,109.63,1458.13,1,1,1,Two year,Fibre optic,Bank transfer,True,False,False,0
C005487,18,69.04,1272.71,0,1,1,Month-to-month,DSL,Post,True,False,False,0
C005488,18,61.32,1077.1,0,0,3,Two year,DSL,Electronic cheque,True,False,True,0
C005489,9,114.33,1032.09,2,0,2,Month-to-month,Fibre optic,Electronic cheque,True,False,True,1
C005490,32,20.76,640.0,3,0,2,Two year,None,Electronic cheque,False,False,False,0
C005491,47,97.23,4586.62,1,1,1,Month-to-month,Fibre optic,Bank transfer,True,False,False,0
C005492,26,79.4,2112.15,4,0,5,Two year,Fibre optic,Credit card,True,False,False,0
C005493,21,59.69,1238.66,0,2,0,Two year,DSL,Post,True,False,False,0
C005494,14,15.17,211.39,0,0,0,One year,None,Electronic cheque,True,True,False,1
C005495,19,58.59,1081.19,0,0,0,Month-to-month,DSL,Electronic cheque,True,False,False,0
C005496,20,99.96,1949.08,1,0,1,One year,Fibre optic,Electronic cheque,True,False,False,0
C005497,6,88.53,518.1,5,1,5,One year,Fibre optic,Credit card,True,False,True,0
C005498,31,39.25,1190.48,1,1,2,One year,DSL,Credit card,True,False,False,0
C005499,11,22.14,250.54,2,1,2,One year,None,Bank transfer,True,False,True,1
C005500,41,25.03,1004.09,0,1,2,Two year,None,Electronic cheque,True,True,False,0
C005501,17,82.39,1399.62,1,0,2,Two year,Fibre optic,Credit card,False,False,True,0
C005502,32,76.93,2521.68,2,0,5,Month-to-month,Fibre optic,Credit card,False,False,False,0
C005503,25,15.0,378.42,0,1,4,Month-to-month,None,Bank transfer,True,False,True,0
C005504,5,57.27,308.5,2,1,1,Month-to-month,DSL,Post,False,False,False,1
C005505,39,84.5,3362.39,1,0,5,One year,DSL,Bank transfer,True,False,False,0
C005506,8,103.24,817.98,1,0,5,Two year,Fibre optic,Credit card,False,False,False,1
C005507,10,51.42,492.12,0,0,2,Month-to-month,Fibre optic,Credit card,False,True,False,1
C005508,11,74.14,844.56,0,0,0,Month-to-month,Fibre optic,Bank transfer,True,False,True,1
C005509,3,75.67,223.91,1,1,1,Month-to-month,Fibre optic,Post,True,False,True,0
C005510,18,89.53,1573.15,3,0,4,Month-to-month,Fibre optic,Credit card,False,False,False,1
C005511,33,79.92,2563.44,0,0,3,Two year,DSL,Credit card,False,False,False,0
C005512,40,52.42,2025.82,0,0,4,One year,DSL,Post,True,False,False,0
C005513,13,48.15,621.53,0,2,1,Month-to-month,DSL,Credit card,True,False,True,1
C005514,15,92.32,1363.0,2,0,1,Month-to-month,Fibre optic,Electronic cheque,False,False,True,0
C005515,27,87.31,2370.73,0,0,0,Month-to-month,Fibre optic,Electronic cheque,False,False,False,1
C005516,14,34.3,512.02,2,1,0,One year,None,Credit card,False,False,True,0
C005517,35,79.68,2793.86,0,1,2,One year,Fibre optic,Credit card,True,False,True,0
C005518,15,91.73,1447.9,2,0,3,Month-to-month,Fibre optic,Credit card,True,False,False,1
C005519,7,49.62,343.96,0,0,2,Month-to-month,DSL,Bank transfer,True,True,False,0
C005520,18,65.4,1169.08,1,0,4,Two year,Fibre optic,,True,False,False,0
C005521,4,15.0,55.83,0,1,2,Two year,None,Credit card,True,False,False,0
C005522,18,52.89,986.73,4,0,5,One year,DSL,Bank transfer,False,False,False,0
C005523,21,62.13,1270.8,2,0,3,Month-to-month,Fibre optic,Post,True,True,False,0
C005524,8,52.03,425.91,1,1,3,Two year,DSL,Credit card,False,False,False,0
C005525,20,35.06,649.16,2,1,4,One year,DSL,Bank transfer,True,False,False,0
C005526,12,87.34,1026.26,1,0,2,Two year,Fibre optic,Credit card,True,False,True,0
C005527,8,79.34,636.96,0,1,5,Month-to-month,Fibre optic,Electronic cheque,True,False,False,0
C005528,3,93.24,277.86,1,0,5,Month-to-month,Fibre optic,Credit card,True,False,True,1
C005529,4,21.26,82.87,1,1,1,Month-to-month,None,Bank transfer,True,False,False,0
C005530,44,18.36,812.38,1,1,2,Two year,None,Post,True,False,False,1
C005531,12,79.54,975.55,2,1,1,One year,Fibre optic,Electronic cheque,True,True,False,1
C005532,20,50.14,958.9,0,0,1,Month-to-month,DSL,Electronic cheque,False,True,False,1
C005533,13,115.44,1522.56,0,0,0,Two year,Fibre optic,Electronic cheque,False,False,False,0
C005534,45,110.21,5118.22,0,0,5,Two year,Fibre optic,Credit card,True,False,True,0
C005535,8,113.62,935.41,1,0,2,Month-to-month,Fibre optic,Electronic cheque,True,False,False,1
C005536,16,75.29,1205.19,3,1,2,One year,Fibre optic,,False,False,False,1
C005537,10,72.73,720.51,2,0,1,One year,Fibre optic,Credit card,False,False,False,1
C005538,31,77.86,2459.21,1,0,2,Month-to-month,DSL,Bank transfer,True,False,False,0
C005539,20,49.74,989.53,2,0,5,One year,DSL,Bank transfer,False,False,True,0
C005540,16,85.0,1410.58,1,0,5,Month-to-month,Fibre optic,Post,True,False,False,1
C005541,5,21.75,116.3,1,0,0,Two year,None,Credit card,False,False,False,0
C005542,58,91.55,5121.91,0,0,5,Two year,Fibre optic,Bank transfer,True,False,False,0
C005543,14,18.36,259.66,1,1,4,Two year,None,Post,True,False,False,0
C005544,7,60.6,423.02,1,0,1,One year,Fibre optic,Credit card,True,True,False,0
C005545,3,59.43,167.53,0,1,5,Month-to-month,DSL,Bank transfer,True,False,True,0
C005546,4,75.71,306.4,0,0,1,Month-to-month,Fibre optic,Credit card,True,False,False,1
C005547,16,15.0,238.98,0,0,5,One year,None,Bank transfer,True,False,False,0
C005548,32,36.67,1202.51,1,0,3,Month-to-month,Fibre optic,Credit card,False,False,False,0
C005549,19,68.94,1345.04,3,0,4,One year,Fibre optic,Credit card,True,False,False,1
C005550,4,84.19,338.48,1,2,3,Month-to-month,Fibre optic,Post,True,False,False,1
C005551,16,55.61,914.66,1,0,5,Month-to-month,DSL,Electronic cheque,False,False,False,0
C005552,38,54.96,2010.17,0,0,4,Month-to-month,DSL,Electronic cheque,False,False,True,0
C005553,12,56.42,675.69,0,0,1,One year,DSL,Post,True,False,False,0
C005554,19,97.63,1919.99,0,0,5,Month-to-month,Fibre optic,Bank transfer,False,True,True,1
C005555,12,20.76,255.39,0,0,4,One year,None,Electronic cheque,False,False,False,0
C005556,22,92.24,2018.78,0,0,0,Month-to-month,DSL,Electronic cheque,True,True,True,0
C005557,8,34.89,282.71,2,0,4,One year,DSL,Electronic cheque,True,False,False,0
C005558,0,56.88,55.5,1,0,1,One year,Fibre optic,Bank transfer,False,False,False,1
C005559,5,34.16,178.69,1,1,1,One year,None,Credit card,True,False,True,0
C005560,10,81.71,840.08,1,1,0,Month-to-month,Fibre optic,Bank transfer,True,False,False,0
C005561,14,81.9,1150.86,1,0,1,Month-to-month,Fibre optic,Credit card,False,False,True,0
C005562,11,91.71,1020.45,1,0,1,Month-to-month,Fibre optic,Electronic cheque,False,False,True,1
C005563,11,56.92,635.0,2,0,3,One year,Fibre optic,Post,False,False,True,0
C005564,32,17.46,569.1,0,0,1,Month-to-month,None,Electronic cheque,False,False,False,1
C005565,6,72.56,431.76,1,0,4,Two year,DSL,Post,True,False,True,0
C005566,16,29.79,486.34,0,0,4,Two year,None,Post,False,False,False,0
C005567,4,93.32,395.38,2,0,1,Month-to-month,Fibre optic,Credit card,True,True,False,1
C005568,26,79.13,2111.65,0,0,4,Two year,Fibre optic,Electronic cheque,False,False,True,0
C005569,19,52.83,993.74,0,1,2,One year,DSL,Electronic cheque,True,False,False,1
C005570,57,25.88,1460.1,1,0,4,Month-to-month,None,Bank transfer,True,True,False,0
C005571,6,84.42,510.01,1,1,0,One year,Fibre optic,,True,True,False,0
C005572,46,85.49,4111.26,1,1,3,Two year,Fibre optic,Electronic cheque,False,False,True,1
C005573,7,84.3,598.1,0,0,1,Month-to-month,Fibre optic,Credit card,True,False,False,1
C005574,12,70.46,800.12,3,0,4,Month-to-month,DSL,Credit card,True,False,False,1
C005575,4,39.1,151.68,1,0,0,One year,DSL,Electronic cheque,True,False,True,0
C005576,57,44.19,2443.15,1,1,2,Month-to-month,DSL,Bank transfer,False,False,False,0
C005577,21,74.18,1587.68,0,2,3,One year,DSL,Bank transfer,False,False,False,0
C005578,21,70.56,1425.94,1,0,0,One year,Fibre optic,Bank transfer,True,False,True,1
C005579,7,103.57,748.42,0,0,2,One year,Fibre optic,Credit card,False,False,False,1
C005580,1,75.69,79.54,1,1,2,Month-to-month,Fibre optic,Credit card,True,False,True,1
C005581,11,130.0,1467.48,1,1,4,Month-to-month,Fibre optic,Post,False,False,True,1
C005582,9,74.48,629.27,0,0,1,Two year,DSL,Post,True,True,False,0
C005583,2,123.65,241.05,3,1,3,Month-to-month,Fibre optic,Credit card,False,False,False,1
C005584,12,102.84,1224.45,2,1,0,Month-to-month,Fibre optic,Post,True,False,False,0
C005585,16,64.8,1020.08,0,0,2,Month-to-month,Fibre optic,Bank transfer,False,False,False,1
C005586,22,43.95,940.23,1,0,4,Month-to-month,DSL,Credit card,False,False,False,0
C005587,1,17.97,,1,0,1,Month-to-month,None,Electronic cheque,False,False,False,1
C005588,5,79.34,397.78,2,0,3,Month-to-month,Fibre optic,Credit card,True,False,False,1
C005589,7,16.73,115.28,0,0,0,One year,None,Electronic cheque,False,False,False,0
C005590,33,82.36,2692.17,1,0,3,One year,Fibre optic,Bank transfer,False,False,True,0
C005591,32,84.05,2747.25,1,0,0,Two year,Fibre optic,Electronic cheque,True,False,False,0
C005592,20,27.89,519.76,2,0,2,Two year,None,Credit card,True,True,False,1
C005593,12,31.87,363.93,0,1,4,Month-to-month,None,Credit card,False,False,False,0
C005594,34,24.47,819.8,0,1,3,Month-to-month,None,Post,True,False,True,0
C005595,18,18.86,335.29,2,0,1,Two year,None,Post,False,False,False,0
C005596,33,29.16,944.54,1,1,3,Month-to-month,None,Credit card,False,False,False,0
C005597,21,75.09,1577.51,1,0,5,Month-to-month,Fibre optic,Credit card,True,False,True,0
C005598,3,59.42,176.25,1,0,1,Month-to-month,DSL,Electronic cheque,False,False,False,0
C005599,1,84.38,88.22,1,0,1,One year,Fibre optic,Electronic cheque,True,False,False,1
C005600,11,71.34,760.46,2,0,0,Month-to-month,Fibre optic,Bank transfer,True,False,False,1
C005601,28,66.77,1875.0,0,0,0,Month-to-month,Fibre optic,Credit card,True,False,False,1
C005602,9,96.21,859.04,3,1,2,Month-to-month,Fibre optic,Electronic cheque,False,False,False,1
C005603,39,80.05,3116.27,1,0,5,One year,Fibre optic,Electronic cheque,False,False,False,0
C005604,26,24.88,640.53,0,2,4,Month-to-month,None,Bank transfer,False,True,False,0
C005605,36,81.21,3000.63,2,1,5,One year,Fibre optic,Electronic cheque,False,True,False,1
C005606,11,42.16,468.93,0,0,3,Month-to-month,DSL,Electronic cheque,True,False,False,1
C005607,6,60.16,348.75,1,0,4,Month-to-month,Fibre optic,Electronic cheque,True,False,False,1
C005608,5,53.7,278.35,1,0,4,Month-to-month,Fibre optic,Electronic cheque,True,False,False,0
C005609,22,69.03,1541.59,0,1,1,Month-to-month,DSL,Bank transfer,False,True,True,0
C005610,3,76.64,227.48,0,0,3,Month-to-month,Fibre optic,Credit card,False,False,False,0
C005611,3,18.76,57.58,0,1,2,Two year,None,Electronic cheque,True,False,False,0
C005612,9,36.05,318.3,0,0,2,Month-to-month,DSL,Credit card,False,False,False,0
C005613,18,65.46,1184.86,0,1,5,Two year,Fibre optic,Electronic cheque,False,False,False,0
C005614,8,96.44,745.66,1,1,0,Month-to-month,Fibre optic,Bank transfer,True,False,True,1
C005615,32,84.66,2772.04,3,0,1,Month-to-month,Fibre optic,Credit card,True,False,False,0
C005616,37,65.92,2466.29,2,0,5,One year,Fibre optic,Bank transfer,False,False,False,1
C005617,0,99.23,99.22,1,1,0,Two year,Fibre optic,Electronic cheque,True,True,False,0
C005618,21,106.15,2264.66,1,0,0,Month-to-month,Fibre optic,Bank transfer,True,True,False,0
C005619,9,22.54,193.45,0,0,3,Month-to-month,None,Credit card,True,False,False,1
C005620,29,50.84,1510.37,0,0,1,One year,DSL,Post,True,False,False,0
C005621,22,66.97,1439.41,2,0,4,Month-to-month,Fibre optic,Electronic cheque,True,False,True,0
C005622,17,95.39,1704.33,1,0,0,One year,Fibre optic,Credit card,False,False,False,0
C005623,14,71.15,,1,0,5,Two year,DSL,Electronic cheque,False,False,False,0
C005624,3,15.0,43.27,1,0,3,Month-to-month,None,Bank transfer,False,False,False,0
C005625,63,121.96,8202.18,1,0,0,Two year,Fibre optic,,True,False,False,0
C005626,5,57.61,293.96,0,1,5,Month-to-month,DSL,,True,True,False,0
C005627,46,39.44,1757.84,1,1,0,Two year,DSL,Credit card,True,False,False,0
C005628,25,55.84,1406.95,0,0,1,Two year,DSL,Credit card,True,False,True,0
C005629,10,69.35,714.6,1,1,0,One year,Fibre optic,Bank transfer,True,False,True,0
C005630,9,64.18,524.03,5,2,3,Two year,Fibre optic,Electronic cheque,False,False,False,1
C005631,3,76.91,231.9,0,2,3,Two year,Fibre optic,Bank transfer,False,True,True,1
C005632,15,78.13,1172.22,3,2,5,Month-to-month,Fibre optic,Electronic cheque,False,False,False,1
C005633,3,70.52,211.85,0,0,0,Month-to-month,Fibre optic,Electronic cheque,True,False,False,0
C005634,34,25.81,835.63,1,0,3,Month-to-month,None,Bank transfer,False,False,True,0
C005635,18,23.68,422.85,1,0,4,Month-to-month,None,Electronic cheque,False,False,True,0
C005636,15,79.46,1137.77,1,0,0,One year,DSL,Credit card,True,False,False,0
C005637,16,63.66,1029.52,3,1,0,Month-to-month,Fibre optic,Electronic cheque,True,True,False,1
C005638,19,15.0,280.1,0,2,5,One year,None,Post,True,False,True,0
C005639,11,103.49,1144.58,0,2,3,Month-to-month,Fibre optic,Bank transfer,False,False,False,0
C005640,13,51.82,673.63,1,0,2,Month-to-month,DSL,Credit card,False,False,True,1
C005641,50,59.24,2980.11,1,1,4,Month-to-month,DSL,Electronic cheque,False,False,False,0
C005642,31,20.9,638.43,1,2,5,Two year,None,Post,True,True,True,0
C005643,24,79.0,1895.87,2,4,2,Month-to-month,Fibre optic,Post,False,False,False,0
C005644,10,111.5,1120.76,1,0,0,Month-to-month,Fibre optic,Post,True,False,False,1
C005645,2,15.0,31.23,1,2,2,Month-to-month,None,Post,True,False,True,1
C005646,22,53.99,1197.69,1,1,5,Two year,DSL,Bank transfer,False,True,False,0
C005647,16,25.38,414.76,1,1,0,Month-to-month,None,Electronic cheque,True,True,False,0
C005648,12,87.6,1074.27,0,0,5,One year,Fibre optic,Bank transfer,False,False,False,0
C005649,14,87.57,1225.14,2,0,0,Month-to-month,Fibre optic,Electronic cheque,True,False,False,1
C005650,5,73.79,375.82,1,0,4,Month-to-month,DSL,Electronic cheque,False,False,False,0
C005651,7,48.43,343.71,0,1,3,One year,DSL,Electronic cheque,True,True,False,1
C005652,31,90.63,2666.15,0,0,4,One year,Fibre optic,Bank transfer,False,True,False,0
C005653,1,52.84,53.82,3,0,3,One year,DSL,Electronic cheque,False,False,False,0
C005654,28,48.35,1396.3,0,0,5,Month-to-month,DSL,Bank transfer,True,False,False,1
C005655,40,58.93,2387.51,2,1,4,Two year,DSL,Post,False,False,False,0
C005656,22,59.48,1268.63,0,1,2,One year,Fibre optic,Electronic cheque,True,False,False,0
C005657,21,25.49,521.75,0,0,0,Two year,None,Credit card,True,False,False,0
C005658,6,71.0,415.84,1,1,5,Month-to-month,DSL,Bank transfer,False,False,False,0
C005659,7,77.61,548.48,0,0,3,Month-to-month,DSL,Post,True,False,True,0
C005660,11,74.75,842.41,2,0,3,Month-to-month,Fibre optic,Electronic cheque,True,False,False,1
C005661,4,122.94,461.49,5,2,2,One year,Fibre optic,Electronic cheque,False,False,True,1
C005662,7,74.19,512.76,1,1,1,One year,Fibre optic,Electronic cheque,False,False,False,1
C005663,16,26.22,419.27,1,1,3,Month-to-month,None,Post,False,False,False,0
C005664,10,66.2,,1,0,0,Month-to-month,DSL,Electronic cheque,True,False,True,1
C005665,17,66.28,1097.72,0,1,2,Month-to-month,Fibre optic,Post,False,False,True,1
C005666,31,15.0,464.38,0,0,4,Month-to-month,None,Credit card,False,False,True,0
C005667,17,72.06,1229.09,1,1,0,Two year,Fibre optic,Electronic cheque,False,False,False,1
C005668,21,88.74,1857.32,0,0,2,Month-to-month,Fibre optic,Electronic cheque,True,False,False,1
C005669,3,20.25,61.27,1,1,1,Month-to-month,None,Post,False,False,False,1
C005670,31,78.61,2424.91,1,0,4,Month-to-month,DSL,Post,False,False,False,0
C005671,3,67.32,203.46,2,1,1,Month-to-month,DSL,Post,False,False,False,1
C005672,9,76.8,675.62,0,1,2,Two year,DSL,Electronic cheque,False,True,False,1
C005673,5,20.49,102.29,1,1,0,Month-to-month,None,Electronic cheque,True,False,False,0
C005674,2,20.58,40.54,1,2,0,Two year,None,Credit card,True,False,True,1
C005675,16,68.07,1091.64,2,1,3,One year,DSL,Credit card,True,False,False,1
C005676,22,81.88,1800.72,1,1,3,One year,Fibre optic,Electronic cheque,False,False,False,1
C005677,41,39.63,1598.24,1,0,1,Month-to-month,Fibre optic,Bank transfer,True,False,False,0
C005678,18,54.0,961.38,0,2,3,One year,DSL,Credit card,True,False,False,1
C005679,7,27.51,190.97,1,0,1,One year,None,Credit card,True,False,False,0
C005680,10,80.66,799.06,1,1,2,Month-to-month,Fibre optic,Post,False,False,False,0
C005681,2,26.7,50.23,0,0,5,Two year,None,Bank transfer,False,True,False,0
C005682,11,61.22,699.03,0,0,0,Month-to-month,Fibre optic,,True,False,False,1
C005683,14,64.7,898.23,1,0,4,Month-to-month,DSL,Post,True,False,True,1
C005684,22,90.73,,3,1,0,Month-to-month,Fibre optic,Electronic cheque,True,False,False,1
C005685,26,81.54,2010.08,0,0,0,One year,Fibre optic,Credit card,False,False,False,0
C005686,21,38.33,808.82,1,0,1,Month-to-month,DSL,Bank transfer,False,False,False,0
C005687,6,60.34,359.81,0,2,1,Month-to-month,DSL,Electronic cheque,False,True,False,0
C005688,5,21.41,101.88,0,2,4,Month-to-month,None,Electronic cheque,True,False,False,1
C005689,25,62.52,1635.34,0,0,3,Month-to-month,Fibre optic,Bank transfer,True,True,False,0
C005690,2,98.51,204.95,1,0,2,Month-to-month,Fibre optic,Electronic cheque,False,False,False,1
C005691,54,70.81,3869.46,1,1,4,Two year,DSL,Post,True,False,False,0
C005692,8,93.47,766.35,3,0,3,Month-to-month,Fibre optic,Electronic cheque,True,False,True,1
C005693,34,120.16,,0,0,4,Two year,Fibre optic,,True,False,False,0
C005694,9,49.59,440.93,1,0,2,One year,DSL,Electronic cheque,True,True,False,1
C005695,23,65.54,1427.76,1,2,5,One year,DSL,Bank transfer,True,False,False,0
C005696,5,85.64,414.49,0,1,4,Two year,Fibre optic,Bank transfer,True,False,True,0
C005697,15,93.65,1381.34,1,0,3,Month-to-month,Fibre optic,Electronic cheque,False,False,False,0
C005698,2,58.74,124.74,0,2,5,One year,DSL,Post,False,True,True,1
C005699,19,16.59,306.56,0,0,1,Month-to-month,None,Credit card,False,False,False,1
C005700,5,65.15,322.44,0,1,3,Month-to-month,DSL,Electronic cheque,False,False,True,0
C005701,6,18.11,108.86,2,2,5,Month-to-month,None,Electronic cheque,False,False,True,1
C005702,10,70.87,718.79,0,0,5,One year,DSL,Electronic cheque,True,False,True,1
C005703,12,64.87,773.43,0,1,0,Two year,Fibre optic,,True,False,False,0
C005704,22,75.28,1635.27,1,1,1,Month-to-month,Fibre optic,Bank transfer,False,False,False,1
C005705,20,93.58,2010.75,0,0,5,One year,Fibre optic,Electronic cheque,False,False,False,0
C005706,16,19.28,303.81,0,0,4,Month-to-month,None,Post,True,True,True,0
C005707,28,74.65,2240.77,0,2,3,Month-to-month,DSL,Post,True,False,True,0
C005708,20,53.37,1054.38,2,0,5,Month-to-month,DSL,Post,True,True,False,0
C005709,21,34.13,718.42,0,0,5,One year,DSL,Post,True,False,False,0
C005710,5,91.66,469.22,1,1,5,Month-to-month,Fibre optic,Credit card,False,False,True,1
C005711,30,24.83,736.6,1,0,4,Month-to-month,None,Bank transfer,False,False,True,0
C005712,27,71.55,1854.15,0,1,0,Month-to-month,DSL,Bank transfer,True,False,False,0
C005713,17,71.11,1218.57,2,1,2,One year,Fibre optic,Electronic cheque,True,False,True,1
C005714,27,50.76,1318.39,1,1,3,Two year,Fibre optic,Electronic cheque,True,False,False,0
C005715,14,33.99,442.05,0,0,2,Month-to-month,None,Post,True,True,False,0
C005716,42,72.47,3082.79,1,0,0,One year,Fibre optic,Bank transfer,False,False,True,0
C005717,16,15.35,237.5,0,0,3,One year,None,Bank transfer,False,False,False,0
C005718,14,72.56,1042.65,0,0,1,Month-to-month,Fibre optic,Bank transfer,True,True,False,0
C005719,20,19.97,402.29,1,2,4,Month-to-month,None,Credit card,False,False,True,1
C005720,48,91.0,4461.81,5,1,3,Two year,Fibre optic,Credit card,True,False,False,0
C005721,9,42.46,397.35,1,0,5,Month-to-month,DSL,Credit card,True,False,False,0
C005722,19,29.04,563.57,1,0,5,Month-to-month,None,Bank transfer,False,True,False,0
C005723,10,84.1,867.86,0,2,2,Two year,Fibre optic,Electronic cheque,True,False,False,1
C005724,14,27.36,375.59,1,0,5,Two year,DSL,Credit card,False,True,False,0
C005725,7,112.81,815.92,3,0,5,One year,Fibre optic,Bank transfer,True,True,False,1
C005726,20,34.75,706.21,1,0,2,Two year,None,Credit card,False,True,True,0
C005727,15,66.94,1018.69,2,0,1,Month-to-month,Fibre optic,Post,True,False,True,0
C005728,26,57.51,1541.28,2,0,1,One year,DSL,Post,True,True,False,0
C005729,31,17.64,564.44,2,1,4,Month-to-month,None,Bank transfer,False,False,True,0
C005730,35,49.02,1731.77,2,0,3,Two year,Fibre optic,Bank transfer,True,False,True,0
C005731,10,70.34,,0,0,2,Month-to-month,DSL,Electronic cheque,False,False,False,0
C005732,20,66.15,1377.62,0,0,0,Month-to-month,DSL,Post,True,True,False,1
C005733,36,55.48,1967.45,0,0,2,Month-to-month,DSL,Electronic cheque,False,False,False,0
C005734,7,79.69,563.5,5,1,4,One year,Fibre optic,Electronic cheque,True,False,False,1
C005735,16,56.73,926.11,0,1,4,Month-to-month,DSL,Electronic cheque,True,True,False,1
C005736,7,87.55,574.15,2,1,0,One year,DSL,Electronic cheque,True,False,False,1
C005737,48,60.05,2853.27,2,2,2,Month-to-month,Fibre optic,Post,False,False,False,1
C005738,36,19.34,699.9,0,1,0,Month-to-month,None,Electronic cheque,False,True,False,1
C005739,22,74.02,1775.46,1,1,2,One year,Fibre optic,Bank transfer,True,True,False,0
C005740,22,83.95,1897.32,0,1,1,Month-to-month,Fibre optic,Post,True,False,True,1
C005741,8,70.64,549.73,2,1,5,One year,Fibre optic,Credit card,True,False,True,0
C005742,39,71.29,2880.4,3,0,1,Two year,DSL,,True,False,False,0
C005743,12,29.17,365.53,0,0,1,One year,None,Electronic cheque,True,False,False,1
C005744,9,76.34,682.13,1,1,4,Month-to-month,DSL,Post,True,False,True,0
C005745,33,53.34,1763.57,0,0,0,Month-to-month,DSL,Electronic cheque,False,False,False,1
C005746,11,48.9,546.32,2,0,4,Two year,Fibre optic,Bank transfer,False,False,False,1
C005747,9,53.4,488.21,0,0,5,One year,DSL,Electronic cheque,False,False,False,0
C005748,27,86.37,2330.04,1,1,0,Two year,DSL,Electronic cheque,True,False,True,0
C005749,5,83.3,403.09,0,0,5,Month-to-month,Fibre optic,Credit card,True,False,False,1
C005750,23,89.83,1963.71,1,1,2,One year,Fibre optic,Credit card,False,False,False,0
C005751,16,44.31,688.6,2,1,4,Month-to-month,DSL,Post,False,False,False,0
C005752,26,43.36,1108.9,2,0,3,One year,Fibre optic,Bank transfer,True,True,False,1
C005753,21,101.0,2112.3,1,0,2,Two year,Fibre optic,Bank transfer,False,False,False,1
C005754,69,15.0,1057.12,2,0,0,Two year,None,Electronic cheque,True,False,False,0
C005755,17,59.13,979.2,1,1,0,Month-to-month,DSL,Credit card,True,False,True,1
C005756,11,29.55,316.32,0,0,3,Two year,None,Post,True,False,False,0
C005757,15,64.57,982.75,2,1,4,Month-to-month,Fibre optic,Electronic cheque,True,False,False,1
C005758,21,109.45,2244.18,1,0,2,Month-to-month,Fibre optic,Electronic cheque,True,False,False,1
C005759,46,59.7,2691.64,0,1,2,One year,DSL,Electronic cheque,True,False,False,0
C005760,24,100.74,2408.09,2,0,3,Month-to-month,Fibre optic,Electronic cheque,False,False,True,1
C005761,8,65.27,518.58,0,1,1,Month-to-month,DSL,Electronic cheque,False,False,False,0
C005762,72,89.89,6250.29,1,0,5,One year,Fibre optic,Electronic cheque,False,False,False,0
C005763,31,66.04,2090.51,0,0,3,One year,Fibre optic,Electronic cheque,True,False,False,0
C005764,7,69.49,502.76,0,1,3,One year,DSL,Post,False,False,True,0
C005765,5,57.97,285.98,2,1,5,Month-to-month,DSL,Bank transfer,True,False,True,0
C005766,5,18.75,99.92,0,0,5,One year,None,Bank transfer,False,False,False,0
C005767,14,94.88,1299.29,3,0,5,Month-to-month,Fibre optic,Credit card,True,False,False,0
C005768,15,46.26,694.14,3,0,0,Month-to-month,Fibre optic,Credit card,False,False,False,1
C005769,8,21.76,167.29,1,0,0,Month-to-month,None,Bank transfer,True,False,False,0
C005770,4,50.57,199.37,0,0,5,One year,DSL,Electronic cheque,False,False,False,0
C005771,6,76.47,484.07,2,0,0,Month-to-month,Fibre optic,Credit card,True,False,False,1
C005772,24,65.15,1579.92,3,1,1,Month-to-month,Fibre optic,Credit card,True,False,False,1
C005773,12,41.71,501.27,1,2,2,Two year,DSL,Post,True,False,False,0
C005774,6,64.01,374.45,2,2,2,Two year,DSL,Electronic cheque,True,False,False,1
C005775,16,28.82,441.77,0,2,5,One year,None,Credit card,True,False,False,0
C005776,19,52.91,1042.6,2,0,0,One year,DSL,Post,True,False,False,0
C005777,20,47.33,957.89,0,0,2,Two year,DSL,Electronic cheque,True,True,False,0
C005778,16,102.21,1595.02,1,1,2,One year,Fibre optic,Credit card,False,False,False,1
C005779,14,93.81,1277.79,1,0,1,Month-to-month,Fibre optic,Electronic cheque,True,True,False,0
C005780,35,85.57,3044.15,0,0,3,One year,Fibre optic,Post,True,True,False,0
C005781,6,54.6,337.52,0,0,2,Two year,DSL,Electronic cheque,False,False,False,0
C005782,13,86.63,1077.27,1,0,3,One year,Fibre optic,Post,True,True,False,1
C005783,2,70.75,141.29,2,1,5,Month-to-month,Fibre optic,Post,False,False,False,1
C005784,11,57.7,639.22,2,0,2,Two year,Fibre optic,Post,True,False,False,1
C005785,17,16.77,286.01,2,0,1,One year,None,Electronic cheque,False,False,True,0
C005786,27,92.02,2474.79,1,1,5,Month-to-month,DSL,Electronic cheque,False,True,False,0
C005787,2,95.88,183.39,5,0,3,Two year,Fibre optic,Credit card,True,False,False,1
C005788,17,89.58,1526.04,4,0,3,One year,Fibre optic,Electronic cheque,False,True,False,1
C005789,51,63.25,3301.74,1,0,3,Two year,Fibre optic,Credit card,True,False,False,0
C005790,21,100.79,2026.66,3,0,1,Two year,Fibre optic,Electronic cheque,True,False,False,1
C005791,5,60.46,303.8,0,2,4,Month-to-month,DSL,Electronic cheque,True,False,False,1
C005792,11,98.68,1099.24,2,0,3,One year,Fibre optic,Electronic cheque,True,True,False,1
C005793,22,103.61,2203.28,1,2,4,Month-to-month,Fibre optic,Credit card,True,False,False,0
C005794,9,113.55,,2,0,4,Two year,Fibre optic,Electronic cheque,False,False,False,0
C005795,18,68.61,1203.04,0,0,3,Two year,DSL,Post,False,False,False,0
C005796,17,47.87,814.73,0,1,0,Two year,DSL,Post,False,False,False,0
C005797,14,62.59,847.26,0,0,3,One year,DSL,Bank transfer,True,False,False,0
C005798,4,54.21,205.82,2,0,4,One year,DSL,Post,False,False,False,0
C005799,8,48.6,393.87,2,0,2,Month-to-month,DSL,Post,True,False,False,1
C005800,54,62.8,3498.36,1,0,0,Month-to-month,DSL,Credit card,True,False,False,0
C005801,11,60.14,655.46,0,1,4,Month-to-month,DSL,Post,True,True,False,0
C005802,12,72.7,,1,0,3,Two year,DSL,Credit card,False,False,False,0
C005803,12,15.17,175.62,0,0,2,One year,None,Electronic cheque,False,False,True,0
C005804,27,86.13,2289.75,4,2,0,One year,Fibre optic,Bank transfer,False,False,False,1
C005805,12,41.1,495.87,1,0,3,Month-to-month,DSL,Bank transfer,False,False,True,0
C005806,14,106.84,1460.6,0,1,0,One year,Fibre optic,Credit card,False,False,False,1
C005807,17,103.81,1776.63,1,0,2,Month-to-month,Fibre optic,Bank transfer,True,False,False,1
C005808,29,70.64,1994.47,0,0,3,Two year,DSL,Electronic cheque,True,False,False,0
C005809,14,105.01,1521.23,2,0,1,Two year,Fibre optic,Credit card,False,False,True,0
C005810,16,59.91,914.45,1,1,2,Month-to-month,DSL,Credit card,False,False,False,1
C005811,9,77.1,688.98,1,0,4,Two year,Fibre optic,Electronic cheque,True,True,True,0
C005812,19,28.04,523.22,1,1,1,Month-to-month,DSL,Electronic cheque,False,True,False,1
C005813,23,100.94,2332.81,0,1,2,Month-to-month,Fibre optic,Bank transfer,True,True,False,0
C005814,24,68.45,1575.71,0,0,1,One year,DSL,Bank transfer,False,False,False,0
C005815,49,84.91,4174.63,0,1,3,One year,DSL,Credit card,True,False,True,0
C005816,8,82.41,648.25,1,0,5,Month-to-month,Fibre optic,Credit card,True,False,False,1
C005817,15,23.87,360.12,1,1,0,Month-to-month,DSL,Post,True,False,True,0
C005818,12,62.75,739.79,0,0,3,Month-to-month,Fibre optic,Electronic cheque,False,False,False,1
C005819,43,57.16,2539.73,0,0,1,Month-to-month,DSL,Credit card,True,False,False,0
C005820,24,102.86,2466.42,2,1,4,Month-to-month,Fibre optic,Post,True,False,False,1
C005821,3,102.52,304.25,0,0,3,Month-to-month,Fibre optic,Post,True,False,False,0
C005822,9,19.14,170.62,1,0,3,Two year,None,Post,False,False,True,0
C005823,11,88.25,962.39,0,2,1,Month-to-month,Fibre optic,Electronic cheque,True,True,False,0
C005824,4,23.63,96.27,0,0,0,Month-to-month,None,Electronic cheque,True,False,True,0
C005825,16,48.21,772.44,0,2,4,Month-to-month,DSL,Electronic cheque,True,False,False,0
C005826,10,89.34,885.73,2,0,3,Month-to-month,Fibre optic,Credit card,True,False,True,0
C005827,50,74.4,3800.92,2,0,1,One year,Fibre optic,Electronic cheque,False,False,True,0
C005828,18,61.83,1182.5,1,2,1,Month-to-month,Fibre optic,Electronic cheque,False,False,False,1
C005829,11,106.33,1145.79,3,2,3,Month-to-month,Fibre optic,Credit card,True,False,False,1
C005830,6,25.02,151.16,0,1,4,Two year,None,Credit card,False,True,True,0
C005831,14,97.51,1332.02,1,0,0,One year,Fibre optic,Bank transfer,True,False,False,1
C005832,40,33.0,1340.18,0,0,3,Month-to-month,DSL,Electronic cheque,True,False,False,0
C005833,12,107.44,1339.31,2,1,2,Month-to-month,Fibre optic,Electronic cheque,True,False,True,1
C005834,14,60.47,811.36,0,0,5,Two year,DSL,Electronic cheque,False,False,False,0
C005835,32,105.95,3423.76,1,0,1,One year,Fibre optic,Credit card,False,True,True,1
C005836,18,101.1,1728.49,2,0,2,Two year,Fibre optic,Electronic cheque,True,False,True,1
C005837,26,45.27,1156.28,0,0,3,Month-to-month,DSL,Bank transfer,False,False,False,1
C005838,19,35.16,666.12,0,1,5,One year,DSL,Bank transfer,True,False,False,0
C005839,19,15.0,290.18,1,1,5,Month-to-month,None,Credit card,False,False,False,0
C005840,3,31.46,91.32,1,0,0,Month-to-month,DSL,Bank transfer,False,False,False,0
C005841,5,39.06,188.11,2,0,3,One year,DSL,Bank transfer,False,False,True,1
C005842,17,35.28,586.26,1,0,0,One year,DSL,Credit card,False,False,False,0
C005843,7,67.57,475.36,1,1,5,Month-to-month,Fibre optic,Post,True,False,False,1
C005844,14,40.02,535.33,1,0,0,Month-to-month,DSL,Bank transfer,True,False,False,0
C005845,5,77.33,414.47,0,0,2,One year,Fibre optic,Electronic cheque,True,False,False,0
C005846,32,73.63,2305.84,1,1,5,Month-to-month,DSL,Electronic cheque,True,True,False,0
C005847,8,69.9,544.28,1,0,3,Month-to-month,DSL,Bank transfer,True,False,True,0
C005848,6,53.87,310.26,1,1,1,Month-to-month,DSL,Credit card,True,False,False,0
C005849,4,53.93,218.95,0,0,0,Month-to-month,DSL,,True,True,False,0
C005850,24,103.48,2442.67,1,0,5,Two year,Fibre optic,Bank transfer,False,False,False,0
C005851,14,87.57,1246.29,3,0,3,Month-to-month,DSL,Bank transfer,False,False,False,1
C005852,31,68.81,2154.7,2,0,4,Month-to-month,Fibre optic,Bank transfer,True,False,False,0
C005853,9,97.02,922.66,0,0,3,One year,Fibre optic,Electronic cheque,False,False,False,1
C005854,5,89.73,432.57,0,1,2,Month-to-month,DSL,Bank transfer,False,False,False,1
C005855,13,61.89,802.97,1,0,0,One year,DSL,Electronic cheque,True,False,True,0
C005856,35,88.74,3081.79,1,0,4,Month-to-month,Fibre optic,Credit card,False,True,False,0
C005857,3,76.2,214.43,1,1,5,Two year,Fibre optic,Electronic cheque,False,False,False,0
C005858,18,91.21,1663.47,1,0,2,One year,Fibre optic,Bank transfer,True,False,False,0
C005859,19,17.62,331.68,1,0,1,One year,None,Electronic cheque,True,True,False,1
C005860,39,42.19,1681.09,1,0,2,Month-to-month,DSL,Post,True,False,True,0
C005861,7,83.14,584.69,1,0,4,Two year,Fibre optic,Electronic cheque,True,False,False,1
C005862,3,72.63,217.36,1,0,5,One year,Fibre optic,Electronic cheque,False,True,False,1
C005863,10,69.68,724.2,0,0,1,Month-to-month,DSL,Bank transfer,False,False,True,0
C005864,26,68.96,1752.94,3,0,0,Month-to-month,Fibre optic,Electronic cheque,False,True,False,1
C005865,15,67.3,1033.91,1,1,0,Month-to-month,Fibre optic,Electronic cheque,True,False,False,1
C005866,21,87.95,1865.7,2,1,0,Month-to-month,Fibre optic,Credit card,True,False,False,1
C005867,6,81.37,511.84,1,0,5,Month-to-month,Fibre optic,Post,True,True,False,0
C005868,12,56.5,673.03,0,0,1,Two year,DSL,Electronic cheque,True,False,False,0
C005869,15,104.03,1665.46,2,0,3,Two year,Fibre optic,Post,False,False,True,0
C005870,3,63.14,186.8,1,0,3,Month-to-month,Fibre optic,Credit card,True,False,False,1
C005871,15,71.4,1084.61,6,0,2,Two year,Fibre optic,Credit card,False,True,False,1
C005872,11,69.24,747.52,2,1,2,One year,Fibre optic,Credit card,True,False,False,0
C005873,72,99.12,7314.05,0,0,0,Month-to-month,Fibre optic,Credit card,True,False,False,0
C005874,14,92.71,1276.87,1,0,4,Two year,Fibre optic,Credit card,True,False,False,1
C005875,41,60.04,2657.86,1,2,1,One year,DSL,Electronic cheque,True,False,True,1
C005876,21,88.9,1877.39,1,1,1,One year,Fibre optic,Credit card,True,True,False,1
C005877,13,64.73,839.18,0,1,1,Month-to-month,Fibre optic,Credit card,False,True,False,1
C005878,37,72.46,2605.96,1,1,4,Month-to-month,DSL,Post,False,False,False,0
C005879,5,56.6,265.9,2,1,1,Two year,DSL,Post,False,True,False,1
C005880,10,42.04,424.48,0,0,5,Month-to-month,DSL,Electronic cheque,False,False,True,0
C005881,27,87.55,2287.18,1,2,5,Month-to-month,Fibre optic,Bank transfer,False,False,True,1
C005882,1,78.64,80.34,0,1,5,Month-to-month,DSL,Bank transfer,True,False,False,0
C005883,14,15.37,197.83,0,1,2,Month-to-month,None,Electronic cheque,False,False,False,0
C005884,14,19.43,263.19,1,1,4,Month-to-month,None,Electronic cheque,True,False,False,1
C005885,17,21.98,374.45,0,0,5,Two year,None,Electronic cheque,False,False,False,0
C005886,12,52.55,656.93,1,0,2,Month-to-month,DSL,Post,False,False,False,1
C005887,26,94.25,2444.2,1,1,1,Two year,Fibre optic,Credit card,False,False,False,0
C005888,7,47.37,333.22,0,0,0,One year,None,Post,True,False,True,0
C005889,29,60.3,1689.3,3,0,3,Month-to-month,Fibre optic,Electronic cheque,True,False,True,0
C005890,5,65.57,327.65,0,2,3,Month-to-month,DSL,Electronic cheque,False,False,False,1
C005891,18,28.19,500.95,0,1,3,Month-to-month,None,Electronic cheque,False,False,False,1
C005892,34,81.93,2922.01,1,0,0,Two year,Fibre optic,Bank transfer,False,False,True,0
C005893,7,82.7,543.25,0,0,4,One year,Fibre optic,Post,True,False,True,0
C005894,8,15.0,122.6,2,0,4,Month-to-month,None,Credit card,True,False,True,0
C005895,30,28.09,824.5,2,0,0,Two year,None,Bank transfer,True,False,False,1
C005896,16,54.07,859.75,2,0,1,Two year,Fibre optic,Post,True,False,False,0
C005897,3,32.91,98.11,0,0,2,Month-to-month,DSL,Credit card,True,False,False,1
C005898,17,116.46,1949.34,3,1,5,One year,Fibre optic,Post,True,False,True,1
C005899,23,81.99,1823.77,0,0,0,One year,Fibre optic,Post,False,True,False,0
C005900,30,77.11,2205.09,2,0,1,Two year,Fibre optic,Electronic cheque,True,True,True,0
C005901,18,79.51,1537.59,3,0,2,Month-to-month,Fibre optic,Post,True,False,True,0
C005902,21,95.51,1996.29,2,0,3,Month-to-month,Fibre optic,Electronic cheque,True,False,True,1
C005903,43,79.43,3309.08,3,0,4,Month-to-month,Fibre optic,Electronic cheque,False,False,False,1
C005904,28,21.89,625.89,2,0,0,Month-to-month,None,Electronic cheque,True,False,True,0
C005905,12,15.0,184.66,1,0,0,Month-to-month,None,Electronic cheque,True,False,False,0
C005906,13,83.84,1090.71,2,1,5,One year,Fibre optic,Bank transfer,True,False,True,1
C005907,33,94.64,3026.97,1,0,2,Month-to-month,Fibre optic,Electronic cheque,True,False,False,1
C005908,18,74.51,1378.81,1,0,4,Month-to-month,Fibre optic,Bank transfer,False,True,False,1
C005909,16,79.67,1242.76,1,0,4,One year,Fibre optic,Post,True,True,True,0
C005910,11,66.29,709.11,0,0,3,Month-to-month,DSL,Electronic cheque,False,False,False,0
C005911,32,71.01,2198.12,3,0,4,Month-to-month,Fibre optic,Bank transfer,True,False,True,1
C005912,7,83.35,564.12,0,0,0,One year,Fibre optic,Post,True,False,True,1
C005913,10,93.41,954.33,1,1,3,Two year,Fibre optic,Post,True,False,False,1
C005914,32,25.98,817.82,0,1,4,Month-to-month,None,Electronic cheque,True,True,True,1
C005915,32,22.22,762.77,1,1,4,Two year,None,Bank transfer,True,False,False,0
C005916,62,20.35,1271.25,0,0,4,Two year,None,Post,False,False,False,0
C005917,14,23.04,323.86,1,0,5,One year,None,Post,True,False,True,0
C005918,11,73.07,809.66,0,2,5,Two year,Fibre optic,Bank transfer,True,True,False,0
C005919,12,15.0,176.84,0,1,0,Month-to-month,None,,True,True,True,1
C005920,3,15.0,46.14,1,0,3,Month-to-month,None,Post,False,False,False,1
C005921,2,76.65,149.35,1,0,2,Two year,Fibre optic,Post,False,False,True,0
C005922,18,71.45,1267.34,1,1,1,Month-to-month,DSL,Post,True,False,True,0
C005923,11,25.7,290.1,0,2,2,Month-to-month,DSL,Electronic cheque,False,False,False,1
C005924,8,120.06,999.62,2,0,5,Month-to-month,Fibre optic,Credit card,False,False,False,1
C005925,16,77.4,1315.45,2,0,5,Month-to-month,Fibre optic,Electronic cheque,False,True,False,0
C005926,18,94.71,1682.05,1,0,3,Month-to-month,Fibre optic,Credit card,True,False,True,1
C005927,13,83.3,1100.62,1,0,2,Month-to-month,Fibre optic,Electronic cheque,False,False,False,0
C005928,13,83.18,1022.44,2,1,0,Two year,Fibre optic,Electronic cheque,True,True,False,1
C005929,11,65.64,756.16,1,0,4,Month-to-month,DSL,Post,True,False,False,1
C005930,24,49.89,1191.36,0,0,5,Two year,DSL,Electronic cheque,True,False,False,0
C005931,9,84.14,773.31,3,1,5,Month-to-month,Fibre optic,Credit card,True,False,False,1
C005932,6,70.56,431.51,0,0,5,Month-to-month,DSL,Credit card,False,False,True,1
C005933,10,15.0,152.13,0,0,4,Two year,None,Electronic cheque,True,False,False,0
C005934,17,28.86,481.31,0,0,1,Month-to-month,None,Post,True,False,True,0
C005935,26,53.89,1370.18,1,1,2,Month-to-month,Fibre optic,Post,True,False,False,0
C005936,49,86.68,4363.84,0,0,0,Two year,Fibre optic,Post,False,False,False,0
C005937,16,21.02,331.15,0,0,4,Month-to-month,None,Bank transfer,False,False,False,0
C005938,41,15.0,602.11,0,0,1,Month-to-month,None,Electronic cheque,True,False,True,0
C005939,9,67.39,604.55,0,0,4,Two year,Fibre optic,Electronic cheque,True,True,False,0
C005940,7,23.03,160.56,0,2,3,Month-to-month,None,Bank transfer,True,False,False,0
C005941,20,92.03,1817.28,1,0,3,One year,Fibre optic,Credit card,True,False,False,0
C005942,23,48.87,1119.14,1,0,0,Month-to-month,DSL,Electronic cheque,True,False,True,1
C005943,17,83.99,1439.55,1,0,5,Month-to-month,Fibre optic,Post,False,False,False,0
C005944,72,76.65,5351.71,0,0,5,Month-to-month,Fibre optic,Bank transfer,False,True,True,0
C005945,9,15.0,130.28,1,0,5,One year,None,Electronic cheque,True,False,True,0
C005946,36,45.56,1668.14,1,0,1,Month-to-month,DSL,Credit card,True,True,False,0
C005947,8,72.59,,2,0,0,Two year,Fibre optic,Credit card,True,False,True,1
C005948,24,73.63,1749.07,2,0,5,One year,Fibre optic,Credit card,True,False,True,0
C005949,15,19.41,286.26,2,1,1,One year,None,Post,False,True,False,0
C005950,18,52.57,968.88,3,0,4,Month-to-month,Fibre optic,Bank transfer,False,False,False,1
C005951,20,85.9,1657.33,1,0,2,One year,DSL,Electronic cheque,True,False,True,0
C005952,16,15.0,231.83,1,0,5,One year,None,Credit card,True,False,False,0
C005953,13,78.06,991.43,1,0,5,Month-to-month,Fibre optic,Credit card,True,False,False,0
C005954,2,15.0,27.8,0,0,0,Two year,None,Electronic cheque,False,False,False,0
C005955,28,15.0,445.0,0,0,0,Month-to-month,None,Electronic cheque,True,False,False,1
C005956,5,57.54,276.44,0,1,0,Two year,DSL,Bank transfer,True,False,False,0
C005957,11,15.0,170.05,0,0,4,Two year,None,Electronic cheque,True,False,True,0
C005958,19,74.35,1424.81,1,0,5,Month-to-month,Fibre optic,Credit card,True,False,False,1
C005959,5,19.26,97.39,1,0,3,Month-to-month,None,Credit card,False,False,False,0
C005960,13,58.46,797.87,0,1,0,Month-to-month,DSL,Electronic cheque,True,False,False,0
C005961,26,93.7,2469.44,2,1,3,Month-to-month,Fibre optic,Electronic cheque,True,True,False,1
C005962,11,63.27,694.84,0,1,1,Two year,DSL,Post,False,False,False,0
C005963,14,58.66,857.88,1,2,4,Month-to-month,DSL,Bank transfer,True,False,True,0
C005964,7,23.41,153.31,0,0,1,One year,None,Electronic cheque,True,False,True,0
C005965,12,64.06,798.19,2,0,3,Two year,DSL,,True,False,False,0
C005966,5,55.8,279.81,0,0,3,Two year,DSL,Bank transfer,False,False,False,0
C005967,17,15.07,255.56,0,0,2,Month-to-month,None,Post,False,False,False,0
C005968,4,73.89,293.39,1,2,5,Two year,Fibre optic,Post,False,False,False,1
C005969,9,68.12,619.62,1,1,4,Month-to-month,Fibre optic,Credit card,True,False,False,1
C005970,15,31.2,461.04,0,1,4,Month-to-month,None,Credit card,True,False,True,1
C005971,13,93.11,1175.52,1,0,0,Month-to-month,Fibre optic,Electronic cheque,True,False,False,0
C005972,20,45.91,920.3,0,0,1,One year,DSL,Electronic cheque,False,False,False,1
C005973,14,83.64,1195.83,0,1,2,Month-to-month,Fibre optic,Post,False,False,False,0
C005974,2,81.55,162.49,0,0,3,Month-to-month,Fibre optic,Credit card,False,True,False,1
C005975,5,74.19,376.33,2,0,1,Month-to-month,DSL,Electronic cheque,False,False,False,1
C005976,15,98.01,1501.92,2,1,4,Two year,Fibre optic,Bank transfer,True,False,True,0
C005977,31,97.72,3089.63,1,0,5,One year,Fibre optic,Post,True,False,False,1
C005978,27,50.29,1381.11,2,1,0,One year,DSL,Electronic cheque,False,False,False,0
C005979,72,81.81,6000.01,0,0,5,One year,DSL,Electronic cheque,True,False,False,0
C005980,10,20.08,202.55,0,1,1,Month-to-month,None,Bank transfer,False,False,True,0
C005981,26,61.34,1492.92,1,0,3,Month-to-month,DSL,Bank transfer,True,True,True,0
C005982,24,71.56,1680.4,1,0,1,Month-to-month,DSL,Bank transfer,False,False,False,0
C005983,42,15.0,624.88,1,0,3,Month-to-month,None,Credit card,True,False,False,0
C005984,35,77.77,2789.12,3,0,3,Two year,Fibre optic,Credit card,False,False,False,0
C005985,18,24.28,430.7,1,3,2,Month-to-month,None,Credit card,True,False,False,1
C005986,23,30.3,717.37,0,3,5,One year,None,Bank transfer,True,False,False,0
C005987,20,74.63,1556.77,5,0,5,Two year,Fibre optic,Credit card,False,False,True,0
C005988,14,77.83,1161.44,1,0,5,Two year,Fibre optic,Electronic cheque,False,False,False,0
C005989,22,75.01,1681.53,0,0,3,Month-to-month,DSL,Bank transfer,False,False,False,0
C005990,17,71.95,1198.75,0,1,5,Two year,DSL,Bank transfer,True,False,False,0
C005991,16,59.5,963.18,0,0,1,One year,DSL,Electronic cheque,True,False,True,0
C005992,43,115.42,5086.72,2,0,1,Month-to-month,Fibre optic,Post,True,False,False,1
C005993,18,114.91,1975.32,0,0,0,One year,Fibre optic,Bank transfer,False,True,False,1
C005994,16,19.96,330.81,1,1,5,Month-to-month,None,Credit card,False,True,False,0
C005995,13,62.96,806.06,1,1,1,Two year,DSL,Bank transfer,True,False,False,0
C005996,12,89.7,1082.97,1,0,4,One year,Fibre optic,Bank transfer,False,False,True,0
C005997,5,64.56,312.85,2,0,1,One year,DSL,Bank transfer,False,True,False,1
C005998,14,60.59,875.45,0,1,5,Two year,DSL,,False,False,True,0
C005999,32,96.5,2916.12,0,1,5,One year,Fibre optic,Electronic cheque,True,False,True,0
C006000,9,130.0,1167.87,0,0,5,Month-to-month,Fibre optic,Electronic cheque,True,False,False,1
C006001,1,106.0,104.41,1,0,5,Month-to-month,Fibre optic,Credit card,True,False,True,0
C006002,21,89.44,1922.51,0,0,2,Two year,Fibre optic,Credit card,True,False,False,0
C006003,17,93.71,1572.77,2,1,3,One year,Fibre optic,Credit card,False,False,False,1
C006004,43,21.74,969.77,0,0,0,Two year,None,Bank transfer,False,False,True,0
C006005,9,83.37,743.82,0,1,0,Month-to-month,Fibre optic,Credit card,True,True,True,1
C006006,5,98.62,502.1,0,0,3,Month-to-month,Fibre optic,Bank transfer,True,False,False,1
C006007,12,63.18,774.08,0,0,2,Two year,DSL,Electronic cheque,False,False,False,0
C006008,11,66.79,743.23,2,0,5,One year,Fibre optic,Credit card,False,False,False,1
C006009,3,93.67,285.57,0,1,1,Month-to-month,Fibre optic,Bank transfer,True,False,False,1
C006010,16,44.24,674.11,0,0,0,Month-to-month,DSL,Bank transfer,True,False,True,0
C006011,10,82.38,809.61,0,0,4,Two year,Fibre optic,Electronic cheque,True,False,False,0
C006012,38,90.58,3390.62,2,1,3,One year,Fibre optic,Post,True,False,False,0
C006013,16,45.09,735.79,0,1,3,Month-to-month,DSL,Credit card,True,False,False,1
C006014,8,21.96,181.88,0,0,0,Month-to-month,None,Electronic cheque,True,False,True,0
C006015,15,52.59,795.44,0,1,0,Month-to-month,DSL,Bank transfer,True,False,False,0
C006016,17,15.0,252.68,1,0,2,Month-to-month,None,Credit card,True,False,False,0
C006017,22,80.43,1770.74,0,1,4,Month-to-month,Fibre optic,Bank transfer,False,False,False,1
C006018,15,55.75,843.88,0,1,4,Month-to-month,DSL,Electronic cheque,True,False,True,0
C006019,54,52.89,2848.88,1,1,5,Two year,DSL,Bank transfer,True,False,True,0
C006020,5,91.47,448.26,0,1,0,Month-to-month,Fibre optic,Credit card,True,False,True,1
C006021,10,79.16,764.12,2,0,5,Two year,Fibre optic,Post,True,True,True,0
C006022,8,77.62,602.16,2,0,5,Month-to-month,Fibre optic,Bank transfer,True,False,False,0
C006023,11,69.17,734.65,2,1,1,Month-to-month,Fibre optic,Electronic cheque,False,True,False,1
C006024,19,50.17,958.1,1,0,0,Month-to-month,DSL,Bank transfer,True,True,False,1
C006025,18,75.69,1336.44,0,0,0,Month-to-month,Fibre optic,Electronic cheque,False,True,False,1
C006026,22,24.79,555.73,1,0,2,One year,None,Electronic cheque,True,False,False,1
C006027,16,83.06,1240.37,0,0,0,Two year,Fibre optic,,True,True,False,0
C006028,17,24.94,413.7,1,0,2,One year,None,Credit card,False,False,False,0
C006029,16,81.76,1301.22,0,0,3,One year,Fibre optic,Credit card,False,True,False,0
C006030,10,91.68,921.49,2,2,1,Two year,Fibre optic,Post,False,False,True,0
C006031,10,111.84,1121.01,2,0,4,One year,Fibre optic,Bank transfer,True,False,False,1
C006032,8,64.79,533.51,1,0,1,One year,DSL,Credit card,True,False,False,1
C006033,23,78.4,1883.56,2,1,2,One year,DSL,Bank transfer,True,False,True,1
C006034,2,56.76,115.08,3,1,0,Month-to-month,Fibre optic,Electronic cheque,True,False,True,1
C006035,16,15.7,252.13,4,2,4,Month-to-month,None,Electronic cheque,False,False,False,1
C006036,26,83.05,2194.06,3,0,4,One year,Fibre optic,Electronic cheque,False,False,False,1
C006037,31,73.42,2269.09,0,0,0,One year,DSL,Bank transfer,False,False,False,0
C006038,1,84.38,87.42,1,0,0,Month-to-month,DSL,Credit card,True,True,False,1
C006039,11,99.65,1094.75,2,0,0,Two year,Fibre optic,Post,True,False,False,1
C006040,8,55.04,437.79,0,0,4,Month-to-month,Fibre optic,Electronic cheque,False,False,True,1
C006041,10,61.63,625.47,0,0,0,One year,DSL,Post,True,False,True,0
C006042,35,66.12,2267.86,0,0,2,Two year,DSL,Electronic cheque,True,True,False,0
C006043,8,81.49,681.99,0,0,4,Month-to-month,Fibre optic,Electronic cheque,True,False,False,1
C006044,26,70.12,1740.74,1,0,5,Two year,DSL,Post,True,False,False,0
C006045,17,67.85,1117.69,3,0,0,Two year,Fibre optic,Electronic cheque,True,False,False,0
C006046,10,76.23,787.39,2,1,4,One year,Fibre optic,Electronic cheque,True,False,False,1
C006047,9,44.33,418.5,1,2,0,Two year,DSL,Bank transfer,False,False,False,0
C006048,18,79.73,1520.81,3,0,1,One year,Fibre optic,Bank transfer,False,False,False,0
C006049,14,52.5,723.16,0,0,2,Month-to-month,DSL,Credit card,True,False,False,0
C006050,3,58.33,174.55,0,0,3,One year,DSL,Credit card,True,False,False,0
C006051,6,28.22,170.96,0,0,0,Month-to-month,None,Credit card,True,False,False,0
C006052,18,92.47,1687.02,2,1,0,Month-to-month,Fibre optic,Credit card,True,True,True,1
C006053,5,75.97,392.09,0,1,0,Month-to-month,DSL,Electronic cheque,False,False,True,1
C006054,28,65.47,1858.04,0,1,1,Month-to-month,DSL,Electronic cheque,True,False,True,0
C006055,4,59.94,258.43,0,1,0,Two year,DSL,Bank transfer,True,False,False,0
C006056,12,26.57,329.62,0,0,1,Two year,None,,False,False,False,0
C006057,23,94.01,2241.26,2,0,1,Two year,Fibre optic,Electronic cheque,True,True,True,0
C006058,6,85.56,500.01,1,1,3,Month-to-month,Fibre optic,Credit card,False,False,False,1
C006059,5,59.33,304.82,0,0,3,One year,DSL,Bank transfer,False,False,False,0
C006060,20,15.0,310.45,1,0,0,One year,None,Post,True,False,False,0
C006061,26,17.99,481.17,1,0,4,Month-to-month,None,Credit card,True,False,False,0
C006062,13,78.88,973.91,0,0,3,One year,DSL,Credit card,True,False,False,0
C006063,11,87.33,939.29,1,0,5,Month-to-month,Fibre optic,,False,True,False,1
C006064,3,114.19,335.08,1,0,3,Two year,Fibre optic,Credit card,True,False,False,0
C006065,16,54.86,873.97,0,1,3,Month-to-month,Fibre optic,Electronic cheque,True,True,False,1
C006066,2,64.98,128.91,3,0,4,Two year,Fibre optic,Electronic cheque,False,False,False,0
C006067,35,55.06,2108.06,0,0,0,Two year,DSL,Credit card,True,True,False,0
C006068,13,110.55,1417.41,0,1,0,One year,Fibre optic,Credit card,False,False,True,1
C006069,7,101.97,715.61,2,1,0,Month-to-month,Fibre optic,Post,False,False,True,1
C006070,9,54.11,496.78,0,2,5,Month-to-month,Fibre optic,Electronic cheque,False,False,False,1
C006071,16,77.15,1239.98,0,0,4,Two year,Fibre optic,Electronic cheque,True,False,False,0
C006072,10,54.2,574.15,1,1,3,Month-to-month,DSL,Credit card,True,False,False,0
C006073,14,84.27,1199.62,0,1,0,Month-to-month,Fibre optic,Post,False,False,False,1
C006074,6,21.55,128.49,1,0,1,Two year,None,Electronic cheque,True,False,True,0
C006075,31,102.56,3156.05,0,1,4,One year,Fibre optic,Credit card,False,False,True,1
C006076,9,20.58,190.85,1,1,0,One year,None,Post,False,False,False,0
C006077,2,77.35,161.1,1,1,0,Month-to-month,Fibre optic,Credit card,False,False,False,1
C006078,11,83.28,933.97,2,0,3,Month-to-month,Fibre optic,Bank transfer,False,False,False,1
C006079,8,97.3,767.74,1,0,1,Two year,Fibre optic,Credit card,False,False,False,0
C006080,30,69.15,2042.26,2,0,3,Month-to-month,DSL,,False,False,True,0
C006081,7,15.0,107.12,0,0,1,Month-to-month,None,Credit card,False,False,False,0
C006082,10,113.6,1193.33,1,0,0,Month-to-month,Fibre optic,Electronic cheque,True,False,True,0
C006083,17,15.0,261.43,1,0,2,One year,None,Electronic cheque,True,False,False,0
C006084,22,99.76,2176.58,3,1,1,Month-to-month,Fibre optic,Post,False,False,True,1
C006085,37,88.33,3257.9,1,1,3,Two year,Fibre optic,Bank transfer,False,False,True,0
C006086,7,59.94,395.1,1,1,0,Month-to-month,DSL,Credit card,False,False,False,0
C006087,34,90.93,3203.2,2,0,5,Month-to-month,Fibre optic,Electronic cheque,False,False,False,0
C006088,29,73.32,2055.87,0,0,5,Two year,Fibre optic,Bank transfer,True,False,False,0
C006089,8,21.69,179.71,1,0,3,Two year,None,Credit card,False,False,True,0
C006090,7,37.71,265.33,0,0,1,One year,None,Post,True,True,False,0
C006091,19,85.0,1718.56,3,1,3,Two year,Fibre optic,Bank transfer,True,False,False,1
C006092,14,47.67,689.87,0,2,2,Month-to-month,Fibre optic,Bank transfer,True,False,True,0
C006093,19,69.42,1335.87,0,0,0,Month-to-month,DSL,Credit card,False,True,False,1
C006094,11,86.76,956.73,1,1,3,Month-to-month,Fibre optic,Electronic cheque,True,True,False,1
C006095,15,24.11,355.58,1,0,4,Month-to-month,None,Credit card,True,False,False,0
C006096,13,76.08,993.08,0,1,1,One year,Fibre optic,Post,False,True,True,1
C006097,19,108.81,2063.91,3,1,3,Two year,Fibre optic,Bank transfer,False,False,True,1
C006098,7,15.0,100.54,0,0,4,Month-to-month,None,Bank transfer,True,True,True,0
C006099,16,52.08,866.83,2,3,0,Month-to-month,DSL,Post,False,False,False,1
C006100,37,22.24,817.43,2,1,3,Two year,None,Credit card,True,True,False,0
C006101,35,122.71,4262.98,1,1,0,One year,Fibre optic,Electronic cheque,False,False,False,1
C006102,18,64.31,1096.84,0,0,4,Month-to-month,DSL,Post,True,False,False,0
C006103,7,93.02,643.96,0,1,3,Month-to-month,Fibre optic,Bank transfer,True,False,False,0
C006104,49,37.21,1866.43,0,1,4,Month-to-month,DSL,Electronic cheque,True,False,True,0
C006105,19,86.7,1611.84,0,0,4,Month-to-month,Fibre optic,Electronic cheque,True,False,True,1
C006106,45,57.56,2516.42,2,0,1,Month-to-month,DSL,Credit card,False,False,False,0
C006107,20,59.61,1184.53,0,2,2,Month-to-month,DSL,Credit card,False,False,True,0
C006108,1,72.99,,1,1,0,Month-to-month,Fibre optic,Bank transfer,True,False,False,1
C006109,48,98.58,4880.71,1,0,3,Month-to-month,Fibre optic,Electronic cheque,False,True,False,0
C006110,26,35.45,957.55,2,0,0,Month-to-month,DSL,Bank transfer,False,False,False,0
C006111,15,20.77,311.14,1,0,3,Month-to-month,None,Credit card,False,False,True,0
C006112,3,83.1,239.71,2,0,3,Month-to-month,DSL,Credit card,True,False,False,0
C006113,28,101.45,2794.1,0,0,4,Two year,Fibre optic,Electronic cheque,False,False,True,0
C006114,20,93.73,1932.57,0,0,3,One year,Fibre optic,Post,True,False,True,1
C006115,58,54.54,3058.56,0,0,2,Month-to-month,DSL,Electronic cheque,False,False,False,0
C006116,42,31.19,1336.3,1,3,4,Month-to-month,None,Electronic cheque,True,True,True,0
C006117,45,84.1,4052.5,1,0,0,One year,Fibre optic,Bank transfer,True,True,False,0
C006118,17,85.88,1502.21,1,1,0,Month-to-month,DSL,Bank transfer,False,False,False,1
C006119,17,79.22,1361.98,2,0,4,One year,Fibre optic,Credit card,False,False,False,0
C006120,20,63.25,1316.75,0,0,0,Two year,Fibre optic,Electronic cheque,True,False,True,1
C006121,8,47.01,381.03,2,0,2,Month-to-month,DSL,Electronic cheque,False,False,True,0
C006122,15,58.86,873.15,0,1,3,Month-to-month,DSL,Credit card,True,False,False,0
C006123,13,110.48,1445.76,1,0,3,Month-to-month,Fibre optic,Electronic cheque,True,True,False,0
C006124,34,61.31,2018.15,0,0,3,One year,Fibre optic,Electronic cheque,True,False,False,0
C006125,38,50.81,1856.71,2,0,1,Month-to-month,DSL,Electronic cheque,True,False,True,0
C006126,24,80.85,1933.05,0,0,4,One year,Fibre optic,Post,False,False,False,1
C006127,7,64.1,439.3,0,0,2,Month-to-month,DSL,Bank transfer,False,False,False,1
C006128,50,71.51,3499.15,0,1,1,One year,DSL,Electronic cheque,True,False,True,0
C006129,28,65.81,1784.52,1,0,2,One year,Fibre optic,Bank transfer,False,False,True,0
C006130,19,68.4,1289.03,1,1,0,Month-to-month,DSL,Bank transfer,False,False,False,1
C006131,22,72.27,1555.95,0,1,0,Two year,DSL,Bank transfer,True,False,False,0
C006132,4,53.38,213.72,0,2,5,Two year,DSL,Credit card,True,False,True,0
C006133,13,110.75,1411.02,0,1,2,Month-to-month,Fibre optic,Bank transfer,True,False,True,1
C006134,36,127.73,4501.82,2,0,2,Two year,Fibre optic,Post,False,False,False,0
C006135,4,83.98,333.87,3,2,3,Two year,Fibre optic,Electronic cheque,True,False,False,1
C006136,4,57.96,220.38,1,0,3,Month-to-month,Fibre optic,Electronic cheque,False,False,True,1
C006137,28,92.14,2511.66,2,0,2,One year,Fibre optic,,True,False,False,1
C006138,21,63.63,1385.79,1,0,1,One year,DSL,Post,True,False,False,0
C006139,4,59.33,242.17,1,0,2,One year,DSL,Bank transfer,True,False,True,1
C006140,12,83.58,1003.35,0,0,1,Two year,DSL,Bank transfer,True,False,False,0
C006141,19,16.82,305.1,1,0,0,Month-to-month,None,Electronic cheque,True,False,False,0
C006142,17,67.51,1111.69,2,0,5,Month-to-month,DSL,Post,False,False,True,1
C006143,20,42.24,838.37,0,0,2,Month-to-month,DSL,Bank transfer,True,False,False,1
C006144,11,86.01,957.16,0,1,0,One year,Fibre optic,Electronic cheque,True,False,False,0
C006145,18,105.22,1858.47,3,0,3,Month-to-month,Fibre optic,Credit card,True,False,True,1
C006146,24,31.3,763.86,1,0,4,Month-to-month,None,Post,True,False,True,1
C006147,23,84.65,1937.55,1,1,4,Month-to-month,Fibre optic,Electronic cheque,False,False,False,0
C006148,12,26.72,329.0,0,1,4,One year,DSL,Post,True,False,False,0
C006149,25,71.58,1812.21,0,2,5,Month-to-month,Fibre optic,Credit card,False,False,False,1
C006150,7,70.04,503.28,4,1,4,Month-to-month,Fibre optic,Bank transfer,False,False,False,1
C006151,9,15.0,135.05,0,0,1,Month-to-month,None,Electronic cheque,False,False,False,0
C006152,28,59.56,1641.46,0,0,0,Month-to-month,Fibre optic,Electronic cheque,True,True,True,0
C006153,25,79.03,2026.2,0,1,3,Month-to-month,Fibre optic,Credit card,False,False,False,1
C006154,12,63.8,769.24,0,0,3,Month-to-month,DSL,Bank transfer,False,False,False,0
C006155,9,15.0,135.77,0,1,4,One year,None,Bank transfer,False,False,False,0
C006156,10,92.93,942.52,3,2,0,Month-to-month,Fibre optic,Electronic cheque,False,False,False,1
C006157,23,67.1,1597.11,1,1,5,Month-to-month,DSL,Bank transfer,True,False,False,1
C006158,20,74.76,1514.19,1,0,3,One year,Fibre optic,Bank transfer,True,True,False,0
C006159,8,101.66,839.07,3,0,5,Month-to-month,Fibre optic,Electronic cheque,False,False,False,1
C006160,25,50.76,1181.07,2,0,1,Month-to-month,DSL,Electronic cheque,False,False,True,0
C006161,12,69.66,848.79,2,1,2,Month-to-month,Fibre optic,Electronic cheque,True,False,True,0
C006162,7,109.34,798.03,2,1,0,Month-to-month,Fibre optic,Electronic cheque,True,False,False,1
C006163,10,54.14,558.63,1,0,4,Month-to-month,DSL,Credit card,False,False,False,0
C006164,16,15.0,232.89,2,0,5,Two year,None,Electronic cheque,False,False,False,0
C006165,24,15.0,352.91,0,0,0,Month-to-month,None,Post,True,False,False,0
C006166,23,73.31,1774.1,0,0,0,One year,DSL,Credit card,False,False,True,0
C006167,14,59.12,887.55,2,1,0,Two year,Fibre optic,Bank transfer,True,True,True,0
C006168,18,17.9,326.95,0,0,1,Month-to-month,None,Credit card,True,False,True,0
C006169,13,84.67,1217.52,0,0,2,One year,Fibre optic,Electronic cheque,True,False,False,0
C006170,8,17.74,141.06,1,2,2,Month-to-month,None,Electronic cheque,True,False,False,0
C006171,14,64.22,933.0,1,0,1,One year,DSL,Electronic cheque,False,False,True,0
C006172,3,84.16,245.77,1,0,2,Two year,Fibre optic,Electronic cheque,False,False,False,1
C006173,39,60.56,2396.77,1,1,3,Month-to-month,Fibre optic,Electronic cheque,True,False,True,0
C006174,17,47.1,771.42,1,0,2,Two year,DSL,Credit card,True,False,False,0
C006175,21,80.25,1717.81,2,0,2,Month-to-month,Fibre optic,Electronic cheque,False,False,False,1
C006176,9,61.62,544.57,3,1,4,One year,DSL,Bank transfer,False,False,False,0
C006177,17,56.73,937.27,1,1,3,Month-to-month,DSL,Electronic cheque,False,True,False,1
C006178,19,66.59,1322.28,1,0,1,Month-to-month,DSL,Electronic cheque,True,False,True,0
C006179,13,33.22,,0,1,4,Month-to-month,DSL,Post,False,False,True,0
C006180,13,50.52,641.38,0,0,1,Two year,DSL,Credit card,True,False,False,0
C006181,5,81.05,397.3,2,0,4,One year,Fibre optic,Bank transfer,False,False,False,1
C006182,47,66.97,3004.5,3,2,3,Two year,DSL,Credit card,True,False,False,0
C006183,8,53.85,422.66,3,0,2,Month-to-month,DSL,Credit card,False,False,False,0
C006184,9,44.18,389.55,0,1,2,Month-to-month,DSL,Post,False,False,False,0
C006185,41,17.46,724.45,0,0,0,Month-to-month,None,Electronic cheque,True,True,False,0
C006186,21,79.46,1678.87,0,1,1,Month-to-month,DSL,Electronic cheque,True,False,False,0
C006187,24,106.63,2486.21,0,0,0,Month-to-month,Fibre optic,Electronic cheque,True,True,False,0
C006188,4,43.24,167.8,1,0,1,Two year,DSL,Bank transfer,False,False,False,0
C006189,17,61.9,1109.35,2,0,1,Two year,DSL,Credit card,True,True,False,0
C006190,5,81.6,418.74,5,1,4,Month-to-month,Fibre optic,Credit card,True,False,False,1
C006191,7,103.83,747.1,1,3,4,Month-to-month,Fibre optic,Post,False,False,False,1
C006192,52,75.54,3924.14,2,1,5,One year,Fibre optic,Credit card,False,False,False,0
C006193,6,93.85,543.27,2,1,0,One year,Fibre optic,Credit card,True,False,False,1
C006194,24,58.56,1421.64,0,2,0,One year,DSL,Post,False,False,True,0
C006195,7,68.1,,1,2,2,Month-to-month,DSL,Post,True,False,True,1
C006196,8,20.28,175.49,1,1,1,Month-to-month,None,Electronic cheque,True,False,True,0
C006197,72,48.93,3442.47,2,2,1,Month-to-month,DSL,Bank transfer,False,True,False,1
C006198,14,83.76,1222.36,2,0,5,Two year,Fibre optic,Credit card,True,False,False,0
C006199,4,74.65,296.17,1,0,0,One year,Fibre optic,Bank transfer,False,False,False,1
C006200,24,81.85,1964.21,1,0,1,Two year,DSL,Post,False,False,True,0
C006201,34,44.3,1571.34,4,1,1,Month-to-month,DSL,Post,True,True,True,1
C006202,26,102.59,2579.38,1,0,2,Month-to-month,Fibre optic,Electronic cheque,False,False,False,1
C006203,13,88.65,1195.8,0,1,4,Month-to-month,Fibre optic,Post,False,False,True,1
C006204,13,21.67,277.83,0,0,3,Two year,None,Electronic cheque,True,False,False,0
C006205,10,61.61,628.6,0,0,2,Month-to-month,DSL,Bank transfer,True,False,False,1
C006206,6,19.4,119.78,1,0,0,One year,None,Electronic cheque,False,False,False,0
C006207,19,60.7,1180.93,1,1,5,Month-to-month,DSL,Post,True,False,False,0
C006208,13,58.73,735.24,2,0,0,Month-to-month,DSL,Post,True,False,False,0
C006209,5,123.5,608.78,1,1,0,Month-to-month,Fibre optic,Bank transfer,True,False,False,1
C006210,14,15.0,211.06,0,1,1,Month-to-month,None,Post,True,False,False,0
C006211,8,80.04,621.29,1,0,2,Two year,Fibre optic,Credit card,True,False,False,1
C006212,18,89.18,1624.13,4,1,4,Two year,Fibre optic,Electronic cheque,True,True,False,1
C006213,17,56.09,983.66,0,0,5,One year,Fibre optic,Electronic cheque,False,False,False,0
C006214,11,15.0,162.55,0,0,0,Month-to-month,None,Credit card,False,False,False,0
C006215,15,24.27,374.09,0,0,3,One year,None,Electronic cheque,True,False,False,0
C006216,16,76.95,1231.45,1,1,4,Month-to-month,Fibre optic,Electronic cheque,False,False,False,1
C006217,28,87.42,2467.52,0,2,3,Two year,Fibre optic,Post,False,False,True,0
C006218,14,67.4,962.92,0,0,2,One year,Fibre optic,Post,False,False,True,0
C006219,10,28.08,290.84,0,1,2,Month-to-month,None,Credit card,True,False,True,0
C006220,12,46.18,537.81,0,0,1,Month-to-month,Fibre optic,Bank transfer,True,False,False,0
C006221,45,97.45,4507.99,0,0,3,Month-to-month,DSL,Bank transfer,True,True,False,1
C006222,7,15.2,109.26,0,1,1,Month-to-month,None,Credit card,False,False,False,0
C006223,13,90.91,1187.71,2,0,5,Two year,Fibre optic,Electronic cheque,True,False,False,1
C006224,13,82.07,1033.74,0,1,2,One year,Fibre optic,Credit card,True,False,True,0
C006225,13,73.11,965.51,3,0,3,Month-to-month,Fibre optic,Bank transfer,True,True,False,1
C006226,5,60.68,307.41,1,1,3,Month-to-month,DSL,Bank transfer,False,False,True,1
C006227,12,107.21,1279.14,2,0,0,One year,Fibre optic,Electronic cheque,False,False,False,1
C006228,10,66.87,684.26,0,0,4,Month-to-month,DSL,Post,True,False,True,0
C006229,18,20.95,369.59,0,0,1,Month-to-month,None,Electronic cheque,True,False,True,1
C006230,31,105.47,3332.8,4,0,3,One year,Fibre optic,Bank transfer,True,False,False,0
C006231,19,33.03,628.75,0,0,2,Month-to-month,None,Credit card,True,False,False,0
C006232,16,70.55,1155.87,1,1,1,Month-to-month,DSL,Post,True,False,False,0
C006233,21,15.37,310.09,0,1,0,Month-to-month,None,Post,True,False,False,0
C006234,17,57.97,903.89,1,0,1,Month-to-month,Fibre optic,Post,False,False,False,0
C006235,15,99.26,1431.23,1,0,3,Two year,Fibre optic,Post,True,False,True,1
C006236,27,15.0,405.89,0,0,4,Two year,None,Electronic cheque,False,False,False,0
C006237,12,89.74,1141.88,0,0,2,Two year,Fibre optic,Post,False,False,False,0
C006238,5,15.0,75.83,1,0,0,Two year,None,Post,True,False,True,0
C006239,9,88.79,834.66,1,1,5,Month-to-month,Fibre optic,Electronic cheque,True,False,False,1
C006240,8,41.97,343.74,0,0,1,Month-to-month,DSL,Bank transfer,True,False,False,0
C006241,53,86.39,4299.64,1,0,2,One year,Fibre optic,Bank transfer,True,True,False,0
C006242,32,22.99,738.05,2,1,3,Month-to-month,None,Electronic cheque,False,False,False,0
C006243,16,103.91,1631.11,1,1,0,Two year,Fibre optic,Electronic cheque,False,True,True,0
C006244,9,78.46,687.12,2,1,3,Month-to-month,Fibre optic,Credit card,False,True,True,1
C006245,27,39.72,1074.16,1,1,5,Month-to-month,DSL,Bank transfer,True,True,False,1
C006246,16,89.2,1443.68,0,0,4,One year,Fibre optic,Credit card,True,False,False,0
C006247,12,18.47,210.07,0,2,4,Two year,None,Post,False,False,False,0
C006248,16,27.97,436.14,0,0,0,One year,None,Bank transfer,True,True,False,0
C006249,12,39.93,470.72,0,1,2,One year,DSL,Post,True,False,False,0
C006250,20,49.18,979.54,0,0,5,Month-to-month,DSL,Electronic cheque,True,True,False,1
C006251,5,70.62,360.94,4,1,3,One year,DSL,Bank transfer,True,False,False,1
C006252,20,80.3,1571.72,1,0,5,One year,DSL,Credit card,True,False,False,0
C006253,12,21.77,265.0,1,0,4,Month-to-month,None,,True,False,False,0
C006254,28,78.62,2336.07,3,1,3,One year,Fibre optic,Electronic cheque,False,False,False,1
C006255,33,45.44,1500.93,0,0,3,Month-to-month,DSL,Post,False,False,True,0
C006256,37,78.45,2933.84,3,0,1,Month-to-month,Fibre optic,Post,True,False,True,0
C006257,56,82.86,4606.87,3,0,4,Two year,Fibre optic,Post,True,False,False,1
C006258,37,63.62,2301.42,4,0,4,Month-to-month,Fibre optic,Electronic cheque,True,False,False,1
C006259,27,30.75,817.04,1,0,2,One year,None,Bank transfer,True,True,True,0
C006260,6,119.84,735.49,0,0,3,Month-to-month,Fibre optic,Electronic cheque,False,False,False,1
C006261,1,61.51,59.48,0,0,3,Two year,DSL,Electronic cheque,True,False,True,0
C006262,30,28.79,846.32,0,1,4,Month-to-month,None,Credit card,True,True,False,0
C006263,7,50.12,344.43,1,2,3,Month-to-month,DSL,Electronic cheque,False,False,False,1
C006264,72,23.25,1697.53,0,1,2,Two year,None,Credit card,True,False,False,0
C006265,4,46.15,182.86,2,0,0,One year,Fibre optic,Electronic cheque,True,True,True,1
C006266,26,21.33,548.61,1,0,3,Month-to-month,None,Electronic cheque,True,False,True,1
C006267,17,69.63,1172.11,2,1,4,Month-to-month,DSL,Electronic cheque,True,True,False,1
C006268,4,75.65,304.51,3,0,0,Month-to-month,Fibre optic,Credit card,True,False,True,1
C006269,17,29.78,526.0,0,1,4,Two year,None,Bank transfer,False,True,True,0
C006270,8,35.25,293.85,1,0,3,One year,None,Electronic cheque,True,False,False,0
C006271,14,15.0,202.59,1,1,3,Two year,None,Credit card,True,True,False,0
C006272,14,62.66,880.19,0,0,0,Two year,DSL,Post,False,False,False,0
C006273,8,90.89,744.66,2,0,3,Month-to-month,Fibre optic,Post,False,False,False,1
C006274,11,108.26,1257.35,2,1,1,One year,Fibre optic,Post,True,False,False,1
C006275,8,52.33,404.59,0,0,5,One year,DSL,Electronic cheque,True,False,False,0
C006276,3,104.73,,0,0,5,Two year,Fibre optic,Post,True,False,False,0
C006277,16,77.34,1273.0,1,0,2,One year,Fibre optic,Bank transfer,False,False,True,1
C006278,36,82.26,2910.12,1,1,4,Month-to-month,Fibre optic,Electronic cheque,True,False,False,0
C006279,8,58.56,461.17,1,0,2,Two year,DSL,Post,True,False,False,0
C006280,49,24.18,1168.82,0,0,2,One year,None,Bank transfer,True,False,False,0
C006281,56,17.19,973.29,0,0,4,Two year,None,Electronic cheque,True,True,True,0
C006282,11,98.35,1072.77,2,2,2,Month-to-month,Fibre optic,Electronic cheque,False,False,True,0
C006283,13,16.77,221.09,0,1,1,Month-to-month,None,Bank transfer,False,True,True,0
C006284,11,25.49,275.32,1,1,1,One year,None,Bank transfer,False,False,True,0
C006285,6,45.61,283.57,2,1,2,One year,DSL,Bank transfer,False,True,False,0
C006286,13,84.69,1116.97,1,0,4,Month-to-month,Fibre optic,Electronic cheque,False,False,False,0
C006287,12,16.37,185.95,1,1,0,Month-to-month,None,Electronic cheque,True,False,False,0
C006288,16,85.2,1388.69,1,2,1,One year,Fibre optic,Post,False,False,True,1
C006289,17,56.9,923.53,0,2,0,Two year,DSL,Electronic cheque,False,False,False,0
C006290,5,99.48,488.94,2,0,0,Month-to-month,Fibre optic,Electronic cheque,True,False,False,1
C006291,23,92.07,2112.7,2,0,4,Month-to-month,Fibre optic,Credit card,True,False,False,0
C006292,12,57.27,676.86,2,0,3,Month-to-month,Fibre optic,Bank transfer,False,False,True,0
C006293,6,44.96,275.42,1,1,5,Month-to-month,DSL,Credit card,True,False,True,0
C006294,12,65.26,830.54,1,0,5,Month-to-month,DSL,Bank transfer,True,False,False,1
C006295,17,19.67,313.71,0,0,4,Month-to-month,None,Post,False,False,False,0
C006296,41,90.64,3651.75,0,1,5,One year,Fibre optic,Credit card,True,False,True,0
C006297,37,15.0,558.07,1,0,4,Month-to-month,None,Electronic cheque,True,True,False,1
C006298,10,108.41,1079.12,0,1,5,Month-to-month,Fibre optic,Post,False,False,True,1
C006299,13,15.0,183.81,3,1,4,Two year,None,Credit card,True,True,False,0
C006300,7,77.59,563.32,0,0,0,Month-to-month,DSL,Bank transfer,True,False,False,1
C006301,19,15.0,286.24,1,0,0,One year,None,Credit card,True,False,False,1
C006302,10,21.11,215.93,4,0,5,Month-to-month,None,Electronic cheque,True,False,True,1
C006303,13,89.52,1183.42,1,1,3,Two year,Fibre optic,Credit card,False,False,False,0
C006304,30,56.27,1673.46,0,1,0,Two year,DSL,Credit card,False,False,False,0
C006305,5,15.51,74.56,0,1,3,Month-to-month,None,Electronic cheque,True,False,False,0
C006306,37,74.76,2773.51,3,0,4,One year,Fibre optic,,True,False,False,0
C006307,20,78.2,1500.81,1,1,4,One year,Fibre optic,Bank transfer,False,False,True,1
C006308,36,91.39,3395.56,1,1,3,Month-to-month,Fibre optic,Electronic cheque,True,True,False,1
C006309,25,17.55,454.29,1,0,5,One year,None,Credit card,False,True,False,0
C006310,29,50.43,1480.6,1,1,2,Month-to-month,Fibre optic,Electronic cheque,False,True,False,1
C006311,15,91.67,1367.74,0,0,3,Month-to-month,Fibre optic,Credit card,True,False,True,0
C006312,6,79.54,492.34,2,1,4,Two year,Fibre optic,Electronic cheque,True,False,False,0
C006313,9,49.9,465.98,1,1,2,Month-to-month,DSL,Credit card,True,True,True,1
C006314,8,15.0,122.17,1,1,1,Month-to-month,None,Electronic cheque,True,False,False,0
C006315,2,27.22,56.59,3,3,3,Month-to-month,None,Electronic cheque,True,False,False,0
C006316,30,75.59,2359.84,0,1,0,Two year,Fibre optic,Credit card,True,True,False,0
C006317,14,15.0,219.68,1,0,1,Month-to-month,DSL,Credit card,True,False,False,1
C006318,7,26.54,193.1,1,0,1,Month-to-month,DSL,Electronic cheque,True,False,False,0
C006319,54,57.89,2880.47,1,0,1,One year,DSL,Electronic cheque,False,True,False,0
C006320,70,26.04,1849.41,1,0,5,One year,None,Post,True,False,False,0
C006321,5,89.66,450.28,2,0,2,Month-to-month,Fibre optic,Electronic cheque,True,False,False,0
C006322,13,106.12,1413.49,0,0,1,Two year,Fibre optic,Credit card,False,False,True,1
C006323,12,74.83,857.46,2,1,5,Month-to-month,DSL,Bank transfer,True,False,True,0
C006324,7,60.45,408.3,4,1,1,One year,DSL,Credit card,True,True,True,1
C006325,30,77.27,2445.77,0,0,2,One year,Fibre optic,Credit card,True,False,False,0
C006326,2,40.79,83.18,0,0,2,Month-to-month,DSL,Bank transfer,True,False,False,1
C006327,45,58.94,2678.22,0,0,5,Two year,DSL,Credit card,False,False,False,0
C006328,16,24.66,388.17,0,1,2,One year,None,Electronic cheque,True,False,True,0
C006329,51,59.57,2945.76,0,2,3,Month-to-month,Fibre optic,Electronic cheque,True,False,True,0
C006330,15,25.93,380.64,0,0,0,Month-to-month,None,Bank transfer,True,False,False,0
C006331,12,33.47,393.13,1,1,0,Month-to-month,DSL,Bank transfer,True,False,False,1
C006332,31,20.72,655.68,0,0,5,Two year,DSL,Credit card,True,False,False,0
C006333,51,15.0,772.39,1,1,4,Month-to-month,None,Bank transfer,True,True,False,0
C006334,46,15.0,671.7,1,0,1,Two year,None,Credit card,True,False,False,0
C006335,3,47.93,147.8,1,1,0,Month-to-month,Fibre optic,Credit card,True,False,False,1
C006336,38,51.72,1799.56,1,2,1,Two year,Fibre optic,Electronic cheque,True,False,True,1
C006337,11,36.74,370.07,1,1,2,Two year,DSL,Electronic cheque,True,True,False,0
C006338,14,79.46,1138.11,1,2,2,Month-to-month,Fibre optic,Electronic cheque,False,False,False,1
C006339,11,51.83,599.55,0,0,0,Month-to-month,DSL,Credit card,True,False,False,1
C006340,9,77.13,636.35,1,2,0,Two year,DSL,Electronic cheque,True,False,True,0
C006341,13,102.78,1316.46,4,1,1,Month-to-month,Fibre optic,Electronic cheque,False,True,False,0
C006342,7,70.83,522.47,0,1,4,Month-to-month,DSL,Credit card,False,False,True,0
C006343,38,46.49,1681.71,0,0,2,Two year,DSL,Credit card,False,False,True,0
C006344,25,64.21,1650.69,2,0,3,Two year,DSL,Electronic cheque,True,False,False,0
C006345,18,86.23,1536.49,0,1,2,One year,DSL,Credit card,True,False,False,0
C006346,11,17.43,197.35,2,1,3,Two year,None,Bank transfer,True,False,False,1
C006347,10,25.16,260.8,0,0,1,One year,None,Bank transfer,False,True,False,0
C006348,21,51.9,1102.17,0,1,2,One year,DSL,Credit card,False,False,False,0
C006349,18,35.57,623.72,0,1,5,Month-to-month,DSL,Post,True,False,True,0
C006350,33,25.82,826.9,0,1,4,One year,None,Electronic cheque,False,True,True,0
C006351,10,45.51,448.31,1,0,4,One year,DSL,Credit card,True,False,False,0
C006352,9,78.95,674.81,2,1,2,One year,Fibre optic,Electronic cheque,True,False,False,0
C006353,24,36.39,892.91,0,0,1,Two year,DSL,Bank transfer,False,False,True,0
C006354,28,100.06,2640.85,0,0,5,Month-to-month,Fibre optic,Post,False,True,False,1
C006355,66,47.04,3243.5,0,1,3,One year,DSL,Post,False,False,False,0
C006356,3,88.71,259.74,2,0,5,Month-to-month,Fibre optic,Electronic cheque,True,False,True,1
C006357,39,69.55,2691.73,1,0,5,Month-to-month,Fibre optic,Bank transfer,True,False,True,1
C006358,17,53.63,895.48,1,0,3,Month-to-month,DSL,Post,True,False,False,0
C006359,10,75.45,792.86,0,0,1,Two year,Fibre optic,Bank transfer,True,False,False,1
C006360,21,120.9,2579.28,3,0,4,Month-to-month,Fibre optic,Bank transfer,True,False,False,1
C006361,21,15.0,324.98,0,0,0,One year,None,Electronic cheque,True,False,True,0
C006362,11,87.9,951.6,1,0,0,One year,Fibre optic,Electronic cheque,True,False,False,0
C006363,3,54.05,165.63,0,1,3,Two year,DSL,Credit card,False,False,False,0
C006364,40,89.58,3665.74,0,0,4,One year,Fibre optic,Electronic cheque,True,False,True,0
C006365,8,66.28,531.26,2,0,2,Month-to-month,DSL,Post,True,False,False,1
C006366,7,21.24,149.72,0,1,0,Month-to-month,None,,True,False,False,1
C006367,9,25.34,230.14,2,1,3,One year,None,Credit card,False,False,False,0
C006368,27,56.79,1545.16,2,2,1,Month-to-month,DSL,Credit card,True,True,False,1
C006369,12,94.22,1157.92,2,4,0,Month-to-month,Fibre optic,Post,False,False,False,1
C006370,9,76.1,667.2,0,0,2,Month-to-month,Fibre optic,Credit card,False,False,False,0
C006371,20,48.63,885.97,1,0,0,Month-to-month,DSL,Post,True,False,True,0
C006372,18,113.8,2005.35,4,0,0,Two year,Fibre optic,Bank transfer,False,False,True,1
C006373,9,73.72,650.3,0,2,1,Two year,Fibre optic,Bank transfer,True,False,False,0
C006374,3,108.7,328.5,1,1,2,One year,Fibre optic,Bank transfer,False,False,True,0
C006375,27,74.37,2013.32,2,0,4,Month-to-month,Fibre optic,Credit card,False,False,False,1
C006376,18,117.44,,3,0,2,Two year,Fibre optic,Post,True,False,False,0
C006377,2,69.6,131.29,2,1,5,One year,Fibre optic,Bank transfer,True,True,False,1
C006378,43,77.91,3287.21,2,0,4,Two year,Fibre optic,Post,False,False,False,1
C006379,2,112.15,226.58,1,0,4,Month-to-month,Fibre optic,Electronic cheque,False,False,True,0
C006380,8,112.94,936.82,2,0,1,Month-to-month,Fibre optic,Credit card,True,False,False,1
C006381,8,99.73,780.7,0,1,3,One year,Fibre optic,Electronic cheque,True,False,False,0
C006382,10,53.89,537.28,1,0,0,Two year,DSL,Electronic cheque,False,False,True,0
C006383,9,86.48,771.46,2,0,5,Month-to-month,Fibre optic,Credit card,True,False,True,0
C006384,5,85.02,411.21,3,1,4,Month-to-month,Fibre optic,Electronic cheque,True,False,True,1
C006385,17,60.75,1058.14,3,0,5,One year,DSL,Bank transfer,False,True,True,0
C006386,30,79.21,2402.69,1,0,0,Two year,DSL,Bank transfer,True,False,False,0
C006387,17,71.02,,1,1,1,One year,Fibre optic,Electronic cheque,False,True,True,0
C006388,19,63.02,1155.03,1,0,3,Two year,DSL,Credit card,False,True,False,0
C006389,12,55.82,666.55,2,1,2,One year,Fibre optic,Bank transfer,True,False,False,1
C006390,16,115.82,1856.63,3,1,2,Two year,Fibre optic,Electronic cheque,True,False,False,0
C006391,20,75.81,1478.93,3,0,4,Month-to-month,Fibre optic,Electronic cheque,True,False,False,1
C006392,25,30.17,780.43,1,1,3,Month-to-month,None,Electronic cheque,True,False,False,1
C006393,9,27.34,243.23,0,0,0,One year,None,Electronic cheque,True,False,False,0
C006394,8,20.95,164.09,1,2,5,One year,None,Electronic cheque,False,False,True,0
C006395,1,32.25,33.1,1,1,3,Month-to-month,None,Credit card,True,False,False,0
C006396,52,59.56,3003.92,0,1,4,Month-to-month,DSL,Electronic cheque,True,False,False,0
C006397,50,56.35,2839.32,0,0,4,One year,DSL,Credit card,True,False,False,0
C006398,14,56.63,771.91,0,0,1,Two year,DSL,Electronic cheque,True,False,False,0
C006399,15,59.11,877.34,0,1,2,Month-to-month,DSL,Post,True,False,True,0
C006400,41,15.97,,1,1,4,Two year,None,Electronic cheque,False,True,False,0
C006401,5,32.77,166.78,0,0,5,Month-to-month,None,Electronic cheque,False,False,False,0
C006402,7,72.96,510.89,1,0,1,Month-to-month,Fibre optic,Bank transfer,True,False,False,1
C006403,43,22.44,948.67,0,1,1,Month-to-month,None,Bank transfer,True,False,False,0
C006404,12,65.13,790.52,2,0,0,Month-to-month,Fibre optic,Bank transfer,True,True,False,0
C006405,6,71.07,414.82,3,0,4,Month-to-month,Fibre optic,Electronic cheque,False,False,False,1
C006406,21,75.4,1634.21,1,0,1,One year,DSL,Credit card,False,False,False,1
C006407,9,16.66,162.77,0,0,1,One year,None,Bank transfer,True,False,False,0
C006408,38,66.98,2550.65,4,0,0,Month-to-month,Fibre optic,Credit card,False,False,False,1
C006409,16,82.61,1342.6,1,0,2,Two year,Fibre optic,Post,True,False,False,0
C006410,9,61.29,531.5,2,1,5,Two year,DSL,,False,False,True,0
C006411,9,63.86,573.46,0,0,4,Month-to-month,Fibre optic,Electronic cheque,False,False,True,0
C006412,20,18.7,381.55,0,0,0,Month-to-month,None,Post,True,False,False,0
C006413,13,113.85,1498.06,2,1,0,Month-to-month,Fibre optic,Bank transfer,True,False,True,1
C006414,12,27.18,319.22,1,0,0,One year,None,Credit card,False,False,False,0
C006415,26,58.52,1498.07,2,0,1,Month-to-month,Fibre optic,Electronic cheque,False,False,False,1
C006416,42,29.19,1215.33,1,0,4,One year,None,Electronic cheque,True,True,False,0
C006417,23,120.61,2749.99,0,0,0,One year,Fibre optic,Post,False,False,False,0
C006418,8,80.42,627.94,0,0,4,One year,Fibre optic,Electronic cheque,True,False,False,0
C006419,6,26.18,162.51,1,0,0,Month-to-month,None,Bank transfer,True,True,False,1
C006420,25,25.46,653.72,1,2,5,Month-to-month,None,Bank transfer,False,False,True,0
C006421,23,69.15,1530.38,1,0,0,Month-to-month,DSL,Electronic cheque,True,False,False,1
C006422,11,24.01,280.32,2,0,5,Two year,None,Bank transfer,False,True,True,0
C006423,13,44.72,595.65,1,1,2,One year,Fibre optic,Bank transfer,True,False,False,0
C006424,9,61.54,544.67,0,1,4,One year,DSL,Electronic cheque,False,False,True,0
C006425,6,102.08,608.31,1,0,3,One year,Fibre optic,Electronic cheque,True,False,False,1
C006426,9,73.47,658.19,0,0,1,Month-to-month,Fibre optic,Bank transfer,True,False,False,1
C006427,1,107.23,103.47,3,1,5,Month-to-month,Fibre optic,Electronic cheque,True,False,False,1
C006428,34,61.3,1974.86,1,0,3,Month-to-month,Fibre optic,Post,True,False,False,0
C006429,4,46.98,184.45,1,2,0,Month-to-month,DSL,Electronic cheque,False,False,False,1
C006430,15,83.47,1286.99,0,0,4,Month-to-month,DSL,Electronic cheque,False,False,True,1
C006431,2,64.28,122.25,1,1,1,Month-to-month,Fibre optic,Electronic cheque,False,True,True,1
C006432,23,60.65,1388.36,1,0,3,One year,DSL,Credit card,False,False,False,0
C006433,28,95.53,2645.63,2,0,0,Month-to-month,Fibre optic,Electronic cheque,True,False,True,1
C006434,16,86.65,1364.99,3,0,2,Month-to-month,Fibre optic,Bank transfer,False,False,False,1
C006435,14,45.94,636.26,1,0,3,Month-to-month,DSL,Electronic cheque,False,False,True,0
C006436,9,41.55,381.8,0,0,0,Month-to-month,DSL,Credit card,True,False,True,0
C006437,33,88.54,2843.89,2,0,3,Month-to-month,Fibre optic,Post,True,False,True,0
C006438,4,42.35,167.25,1,0,0,Month-to-month,None,Electronic cheque,True,True,True,0
C006439,10,28.33,287.22,0,0,5,Month-to-month,None,Credit card,False,False,False,1
C006440,8,104.8,816.25,1,0,5,Two year,Fibre optic,Electronic cheque,False,False,True,1
C006441,7,73.92,528.78,0,0,1,Month-to-month,DSL,Credit card,False,False,False,0
C006442,32,59.61,1979.91,1,1,3,Month-to-month,Fibre optic,Electronic cheque,True,True,False,0
C006443,13,74.28,949.07,2,0,3,Month-to-month,Fibre optic,Bank transfer,True,False,True,1
C006444,9,68.93,641.63,0,2,2,Month-to-month,Fibre optic,Credit card,False,False,True,1
C006445,19,80.35,1490.97,2,0,2,One year,Fibre optic,Electronic cheque,True,False,False,0
C006446,18,62.64,1074.31,0,1,2,Month-to-month,Fibre optic,Bank transfer,True,False,False,1
C006447,27,41.05,1163.59,0,1,2,Two year,DSL,Electronic cheque,True,False,False,0
C006448,20,36.01,720.9,2,0,1,Two year,None,Post,False,False,False,0
C006449,14,86.91,1224.13,2,0,2,One year,Fibre optic,Bank transfer,False,True,True,1
C006450,15,60.17,886.23,0,0,2,Month-to-month,DSL,Credit card,False,False,False,1
C006451,20,16.33,317.22,0,1,0,Month-to-month,None,Electronic cheque,True,True,False,0
C006452,7,88.98,622.48,3,1,5,Month-to-month,Fibre optic,Bank transfer,True,False,True,0
C006453,17,55.71,1007.23,1,0,0,One year,DSL,Bank transfer,False,False,False,0
C006454,41,57.17,2315.78,0,1,4,Month-to-month,DSL,Electronic cheque,True,False,False,0
C006455,16,55.34,913.56,1,0,1,One year,Fibre optic,Post,False,True,False,0
C006456,11,87.08,1018.25,1,1,0,Month-to-month,Fibre optic,Electronic cheque,True,True,False,1
C006457,11,123.92,1357.17,1,1,5,Month-to-month,Fibre optic,Post,True,False,True,0
C006458,19,78.45,1494.05,1,1,4,Month-to-month,DSL,Post,False,False,False,0
C006459,17,58.34,982.67,2,0,1,Month-to-month,DSL,Electronic cheque,True,False,False,0
C006460,23,74.85,1692.39,1,0,3,One year,Fibre optic,Bank transfer,True,True,False,1
C006461,9,61.24,542.23,1,0,5,One year,Fibre optic,Bank transfer,True,False,False,1
C006462,13,113.15,1365.31,0,1,3,Month-to-month,Fibre optic,Electronic cheque,True,False,False,1
C006463,26,123.88,3176.34,0,0,3,Month-to-month,Fibre optic,Electronic cheque,True,False,True,1
C006464,28,92.41,2528.83,0,0,2,Two year,Fibre optic,Credit card,True,False,True,0
C006465,28,91.53,2568.36,1,0,0,Month-to-month,Fibre optic,Electronic cheque,False,False,True,1
C006466,24,86.12,2219.15,4,0,5,One year,Fibre optic,Credit card,False,False,False,1
C006467,25,82.33,2086.24,0,1,5,Month-to-month,Fibre optic,,True,False,False,0
C006468,17,84.24,1444.01,0,1,1,One year,DSL,Credit card,False,False,True,0
C006469,4,97.17,383.73,1,0,2,One year,Fibre optic,Electronic cheque,True,True,False,1
C006470,5,54.41,277.05,0,0,5,Month-to-month,DSL,Electronic cheque,True,False,True,0
C006471,15,75.59,1134.44,0,0,4,Month-to-month,Fibre optic,Post,False,False,False,0
C006472,16,87.29,1361.61,1,0,0,Month-to-month,Fibre optic,Credit card,False,False,False,1
C006473,7,83.41,591.63,5,0,2,Month-to-month,Fibre optic,Credit card,False,False,False,1
C006474,8,15.16,117.8,0,0,1,One year,None,Credit card,True,False,False,0
C006475,14,128.2,1775.53,0,0,2,Month-to-month,Fibre optic,Electronic cheque,True,False,False,1
C006476,57,72.12,4088.41,1,0,3,Month-to-month,DSL,Bank transfer,True,True,True,0
C006477,6,21.4,127.35,0,1,5,Two year,None,Post,True,False,True,0
C006478,11,101.34,1168.7,0,1,0,Two year,Fibre optic,Credit card,True,False,False,0
C006479,27,107.81,2996.6,0,0,3,Month-to-month,Fibre optic,Credit card,True,False,False,0
C006480,24,58.01,1343.48,0,1,5,One year,DSL,Credit card,True,False,False,0
C006481,18,54.66,955.92,1,1,3,Month-to-month,Fibre optic,Credit card,True,True,True,1
C006482,3,95.79,289.46,2,0,3,One year,Fibre optic,Electronic cheque,True,False,True,1
C006483,12,18.0,225.33,1,0,4,Month-to-month,None,Post,True,False,False,0
C006484,47,102.12,4750.63,2,0,3,One year,Fibre optic,Electronic cheque,True,False,False,1
C006485,8,94.92,728.99,1,2,0,Month-to-month,Fibre optic,Electronic cheque,True,False,False,1
C006486,7,75.16,529.99,0,1,3,Month-to-month,Fibre optic,Credit card,False,True,False,0
C006487,40,25.12,995.14,1,1,1,Two year,None,Credit card,False,False,False,0
C006488,14,57.3,850.87,2,1,3,Month-to-month,DSL,Post,True,False,True,1
C006489,3,89.01,260.43,1,1,0,Month-to-month,Fibre optic,Bank transfer,True,False,False,1
C006490,6,59.88,348.44,0,1,3,Month-to-month,DSL,Electronic cheque,True,False,True,1
C006491,9,50.02,444.11,0,1,4,One year,DSL,Post,False,False,False,0
C006492,18,68.86,1202.66,0,0,5,Month-to-month,Fibre optic,Electronic cheque,True,False,False,0
C006493,13,84.07,1105.01,0,0,3,One year,Fibre optic,Bank transfer,False,False,True,1
C006494,7,25.78,179.07,1,0,3,Month-to-month,None,,False,True,False,0
C006495,13,99.57,1333.5,4,0,5,One year,Fibre optic,Post,True,False,False,1
C006496,8,44.6,384.3,1,0,3,Two year,DSL,Credit card,True,False,True,0
C006497,49,55.03,2673.08,0,1,3,Month-to-month,DSL,Credit card,False,False,True,0
C006498,5,59.6,285.99,1,0,0,One year,DSL,Bank transfer,True,True,True,0
C006499,10,92.46,911.32,0,0,4,Month-to-month,Fibre optic,Credit card,True,False,False,1
C006500,9,114.12,1003.76,0,2,3,Month-to-month,Fibre optic,Credit card,True,False,False,1
C006501,9,101.71,934.14,0,1,1,One year,Fibre optic,Electronic cheque,True,False,False,1
C006502,6,26.7,162.9,0,1,3,Two year,DSL,Bank transfer,True,False,False,0
C006503,38,45.39,1754.37,0,0,2,Two year,DSL,Electronic cheque,True,True,False,0
C006504,60,75.19,4497.49,2,0,2,Two year,DSL,Post,True,False,False,0
C006505,19,85.51,1609.12,0,2,2,Month-to-month,Fibre optic,Credit card,True,False,False,1
C006506,18,45.87,849.13,2,0,3,One year,DSL,Electronic cheque,True,False,False,1
C006507,3,68.3,211.71,2,0,4,Month-to-month,DSL,Bank transfer,True,False,False,1
C006508,37,119.0,4646.06,3,2,4,Two year,Fibre optic,Electronic cheque,True,True,False,1
C006509,8,54.69,451.71,1,1,2,One year,DSL,Credit card,True,False,False,0
C006510,3,82.54,249.25,1,0,4,Month-to-month,Fibre optic,Electronic cheque,True,False,False,0
C006511,22,30.46,652.37,0,0,1,Two year,None,Post,True,False,False,0
C006512,31,72.25,2307.21,1,0,5,One year,DSL,Electronic cheque,True,True,True,0
C006513,37,51.31,1899.45,2,0,1,Two year,DSL,Bank transfer,False,False,False,0
C006514,10,67.04,676.2,2,2,3,One year,DSL,Electronic cheque,True,True,True,0
C006515,9,57.3,516.04,2,0,3,Two year,DSL,Bank transfer,True,False,False,1
C006516,17,19.32,307.51,1,2,0,Month-to-month,None,Electronic cheque,True,False,True,0
C006517,13,122.07,1629.51,2,0,4,Month-to-month,Fibre optic,Bank transfer,True,False,False,1
C006518,22,65.52,1412.31,0,0,3,One year,Fibre optic,Post,True,False,False,0
C006519,17,78.13,1341.17,1,0,5,Month-to-month,Fibre optic,Post,True,False,False,1
C006520,7,61.42,435.61,0,0,1,Month-to-month,DSL,Electronic cheque,True,False,True,0
C006521,38,98.36,3693.03,2,0,1,Two year,Fibre optic,Credit card,False,False,False,0
C006522,22,51.49,1163.8,2,0,2,Two year,DSL,Bank transfer,True,False,False,0
C006523,30,22.84,726.21,1,0,5,Two year,None,Credit card,False,False,False,0
C006524,7,99.27,690.21,2,0,5,Month-to-month,Fibre optic,Credit card,True,True,False,1
C006525,22,41.22,896.98,0,1,4,Month-to-month,DSL,Electronic cheque,False,False,False,0
C006526,26,98.56,2560.87,1,0,0,Two year,Fibre optic,Bank transfer,True,False,True,0
C006527,17,44.88,775.74,0,0,5,Month-to-month,DSL,Electronic cheque,True,False,True,1
C006528,6,66.01,388.47,2,0,4,Month-to-month,DSL,Electronic cheque,False,False,False,1
C006529,16,66.22,1043.11,0,0,1,Month-to-month,DSL,Electronic cheque,False,False,False,1
C006530,25,75.75,1890.46,3,0,2,Two year,DSL,Electronic cheque,False,False,False,0
C006531,32,53.31,1670.17,0,0,5,Month-to-month,DSL,Bank transfer,False,False,False,1
C006532,4,15.0,58.86,2,0,4,Month-to-month,None,Electronic cheque,True,False,False,0
C006533,17,37.43,646.3,0,0,2,Month-to-month,DSL,Credit card,True,False,False,0
C006534,5,98.13,479.92,1,2,1,Month-to-month,Fibre optic,Credit card,True,False,True,1
C006535,25,77.56,1955.05,1,2,2,One year,DSL,Electronic cheque,False,False,False,0
C006536,30,56.96,1657.76,1,2,0,One year,DSL,Credit card,True,False,False,0
C006537,7,58.37,410.35,0,0,3,One year,DSL,Bank transfer,False,False,False,0
C006538,5,57.91,282.63,0,0,4,Month-to-month,DSL,Credit card,False,False,False,0
C006539,9,61.56,552.48,0,0,1,Month-to-month,DSL,Bank transfer,True,False,False,0
C006540,13,71.96,974.31,1,0,3,Month-to-month,DSL,Bank transfer,True,False,True,0
C006541,8,84.87,663.27,0,0,5,Two year,DSL,Electronic cheque,True,False,False,0
C006542,26,110.53,2795.11,2,0,5,Month-to-month,Fibre optic,Electronic cheque,True,False,True,1
C006543,32,36.63,1181.31,0,0,0,Month-to-month,None,Bank transfer,False,True,False,0
C006544,16,54.65,866.12,2,0,2,Month-to-month,DSL,Electronic cheque,False,False,True,0
C006545,8,59.71,519.34,4,0,0,Two year,Fibre optic,,False,False,True,0
C006546,13,78.59,974.39,2,1,2,One year,Fibre optic,Post,True,False,True,1
C006547,16,122.33,1957.4,1,2,4,Month-to-month,Fibre optic,Credit card,False,False,False,1
C006548,12,71.63,926.2,1,0,3,One year,Fibre optic,Post,False,False,False,1
C006549,14,71.27,1006.77,0,1,2,Month-to-month,Fibre optic,Post,False,True,False,1
C006550,30,19.95,603.75,0,0,0,One year,None,Bank transfer,True,False,True,0
C006551,8,54.07,412.56,1,1,5,Two year,DSL,Credit card,True,False,False,0
C006552,52,72.91,3751.12,2,0,0,One year,Fibre optic,Credit card,True,False,False,0
C006553,16,95.03,1524.19,1,0,5,Two year,Fibre optic,Bank transfer,True,False,False,0
C006554,12,19.73,221.86,0,1,4,Month-to-month,None,Electronic cheque,False,False,True,0
C006555,8,50.29,413.51,2,1,5,Month-to-month,Fibre optic,Electronic cheque,True,False,True,1
C006556,8,23.64,183.26,0,1,2,One year,None,Bank transfer,False,False,False,0
C006557,15,75.05,1167.75,0,2,0,One year,Fibre optic,Electronic cheque,True,False,False,1
C006558,16,97.2,1466.36,1,0,5,Month-to-month,Fibre optic,Bank transfer,True,False,True,1
C006559,11,20.6,230.71,0,1,0,Month-to-month,None,Credit card,True,False,False,0
C006560,5,78.8,405.02,1,0,0,Month-to-month,Fibre optic,Bank transfer,True,False,False,1
C006561,15,78.8,1142.62,3,0,2,Month-to-month,Fibre optic,Bank transfer,True,False,False,1
C006562,8,130.0,1065.71,2,0,1,Two year,Fibre optic,Electronic cheque,False,False,False,0
C006563,3,54.71,163.21,0,0,0,Month-to-month,DSL,Bank transfer,False,False,False,0
C006564,23,22.55,501.31,0,0,0,Two year,None,Post,False,False,False,0
C006565,3,15.0,43.56,2,0,4,Month-to-month,None,Post,True,False,False,0
C006566,11,84.09,921.52,1,1,5,One year,Fibre optic,Bank transfer,False,True,False,0
C006567,14,57.94,814.64,0,0,5,Two year,DSL,Post,True,False,False,0
C006568,35,71.83,2565.16,1,0,4,One year,DSL,Electronic cheque,True,False,False,0
C006569,3,51.92,155.17,0,1,2,Two year,DSL,Credit card,True,False,False,0
C006570,25,64.61,1648.39,2,0,5,Month-to-month,DSL,Credit card,True,False,True,0
C006571,27,62.75,1705.12,3,0,0,Month-to-month,Fibre optic,Electronic cheque,True,False,False,1
C006572,42,30.12,1265.79,1,2,5,One year,None,Post,True,False,False,0
C006573,31,75.05,2236.34,3,0,5,One year,Fibre optic,Bank transfer,False,False,False,0
C006574,14,63.89,867.84,2,0,1,One year,Fibre optic,Post,True,False,False,1
C006575,25,31.81,797.67,1,0,0,One year,None,Electronic cheque,False,False,False,0
C006576,36,32.11,1176.44,1,0,5,Month-to-month,None,Bank transfer,True,False,False,0
C006577,2,62.47,129.57,4,0,4,Month-to-month,Fibre optic,Electronic cheque,True,False,False,1
C006578,5,63.57,323.39,1,1,4,Two year,Fibre optic,Bank transfer,True,False,True,1
C006579,18,88.74,1632.46,2,0,3,One year,Fibre optic,Electronic cheque,True,False,False,1
C006580,27,54.93,1526.87,3,0,1,One year,Fibre optic,Bank transfer,False,True,False,0
C006581,22,56.48,1235.05,1,0,1,One year,DSL,Credit card,True,False,True,0
C006582,19,109.11,2133.39,1,0,2,Two year,Fibre optic,Bank transfer,False,False,False,0
C006583,41,97.01,4062.1,1,0,5,Two year,Fibre optic,Post,False,True,False,0
C006584,11,40.88,460.09,1,0,3,Month-to-month,DSL,Credit card,False,False,False,0
C006585,8,28.03,225.82,1,1,1,Two year,None,Electronic cheque,True,False,True,0
C006586,10,15.0,152.33,0,1,1,Month-to-month,None,Credit card,True,False,False,1
C006587,18,87.45,1583.52,2,0,1,Month-to-month,Fibre optic,Electronic cheque,True,False,True,1
C006588,14,41.06,548.62,1,0,1,Two year,DSL,Bank transfer,False,False,False,0
C006589,28,39.05,1141.0,0,0,5,Month-to-month,DSL,Electronic cheque,False,False,False,0
C006590,8,96.23,793.41,1,1,4,Month-to-month,Fibre optic,Bank transfer,True,False,False,1
C006591,19,15.0,286.87,0,1,4,One year,None,Post,True,False,False,0
C006592,25,63.66,1628.87,0,0,2,Two year,Fibre optic,Electronic cheque,True,False,False,0
C006593,36,63.91,2265.44,0,0,4,Month-to-month,DSL,Post,True,False,False,0
C006594,5,21.08,103.23,2,0,2,One year,DSL,Bank transfer,False,False,False,1
C006595,10,47.57,470.16,1,0,3,Month-to-month,DSL,Credit card,False,False,False,0
C006596,13,98.58,1275.5,1,1,5,Month-to-month,Fibre optic,Electronic cheque,True,False,False,1
C006597,4,86.9,348.09,1,1,0,One year,Fibre optic,Electronic cheque,False,True,False,1
C006598,19,71.92,1312.22,0,1,5,One year,DSL,Electronic cheque,False,False,False,0
C006599,18,84.79,1437.06,0,2,0,One year,Fibre optic,,False,True,True,0
C006600,17,25.26,413.16,0,1,0,One year,None,Electronic cheque,False,False,False,0
C006601,12,52.32,612.65,2,2,2,Two year,Fibre optic,Electronic cheque,True,False,False,1
C006602,33,64.16,2197.32,1,0,0,Two year,DSL,Post,False,False,False,0
C006603,10,75.85,714.97,0,1,5,Month-to-month,Fibre optic,Electronic cheque,True,False,True,1
C006604,31,33.02,,1,1,1,One year,None,Credit card,False,True,False,0
C006605,10,41.98,406.76,0,0,0,One year,DSL,Bank transfer,False,True,False,0
C006606,5,47.09,232.7,0,1,4,Month-to-month,DSL,Electronic cheque,True,False,False,1
C006607,14,113.51,1598.77,2,1,2,One year,Fibre optic,Electronic cheque,True,False,True,1
C006608,16,40.37,647.1,0,1,2,One year,DSL,Post,True,False,False,0
C006609,20,16.73,341.29,0,1,4,Month-to-month,None,Bank transfer,True,False,True,1
C006610,1,83.85,76.86,3,2,2,Month-to-month,Fibre optic,Electronic cheque,True,True,False,1
C006611,11,43.17,503.83,0,1,3,Month-to-month,DSL,Post,False,False,False,0
C006612,49,15.32,771.21,0,0,0,Month-to-month,None,Bank transfer,False,False,False,0
C006613,9,97.63,860.64,2,0,0,Two year,Fibre optic,Bank transfer,True,False,False,0
C006614,27,77.49,2137.86,1,0,2,Month-to-month,Fibre optic,Bank transfer,False,False,False,0
C006615,72,62.33,4661.52,0,1,0,One year,DSL,Bank transfer,False,False,True,0
C006616,55,84.17,5077.64,2,0,1,One year,Fibre optic,Credit card,True,False,False,0
C006617,6,15.41,94.93,0,1,3,Month-to-month,None,Electronic cheque,True,False,False,0
C006618,26,26.66,689.69,1,1,2,Month-to-month,DSL,Electronic cheque,False,False,True,0
C006619,27,90.48,2426.58,1,0,2,Month-to-month,Fibre optic,Bank transfer,True,False,False,1
C006620,23,15.0,333.1,0,2,0,Month-to-month,None,Credit card,False,True,True,0
C006621,5,87.8,454.37,2,0,2,Month-to-month,Fibre optic,Credit card,False,True,False,1
C006622,17,37.23,642.64,1,0,2,Month-to-month,DSL,Electronic cheque,False,False,True,0
C006623,17,50.4,872.48,1,1,1,Two year,DSL,Credit card,True,True,False,0
C006624,4,120.58,487.48,1,0,3,One year,Fibre optic,Bank transfer,True,False,True,1
C006625,12,85.24,945.18,1,1,2,Month-to-month,Fibre optic,Bank transfer,True,False,True,1
C006626,18,46.79,817.83,1,1,2,Month-to-month,DSL,Bank transfer,True,True,True,1
C006627,14,49.1,629.65,2,0,3,Two year,DSL,Post,False,True,False,1
C006628,24,112.46,2734.96,1,0,0,Month-to-month,Fibre optic,Bank transfer,False,False,False,1
C006629,11,120.5,1298.0,2,0,5,One year,Fibre optic,Credit card,True,False,False,0
C006630,16,65.86,1051.16,0,0,2,Month-to-month,DSL,Credit card,True,False,False,0
C006631,29,89.77,2586.06,1,0,1,Two year,Fibre optic,Electronic cheque,True,False,False,0
C006632,45,82.99,3944.78,0,0,1,Month-to-month,Fibre optic,Electronic cheque,True,False,False,0
C006633,5,57.51,282.84,3,0,1,Month-to-month,DSL,Electronic cheque,True,False,True,0
C006634,24,51.12,1210.73,1,1,2,One year,DSL,Electronic cheque,True,False,False,0
C006635,10,15.0,145.59,0,0,3,Month-to-month,None,Electronic cheque,True,False,False,0
C006636,20,18.26,353.86,1,1,4,One year,None,Post,True,True,True,0
C006637,5,53.39,263.99,0,0,3,Month-to-month,DSL,Bank transfer,True,False,True,1
C006638,34,24.02,804.79,1,0,5,Month-to-month,None,Electronic cheque,True,False,True,0
C006639,8,76.11,,1,0,2,Month-to-month,Fibre optic,Electronic cheque,True,False,True,1
C006640,29,25.76,710.14,1,0,3,One year,None,Electronic cheque,True,False,False,0
C006641,5,20.48,98.72,0,0,1,Two year,None,Post,True,False,False,0
C006642,4,67.1,270.65,1,1,2,Month-to-month,Fibre optic,Electronic cheque,False,False,True,1
C006643,12,80.75,931.62,4,0,4,Two year,Fibre optic,Electronic cheque,True,False,True,1
C006644,17,47.47,804.21,2,0,2,Two year,DSL,Credit card,True,False,False,0
C006645,58,107.63,6284.72,1,0,0,Month-to-month,Fibre optic,Post,True,False,False,0
C006646,17,63.54,1073.19,2,0,5,Month-to-month,Fibre optic,Credit card,True,False,False,1
C006647,6,84.45,502.11,0,0,2,Month-to-month,Fibre optic,Electronic cheque,False,False,False,1
C006648,26,63.87,1668.0,2,1,5,Month-to-month,DSL,Credit card,False,False,False,0
C006649,38,36.25,1340.73,0,0,3,One year,None,Electronic cheque,True,False,False,0
C006650,7,15.0,110.9,1,1,5,Month-to-month,None,Credit card,True,True,False,1
C006651,28,74.82,2049.29,0,1,4,Month-to-month,DSL,Credit card,False,False,True,0
C006652,34,97.8,3420.96,2,1,5,One year,Fibre optic,Credit card,True,False,True,0
C006653,26,20.33,540.24,2,0,2,Month-to-month,None,Electronic cheque,False,False,False,0
C006654,9,93.26,787.48,0,0,5,Two year,Fibre optic,Electronic cheque,False,False,False,0
C006655,17,28.86,472.96,0,0,0,One year,None,Electronic cheque,False,True,True,0
C006656,20,82.81,1673.87,1,0,2,Month-to-month,Fibre optic,Electronic cheque,True,False,True,0
C006657,33,54.35,1910.48,0,2,5,Month-to-month,DSL,Credit card,True,False,True,1
C006658,9,89.94,828.27,1,0,3,Month-to-month,Fibre optic,Electronic cheque,True,False,True,1
C006659,29,70.85,2135.93,0,0,5,Two year,Fibre optic,Electronic cheque,False,False,False,0
C006660,13,67.92,876.28,0,0,2,Month-to-month,DSL,Electronic cheque,False,False,False,1
C006661,11,81.25,936.7,3,1,5,Two year,Fibre optic,Bank transfer,True,False,True,0
C006662,15,59.59,926.14,1,1,3,Two year,Fibre optic,Credit card,True,True,False,0
C006663,1,93.26,84.18,2,1,4,Month-to-month,Fibre optic,Electronic cheque,True,True,False,1
C006664,2,96.84,191.02,0,2,3,One year,Fibre optic,Post,True,False,False,1
C006665,2,99.62,195.32,3,0,1,One year,Fibre optic,Credit card,True,True,True,1
C006666,21,110.74,2249.77,0,0,5,Month-to-month,Fibre optic,Bank transfer,True,False,True,1
C006667,12,102.17,1233.9,0,0,2,Two year,Fibre optic,,True,False,False,0
C006668,9,62.39,587.93,1,3,4,Month-to-month,DSL,Post,True,False,False,1
C006669,14,20.17,280.88,0,0,1,Two year,None,Electronic cheque,False,True,False,0
C006670,29,15.0,425.77,0,1,2,One year,None,Credit card,False,False,True,0
C006671,14,92.01,1298.58,2,0,1,Month-to-month,Fibre optic,Electronic cheque,True,False,False,1
C006672,6,84.68,514.08,1,0,3,Month-to-month,Fibre optic,Post,False,False,False,0
C006673,65,34.31,2252.45,0,1,2,Month-to-month,None,Bank transfer,True,False,False,0
C006674,15,69.69,1004.59,2,0,3,Month-to-month,DSL,Bank transfer,True,False,False,0
C006675,35,83.15,3021.27,1,1,3,One year,DSL,Post,True,False,True,0
C006676,26,42.56,1053.8,1,0,4,Month-to-month,DSL,Electronic cheque,True,True,True,0
C006677,11,42.88,456.02,1,0,3,Two year,Fibre optic,Electronic cheque,False,False,False,0
C006678,45,36.34,1673.25,1,0,3,Month-to-month,DSL,Bank transfer,False,False,False,1
C006679,9,75.4,704.76,2,0,5,Month-to-month,Fibre optic,Electronic cheque,True,False,False,1
C006680,20,93.43,1841.38,0,1,4,Month-to-month,Fibre optic,Electronic cheque,False,True,False,0
C006681,18,39.43,696.53,0,0,5,Month-to-month,DSL,Credit card,False,False,False,1
C006682,20,66.76,1310.12,2,0,2,One year,Fibre optic,Electronic cheque,True,False,False,0
C006683,40,69.97,2704.16,0,3,2,Month-to-month,DSL,Post,True,False,False,0
C006684,15,80.02,1178.96,1,0,3,One year,Fibre optic,Post,False,False,False,1
C006685,18,49.29,862.48,2,0,0,One year,DSL,Bank transfer,True,False,True,1
C006686,18,50.5,883.66,0,3,5,Month-to-month,DSL,Bank transfer,False,False,False,1
C006687,57,86.15,4860.96,1,0,1,Month-to-month,DSL,Electronic cheque,False,False,True,0
C006688,33,90.88,3007.74,2,0,2,Month-to-month,Fibre optic,Electronic cheque,False,False,False,1
C006689,4,60.42,247.08,0,0,1,Month-to-month,DSL,Post,True,False,False,1
C006690,10,104.05,1038.41,0,0,0,One year,Fibre optic,Electronic cheque,True,False,False,1
C006691,16,15.0,239.85,0,2,5,Month-to-month,None,Electronic cheque,True,False,False,0
C006692,39,81.73,3160.74,2,1,4,Month-to-month,Fibre optic,Electronic cheque,True,True,False,1
C006693,42,55.34,2261.1,0,0,0,Month-to-month,DSL,Credit card,True,False,False,0
C006694,15,57.18,854.31,1,1,4,Month-to-month,Fibre optic,Credit card,False,False,False,1
C006695,9,34.92,319.06,2,0,2,Two year,DSL,Electronic cheque,True,True,True,0
C006696,13,15.0,197.73,0,0,3,Two year,None,Electronic cheque,True,False,False,0
C006697,17,63.39,1055.49,1,1,1,One year,Fibre optic,Credit card,True,False,False,0
C006698,12,77.5,926.42,2,1,1,Month-to-month,Fibre optic,Credit card,False,False,False,1
C006699,35,47.15,1689.2,0,0,3,Month-to-month,DSL,Bank transfer,False,True,False,0
C006700,11,71.18,790.45,4,1,2,Month-to-month,Fibre optic,Bank transfer,False,False,False,1
C006701,7,92.39,632.84,0,1,4,Two year,Fibre optic,Bank transfer,True,False,True,0
C006702,13,42.59,532.07,0,0,4,Month-to-month,DSL,Electronic cheque,False,False,False,0
C006703,19,85.44,1501.13,1,0,2,Month-to-month,Fibre optic,Electronic cheque,True,False,True,0
C006704,36,55.57,2079.71,1,1,4,One year,DSL,Post,False,False,False,0
C006705,7,18.82,140.81,1,0,3,One year,None,Bank transfer,False,False,False,0
C006706,19,28.99,563.02,1,2,1,Month-to-month,None,Post,True,False,False,0
C006707,20,46.34,902.9,1,0,0,Month-to-month,DSL,Credit card,True,False,False,0
C006708,22,56.07,1221.82,0,1,1,Two year,DSL,Electronic cheque,False,False,True,0
C006709,11,84.16,908.12,0,2,5,Month-to-month,Fibre optic,Credit card,False,False,True,1
C006710,22,25.2,549.06,1,1,1,Two year,None,Credit card,True,False,True,0
C006711,26,59.16,1552.65,0,0,4,Month-to-month,DSL,Bank transfer,True,True,False,1
C006712,11,83.34,929.26,2,1,2,Two year,DSL,Credit card,True,False,False,0
C006713,18,106.52,1862.44,2,0,5,Two year,Fibre optic,Credit card,True,True,False,0
C006714,13,37.54,492.75,0,0,1,Month-to-month,DSL,Credit card,True,False,False,1
C006715,8,78.56,577.96,3,0,1,Two year,DSL,Post,True,True,False,0
C006716,5,100.35,523.55,2,0,2,Month-to-month,Fibre optic,Post,True,False,False,1
C006717,9,97.67,842.82,3,0,1,Month-to-month,Fibre optic,Bank transfer,True,False,False,1
C006718,10,73.93,740.62,1,0,0,Month-to-month,Fibre optic,Credit card,True,False,False,0
C006719,5,47.03,,2,0,3,One year,DSL,Credit card,True,True,False,0
C006720,21,86.48,1827.78,1,0,2,Month-to-month,Fibre optic,Post,True,False,False,0
C006721,27,52.0,1425.64,1,0,0,Month-to-month,Fibre optic,Electronic cheque,False,False,False,1
C006722,13,94.46,1276.05,0,2,3,Two year,Fibre optic,Post,False,False,False,0
C006723,15,17.64,259.73,0,0,3,Two year,None,Credit card,True,False,False,0
C006724,10,22.72,228.74,0,0,0,Month-to-month,DSL,Electronic cheque,True,False,False,0
C006725,14,59.45,816.42,4,0,3,Month-to-month,Fibre optic,Bank transfer,True,False,False,1
C006726,22,15.0,341.25,1,0,2,Month-to-month,None,Bank transfer,True,False,False,0
C006727,19,48.1,909.77,0,1,0,Month-to-month,DSL,Electronic cheque,False,False,False,0
C006728,14,15.0,209.19,0,1,4,Two year,None,Electronic cheque,True,False,False,0
C006729,10,61.22,608.08,2,1,4,Two year,Fibre optic,Post,False,False,True,1
C006730,26,47.07,1236.2,0,0,1,Month-to-month,DSL,Electronic cheque,False,False,False,0
C006731,11,59.91,657.15,1,1,2,Month-to-month,DSL,Bank transfer,False,True,False,1
C006732,5,56.23,280.33,0,0,5,Month-to-month,DSL,Electronic cheque,False,False,True,1
C006733,17,21.79,366.07,0,1,5,Month-to-month,None,Bank transfer,True,True,False,0
C006734,3,29.94,89.1,0,0,0,Month-to-month,None,Electronic cheque,True,False,True,0
C006735,19,56.43,1075.11,2,1,1,Month-to-month,Fibre optic,Bank transfer,True,False,False,0
C006736,20,40.31,830.55,3,1,4,Month-to-month,DSL,Credit card,False,False,True,1
C006737,9,80.37,730.87,2,1,1,Month-to-month,Fibre optic,Bank transfer,True,False,True,0
C006738,10,93.8,924.35,2,3,2,Two year,Fibre optic,Electronic cheque,False,False,False,1
C006739,28,58.65,1622.43,2,1,2,One year,DSL,Electronic cheque,False,False,True,0
C006740,53,67.02,3720.93,3,0,4,Month-to-month,DSL,Bank transfer,True,False,True,0
C006741,15,81.93,1172.3,0,1,1,Month-to-month,Fibre optic,Bank transfer,True,False,False,0
C006742,9,108.3,935.15,2,0,3,Two year,Fibre optic,Credit card,True,False,False,0
C006743,20,97.58,1907.05,1,2,0,Month-to-month,Fibre optic,Post,True,False,False,1
C006744,14,100.34,1431.45,3,0,1,Two year,Fibre optic,Post,True,False,True,0
C006745,19,66.83,1235.76,0,0,0,Month-to-month,DSL,Credit card,True,True,True,1
C006746,17,55.17,911.93,1,2,5,Two year,DSL,Electronic cheque,True,True,False,0
C006747,17,87.44,1528.95,0,0,5,Month-to-month,Fibre optic,Bank transfer,True,True,False,1
C006748,2,67.17,128.45,1,1,5,Two year,Fibre optic,Bank transfer,False,False,False,1
C006749,10,53.16,542.6,1,0,4,Month-to-month,DSL,Electronic cheque,False,False,False,1
C006750,9,22.49,209.9,1,0,4,Two year,None,Post,False,False,False,0
C006751,9,105.29,968.3,0,0,3,One year,Fibre optic,Bank transfer,True,False,False,0
C006752,23,45.25,1047.43,0,0,2,Month-to-month,DSL,Electronic cheque,False,True,False,0
C006753,5,86.84,443.45,0,1,2,One year,DSL,Bank transfer,False,False,False,0
C006754,2,34.51,74.45,1,0,1,Month-to-month,None,Credit card,False,True,True,0
C006755,9,69.66,627.63,4,0,1,Month-to-month,Fibre optic,Electronic cheque,True,True,True,1
C006756,8,51.15,409.69,0,0,0,Month-to-month,DSL,Electronic cheque,True,False,False,0
C006757,15,97.09,1549.46,0,2,1,One year,Fibre optic,Electronic cheque,True,False,False,0
C006758,8,76.19,599.07,1,0,4,Two year,DSL,Credit card,False,False,False,0
C006759,12,100.02,1191.21,3,1,0,Month-to-month,Fibre optic,Electronic cheque,True,False,False,1
C006760,11,78.93,915.98,0,0,1,One year,Fibre optic,Electronic cheque,True,False,False,0
C006761,34,29.63,1036.38,0,1,0,Two year,None,Bank transfer,True,False,False,0
C006762,8,85.26,656.53,0,0,3,One year,Fibre optic,Bank transfer,False,False,False,0
C006763,22,79.89,1763.82,1,0,3,Month-to-month,Fibre optic,Bank transfer,False,False,False,1
C006764,14,58.98,843.83,2,1,4,Month-to-month,DSL,Credit card,False,False,False,1
C006765,29,36.19,1047.2,1,0,3,Month-to-month,None,Bank transfer,False,True,False,0
C006766,42,60.11,2515.85,1,0,2,Month-to-month,DSL,Electronic cheque,True,True,True,1
C006767,14,46.98,631.88,1,1,5,Month-to-month,DSL,Credit card,False,False,False,1
C006768,3,15.0,45.88,0,0,3,Two year,None,Post,False,False,False,0
C006769,5,18.8,99.92,0,1,0,One year,None,Post,True,True,False,0
C006770,4,77.45,313.58,3,1,1,One year,Fibre optic,Electronic cheque,True,False,False,1
C006771,10,90.04,926.45,1,1,1,Month-to-month,Fibre optic,Post,True,False,True,1
C006772,9,55.76,488.7,1,0,2,Month-to-month,DSL,Post,True,False,False,0
C006773,17,84.48,1390.45,4,0,0,One year,Fibre optic,Electronic cheque,True,False,False,0
C006774,27,45.63,1202.99,0,1,2,Month-to-month,DSL,Credit card,True,True,False,1
C006775,3,68.89,208.55,1,1,1,Two year,DSL,Post,True,False,False,1
C006776,15,96.41,1451.41,1,0,3,Month-to-month,Fibre optic,Credit card,True,True,False,0
C006777,8,17.64,134.28,0,0,4,Month-to-month,None,Credit card,False,True,True,0
C006778,15,17.0,252.35,1,0,3,One year,None,Electronic cheque,True,False,False,0
C006779,10,23.63,236.64,0,1,2,One year,None,Bank transfer,False,False,False,0
C006780,24,99.25,2406.71,2,0,2,Month-to-month,Fibre optic,Bank transfer,True,True,True,1
C006781,6,63.7,383.02,0,1,0,One year,DSL,Electronic cheque,False,True,False,0
C006782,8,65.9,541.18,2,0,0,Month-to-month,DSL,Bank transfer,True,False,True,1
C006783,13,78.97,984.57,1,0,1,Month-to-month,Fibre optic,,True,True,False,1
C006784,11,61.0,707.97,0,1,3,Month-to-month,DSL,Post,False,False,False,1
C006785,13,104.74,1279.31,4,1,4,One year,Fibre optic,Electronic cheque,True,False,False,1
C006786,3,72.67,225.11,0,2,2,One year,Fibre optic,Bank transfer,True,False,False,1
C006787,37,15.0,577.51,2,0,4,Month-to-month,None,Credit card,False,False,False,0
C006788,10,85.75,832.45,1,1,3,One year,Fibre optic,Electronic cheque,True,False,False,0
C006789,6,110.05,698.39,0,0,4,One year,Fibre optic,Bank transfer,False,True,True,1
C006790,13,94.53,1223.79,1,0,1,Month-to-month,Fibre optic,Credit card,True,False,False,1
C006791,15,101.42,1513.64,1,1,3,Month-to-month,Fibre optic,Bank transfer,False,False,False,1
C006792,49,46.57,2343.98,0,0,5,Month-to-month,DSL,Electronic cheque,True,False,False,0
C006793,30,61.86,1863.37,1,0,3,Month-to-month,Fibre optic,Post,False,True,False,0
C006794,11,87.66,950.81,2,0,5,Two year,Fibre optic,Post,True,False,False,0
C006795,43,51.22,2180.61,0,1,5,Two year,DSL,Bank transfer,True,True,False,0
C006796,37,76.58,2851.42,1,1,4,Month-to-month,Fibre optic,Bank transfer,True,False,True,0
C006797,6,21.55,127.02,0,3,2,Month-to-month,None,Electronic cheque,False,False,False,0
C006798,56,49.18,2799.33,0,0,2,Month-to-month,DSL,Bank transfer,False,True,True,0
C006799,10,95.72,942.99,0,0,5,Month-to-month,Fibre optic,Electronic cheque,True,False,True,0
C006800,16,50.77,801.57,2,2,3,Month-to-month,DSL,Electronic cheque,False,False,False,1
C006801,34,82.08,2755.34,0,0,2,Month-to-month,Fibre optic,Credit card,True,True,True,1
C006802,3,22.14,62.48,1,0,3,Month-to-month,None,Credit card,True,False,False,0
C006803,13,52.02,670.58,1,0,2,Month-to-month,DSL,Credit card,True,False,False,0
C006804,18,21.73,396.07,1,0,4,Month-to-month,None,Credit card,False,False,True,0
C006805,29,30.56,930.78,1,0,3,Month-to-month,None,Credit card,True,True,False,0
C006806,14,47.38,693.57,1,1,2,Month-to-month,DSL,Electronic cheque,True,False,False,0
C006807,3,100.76,302.42,2,0,0,Month-to-month,Fibre optic,Post,True,False,False,0
C006808,48,21.88,1049.92,0,0,2,Month-to-month,None,Electronic cheque,True,True,False,0
C006809,15,15.0,220.41,2,0,5,Month-to-month,None,Credit card,True,False,False,0
C006810,19,59.47,1155.87,0,0,4,Two year,Fibre optic,Credit card,False,False,True,0
C006811,4,49.3,189.78,0,0,2,Month-to-month,DSL,Electronic cheque,False,False,False,0
C006812,36,65.55,2297.5,0,0,2,One year,DSL,Electronic cheque,True,False,False,0
C006813,10,53.57,511.55,0,0,0,Month-to-month,DSL,Bank transfer,False,False,False,0
C006814,8,55.68,,2,2,4,Month-to-month,Fibre optic,Electronic cheque,True,False,False,1
C006815,31,77.47,2415.86,1,0,4,Month-to-month,Fibre optic,Bank transfer,False,False,False,0
C006816,4,81.26,313.86,0,1,4,One year,Fibre optic,Post,True,True,False,1
C006817,19,90.85,1676.76,1,1,1,Two year,Fibre optic,Credit card,True,False,True,1
C006818,8,52.11,424.02,0,0,3,Month-to-month,DSL,Bank transfer,True,False,True,0
C006819,20,22.43,,1,0,3,Month-to-month,None,Electronic cheque,True,True,False,0
C006820,24,57.26,1335.35,1,1,2,One year,DSL,Electronic cheque,True,False,False,0
C006821,10,56.83,557.77,1,0,5,Month-to-month,DSL,Electronic cheque,True,False,False,0
C006822,35,15.0,536.01,1,0,4,Month-to-month,None,Credit card,False,False,False,0
C006823,15,91.1,1390.55,0,2,1,Two year,DSL,Electronic cheque,False,False,False,1
C006824,49,65.79,3210.67,0,1,3,Month-to-month,DSL,Electronic cheque,True,False,False,0
C006825,31,27.77,833.42,1,0,0,One year,None,Electronic cheque,True,True,False,1
C006826,16,15.0,230.85,0,0,4,Month-to-month,None,Electronic cheque,True,False,True,0
C006827,16,17.98,272.26,0,0,0,Month-to-month,None,Bank transfer,False,True,True,0
C006828,5,69.62,338.75,1,0,2,Two year,DSL,Credit card,True,False,False,0
C006829,31,59.23,1870.66,1,1,5,Month-to-month,DSL,Electronic cheque,True,True,True,1
C006830,9,51.54,453.02,0,2,1,Month-to-month,DSL,Bank transfer,True,False,True,0
C006831,17,53.28,878.01,0,0,2,Month-to-month,DSL,Post,True,False,True,1
C006832,48,28.49,1329.35,1,1,0,Month-to-month,None,Bank transfer,True,False,True,0
C006833,35,70.27,2426.5,1,1,0,Month-to-month,DSL,Bank transfer,False,False,True,1
C006834,7,84.8,612.19,2,1,3,Month-to-month,Fibre optic,Bank transfer,False,False,True,1
C006835,15,29.3,427.37,1,0,4,Month-to-month,DSL,Credit card,True,False,False,0
C006836,19,80.62,1504.13,0,1,4,Month-to-month,Fibre optic,Post,True,False,False,1
C006837,37,40.55,1446.95,2,0,4,One year,DSL,Electronic cheque,False,False,False,0
C006838,34,65.54,2290.24,0,0,3,Month-to-month,DSL,Bank transfer,False,True,True,0
C006839,22,48.0,1054.57,0,0,5,Two year,DSL,Post,True,False,False,0
C006840,21,28.37,570.63,0,0,4,Month-to-month,None,Electronic cheque,False,False,True,0
C006841,15,94.12,1366.93,2,0,4,Month-to-month,Fibre optic,Electronic cheque,True,False,False,1
C006842,18,92.8,1690.38,0,0,1,Two year,Fibre optic,Bank transfer,True,False,False,0
C006843,12,33.27,412.1,1,0,1,Two year,DSL,Post,True,False,False,0
C006844,26,61.72,1574.34,3,0,5,Month-to-month,Fibre optic,Electronic cheque,True,False,True,1
C006845,21,107.14,2294.58,3,0,1,Month-to-month,Fibre optic,Bank transfer,True,False,False,1
C006846,30,116.47,,2,0,0,Two year,Fibre optic,Electronic cheque,False,False,False,1
C006847,30,89.22,2827.61,2,2,2,Month-to-month,Fibre optic,Bank transfer,False,False,False,0
C006848,9,15.12,132.03,0,2,0,Month-to-month,None,Bank transfer,True,False,True,0
C006849,1,22.7,23.92,0,0,1,Month-to-month,None,Bank transfer,False,True,False,1
C006850,8,18.13,148.42,0,0,4,Two year,None,Credit card,True,False,True,0
C006851,18,81.21,1421.87,2,0,2,One year,Fibre optic,Electronic cheque,False,True,False,0
C006852,12,82.08,1004.56,0,1,1,Month-to-month,DSL,Electronic cheque,True,False,False,1
C006853,12,36.82,431.63,3,1,1,Two year,DSL,Electronic cheque,True,False,False,1
C006854,8,65.01,,2,1,1,Month-to-month,DSL,Bank transfer,True,False,False,1
C006855,20,56.0,1139.79,1,0,3,One year,DSL,Bank transfer,True,False,False,0
C006856,3,87.06,256.28,3,0,2,Month-to-month,Fibre optic,Credit card,True,False,False,1
C006857,22,96.47,2238.22,2,0,3,One year,Fibre optic,Post,True,False,False,1
C006858,22,106.48,2341.57,3,0,0,Month-to-month,Fibre optic,Electronic cheque,True,False,False,1
C006859,30,57.06,1714.28,1,0,3,Month-to-month,Fibre optic,Bank transfer,True,False,False,0
C006860,72,23.87,1760.43,2,0,3,Month-to-month,None,Bank transfer,False,False,False,0
C006861,1,72.23,73.83,0,1,5,Two year,DSL,Bank transfer,True,False,False,0
C006862,22,43.78,988.96,0,1,2,Month-to-month,DSL,Bank transfer,True,False,True,0
C006863,25,72.13,1841.77,0,0,1,Month-to-month,Fibre optic,Electronic cheque,True,False,False,1
C006864,8,44.66,380.37,1,2,1,Month-to-month,Fibre optic,Bank transfer,False,False,True,1
C006865,13,86.83,1137.15,1,0,2,One year,Fibre optic,Bank transfer,False,False,False,0
C006866,10,31.11,312.95,0,0,4,One year,None,Electronic cheque,False,False,False,0
C006867,23,64.12,1534.03,1,1,0,Month-to-month,DSL,Bank transfer,True,False,False,1
C006868,32,66.33,2123.14,1,0,4,Month-to-month,Fibre optic,Credit card,False,False,True,1
C006869,5,22.74,109.74,1,1,2,One year,None,Post,True,False,False,1
C006870,20,88.99,1753.48,2,2,4,Month-to-month,Fibre optic,Electronic cheque,True,True,True,0
C006871,37,85.94,3133.14,3,2,3,Month-to-month,Fibre optic,Post,False,False,False,0
C006872,9,39.32,371.9,0,0,5,Month-to-month,DSL,Bank transfer,True,False,True,0
C006873,7,63.3,432.86,1,0,5,Month-to-month,DSL,Post,True,False,False,0
C006874,6,53.79,311.2,3,0,1,Two year,DSL,Electronic cheque,False,False,False,0
C006875,7,51.31,368.53,3,0,3,One year,Fibre optic,Bank transfer,True,False,True,0
C006876,48,97.26,4955.72,0,0,1,Month-to-month,Fibre optic,Credit card,True,True,False,0
C006877,55,21.69,1141.92,0,1,4,Two year,None,Bank transfer,True,False,False,0
C006878,40,95.65,4067.36,0,0,4,Month-to-month,Fibre optic,Credit card,True,False,False,1
C006879,12,54.51,635.42,2,0,1,Two year,DSL,Bank transfer,False,False,False,0
C006880,41,15.0,581.3,2,0,1,Month-to-month,None,Credit card,True,False,True,0
C006881,6,46.31,265.43,3,1,0,Two year,DSL,Bank transfer,True,False,True,0
C006882,26,116.57,3036.37,1,0,5,Two year,Fibre optic,Credit card,True,False,False,0
C006883,9,56.4,501.11,2,1,0,Two year,DSL,Credit card,False,False,False,0
C006884,5,91.93,458.41,1,0,1,Month-to-month,Fibre optic,Post,False,True,False,1
C006885,20,22.18,436.27,0,1,4,Two year,None,Bank transfer,True,False,False,0
C006886,20,74.87,1437.95,2,0,0,One year,DSL,Post,False,False,False,0
C006887,22,59.39,1332.86,0,1,3,Month-to-month,Fibre optic,Electronic cheque,False,False,False,0
C006888,23,70.26,1589.63,1,0,2,Month-to-month,Fibre optic,Electronic cheque,False,False,False,1
C006889,19,49.37,969.7,1,0,4,One year,DSL,Credit card,False,False,False,0
C006890,14,47.1,672.79,1,0,0,Two year,DSL,Credit card,False,False,False,0
C006891,16,42.83,677.84,1,1,5,One year,Fibre optic,Post,True,False,True,0
C006892,27,45.59,1211.36,0,0,3,Month-to-month,DSL,Post,False,False,False,0
C006893,19,43.43,772.23,0,0,1,One year,DSL,Electronic cheque,True,False,False,0
C006894,10,98.82,1012.82,2,1,4,Month-to-month,Fibre optic,Post,True,False,True,1
C006895,8,63.94,514.26,3,1,1,Month-to-month,Fibre optic,Electronic cheque,True,False,True,1
C006896,16,31.15,505.45,0,1,2,One year,DSL,Electronic cheque,False,False,False,0
C006897,37,15.0,539.65,0,1,5,One year,None,Credit card,False,False,False,0
C006898,24,15.0,360.06,0,1,1,One year,None,Credit card,True,False,False,0
C006899,38,20.57,752.38,0,1,4,Month-to-month,None,Credit card,False,False,True,0
C006900,12,90.24,1049.1,0,0,4,Month-to-month,Fibre optic,Electronic cheque,False,False,False,1
C006901,18,66.69,,0,1,5,One year,DSL,Credit card,True,False,False,0
C006902,20,35.54,703.13,0,2,3,Month-to-month,DSL,Electronic cheque,False,False,False,1
C006903,28,20.0,557.43,0,0,0,Two year,None,Credit card,False,False,True,0
C006904,12,16.66,190.99,0,0,2,Two year,None,Bank transfer,False,False,False,0
C006905,24,118.16,2752.31,0,0,4,Two year,Fibre optic,Post,True,False,True,0
C006906,35,130.0,4393.06,0,1,2,Two year,Fibre optic,Credit card,True,False,True,0
C006907,14,93.34,1294.57,2,0,3,Month-to-month,Fibre optic,Credit card,True,False,True,0
C006908,7,83.01,569.88,1,0,5,Month-to-month,Fibre optic,Electronic cheque,False,False,True,1
C006909,36,49.39,1759.29,0,0,5,Two year,DSL,Bank transfer,True,False,False,0
C006910,25,80.82,2052.23,0,0,0,Month-to-month,Fibre optic,Bank transfer,False,False,True,0
C006911,4,56.43,235.39,1,1,3,Two year,Fibre optic,Bank transfer,False,False,False,1
C006912,15,84.16,1279.68,1,0,3,Month-to-month,Fibre optic,Post,True,True,False,0
C006913,50,104.48,5058.87,1,0,1,Two year,Fibre optic,Electronic cheque,False,False,False,0
C006914,22,58.63,1238.79,1,1,2,Month-to-month,Fibre optic,Post,True,False,False,0
C006915,16,38.6,,0,0,5,Two year,DSL,Electronic cheque,False,True,True,0
C006916,7,58.36,410.29,0,1,1,Month-to-month,DSL,Electronic cheque,True,False,False,1
C006917,6,58.66,362.54,3,2,3,One year,DSL,Bank transfer,True,False,True,0
C006918,26,38.15,1020.33,1,0,1,Two year,DSL,Electronic cheque,True,False,False,0
C006919,7,58.12,432.11,1,0,4,Month-to-month,DSL,Electronic cheque,False,True,False,1
C006920,20,86.64,1726.96,0,0,2,Month-to-month,Fibre optic,Post,True,False,True,0
C006921,14,85.1,1172.02,1,1,5,Month-to-month,Fibre optic,Post,True,False,True,0
C006922,19,79.58,1509.09,1,0,0,One year,Fibre optic,Electronic cheque,True,False,True,0
C006923,13,84.14,1033.85,1,0,5,One year,Fibre optic,Post,True,False,False,0
C006924,22,76.63,1684.9,0,0,2,One year,Fibre optic,Post,False,True,True,0
C006925,30,65.75,1950.79,0,0,5,Month-to-month,DSL,Credit card,True,False,False,0
C006926,14,98.49,1328.74,0,0,5,Month-to-month,Fibre optic,Bank transfer,True,False,True,0
C006927,28,84.38,2453.42,0,0,1,Two year,DSL,Credit card,False,False,False,0
C006928,39,45.53,1735.9,1,1,4,One year,DSL,Bank transfer,False,False,True,0
C006929,19,89.62,1677.29,1,0,0,Month-to-month,Fibre optic,Post,True,True,False,0
C006930,26,22.63,560.85,3,0,1,Month-to-month,None,Credit card,True,False,False,1
C006931,5,47.01,236.1,0,0,3,Month-to-month,DSL,Bank transfer,True,False,False,0
C006932,14,80.5,1192.74,1,0,0,Two year,Fibre optic,Credit card,False,False,False,0
C006933,4,64.39,259.11,0,2,5,One year,DSL,Electronic cheque,True,False,False,0
C006934,10,52.23,539.38,2,0,2,One year,DSL,Credit card,True,False,True,0
C006935,14,15.0,205.81,0,1,1,One year,None,Credit card,True,False,True,0
C006936,53,81.54,4406.62,0,0,1,Two year,Fibre optic,,True,False,True,0
C006937,8,100.79,787.92,0,0,1,Month-to-month,Fibre optic,Credit card,True,False,False,1
C006938,15,30.8,447.26,0,0,0,Month-to-month,None,Credit card,True,False,False,1
C006939,7,65.24,462.5,0,0,1,Month-to-month,Fibre optic,Electronic cheque,True,False,False,1
C006940,13,47.22,639.68,0,0,1,Two year,DSL,Post,True,False,False,0
C006941,22,79.68,1707.09,1,1,5,One year,Fibre optic,Bank transfer,True,False,False,0
C006942,24,100.4,2432.06,4,1,5,Month-to-month,Fibre optic,Post,False,False,False,1
C006943,12,85.6,966.33,2,0,2,Two year,Fibre optic,Credit card,False,False,False,0
C006944,9,118.8,1034.27,1,2,5,Month-to-month,Fibre optic,Post,False,False,True,1
C006945,42,98.6,4464.0,1,2,5,Month-to-month,Fibre optic,Electronic cheque,True,False,True,0
C006946,11,82.79,897.59,0,0,1,One year,DSL,Post,False,False,False,1
C006947,2,99.4,195.04,1,0,5,Two year,Fibre optic,Bank transfer,True,False,False,0
C006948,35,52.94,1887.6,2,0,1,Month-to-month,DSL,Bank transfer,True,False,False,1
C006949,2,48.22,93.34,0,0,5,Month-to-month,DSL,Bank transfer,True,True,False,0
C006950,35,91.5,3261.3,1,0,5,Two year,Fibre optic,Bank transfer,False,False,False,0
C006951,4,119.95,488.77,1,1,3,One year,Fibre optic,Electronic cheque,True,True,False,1
C006952,5,20.31,100.5,0,2,4,One year,None,Electronic cheque,True,False,False,0
C006953,6,93.44,,3,1,5,Month-to-month,Fibre optic,Electronic cheque,True,False,False,1
C006954,10,57.37,546.3,1,0,4,Month-to-month,Fibre optic,,False,False,False,0
C006955,36,44.57,1586.46,0,1,0,Month-to-month,DSL,Bank transfer,False,False,False,0
C006956,6,86.43,539.11,1,1,3,Month-to-month,Fibre optic,Credit card,False,False,False,1
C006957,22,56.63,1280.71,0,0,0,Two year,DSL,Credit card,False,False,True,0
C006958,18,88.78,1575.67,0,0,2,One year,Fibre optic,Electronic cheque,True,False,False,1
C006959,16,109.72,1719.78,3,2,4,Two year,Fibre optic,Bank transfer,False,False,False,0
C006960,31,43.43,1355.6,0,1,0,Month-to-month,DSL,Credit card,True,False,True,0
C006961,17,15.0,239.84,1,1,0,Month-to-month,None,Electronic cheque,True,False,True,0
C006962,18,104.7,1885.49,1,0,5,One year,Fibre optic,,True,False,False,1
C006963,26,79.37,2080.81,1,0,2,Month-to-month,Fibre optic,Post,True,False,False,0
C006964,11,76.27,819.64,1,1,5,Month-to-month,Fibre optic,Post,True,False,True,1
C006965,15,63.32,949.48,2,1,3,Month-to-month,Fibre optic,Post,True,False,False,1
C006966,19,108.62,2063.88,3,0,2,Month-to-month,Fibre optic,Electronic cheque,False,False,False,1
C006967,29,50.21,1390.84,1,0,0,Month-to-month,DSL,Electronic cheque,True,False,False,0
C006968,14,19.01,265.59,0,0,1,Month-to-month,None,Bank transfer,True,False,False,0
C006969,15,94.76,1360.99,3,0,5,Two year,Fibre optic,Electronic cheque,False,False,False,1
C006970,21,77.19,1588.75,0,0,2,Month-to-month,Fibre optic,Bank transfer,True,False,False,1
C006971,14,79.62,1097.3,3,0,1,One year,Fibre optic,Electronic cheque,True,False,False,1
C006972,8,52.84,441.92,0,2,5,One year,DSL,Bank transfer,True,False,True,1
C006973,26,78.94,2105.22,1,1,4,Month-to-month,Fibre optic,Electronic cheque,True,False,False,0
C006974,17,130.0,2311.48,0,0,2,Month-to-month,Fibre optic,Electronic cheque,True,True,True,1
C006975,11,18.72,202.18,1,3,2,Month-to-month,None,Bank transfer,False,False,True,1
C006976,6,41.58,247.32,2,1,5,Month-to-month,DSL,Bank transfer,True,False,False,1
C006977,2,89.34,180.09,2,0,0,Month-to-month,Fibre optic,Credit card,True,True,False,1
C006978,22,20.76,458.04,1,0,3,Two year,None,Post,True,True,False,1
C006979,8,22.44,185.53,2,0,3,Month-to-month,None,Bank transfer,True,True,False,0
C006980,4,99.69,406.83,2,0,3,Month-to-month,Fibre optic,Credit card,False,False,False,1
C006981,7,95.05,683.65,1,1,0,Two year,Fibre optic,Credit card,True,False,False,1
C006982,19,87.31,1644.7,0,1,4,One year,Fibre optic,Electronic cheque,True,False,False,1
C006983,8,55.59,454.87,1,0,0,One year,DSL,Electronic cheque,True,False,False,0
C006984,20,77.44,1526.21,2,3,5,Month-to-month,Fibre optic,Post,True,False,False,0
C006985,10,86.05,922.29,1,0,1,Two year,Fibre optic,Credit card,True,True,False,0
C006986,15,51.54,765.91,0,0,4,One year,DSL,Credit card,True,False,False,0
C006987,16,69.45,1115.99,2,1,4,One year,Fibre optic,Credit card,True,False,True,1
C006988,25,65.26,1669.15,1,0,5,One year,DSL,Electronic cheque,True,False,False,1
C006989,25,93.22,2498.54,0,0,2,Month-to-month,Fibre optic,Post,False,False,False,0
C006990,16,98.17,1621.4,0,1,2,Two year,Fibre optic,Credit card,True,False,False,1
C006991,7,17.15,,0,0,4,Two year,None,Electronic cheque,True,False,True,0
C006992,34,60.2,2112.5,0,2,0,One year,DSL,Electronic cheque,False,False,False,0
C006993,11,72.8,762.57,0,2,3,Month-to-month,DSL,Electronic cheque,True,False,False,1
C006994,1,84.99,83.66,0,0,0,One year,Fibre optic,Electronic cheque,True,False,False,1
C006995,19,98.28,1824.13,2,0,0,Month-to-month,Fibre optic,Credit card,True,False,False,1
C006996,19,31.73,595.25,0,1,1,One year,DSL,Electronic cheque,False,False,False,0
C006997,11,78.95,888.67,1,1,3,Month-to-month,Fibre optic,Bank transfer,False,False,False,1
C006998,4,18.17,75.08,0,0,4,Two year,None,Post,True,False,False,0
C006999,3,72.1,224.43,4,1,0,Two year,Fibre optic,Bank transfer,False,True,False,1
C007000,12,46.21,546.11,1,0,1,Month-to-month,DSL,Bank transfer,True,True,False,0
